<?xml version="1.0" encoding="UTF-8" ?>
<!-- This is a WordPress eXtended RSS file generated by WordPress as an export of your site. -->
<!-- It contains information about your site's posts, pages, comments, categories, and other content. -->
<!-- You may use this file to transfer that content from one site to another. -->
<!-- This file is not intended to serve as a complete backup of your site. -->

<!-- To import this information into a WordPress site follow these steps: -->
<!-- 1. Log in to that site as an administrator. -->
<!-- 2. Go to Tools: Import in the WordPress admin panel. -->
<!-- 3. Install the "WordPress" importer from the list. -->
<!-- 4. Activate & Run Importer. -->
<!-- 5. Upload this file using the form provided on that page. -->
<!-- 6. You will first be asked to map the authors in this export file to users -->
<!--    on the site. For each author, you may choose to map to an -->
<!--    existing user on the site or to create a new user. -->
<!-- 7. WordPress will then import each of the posts, pages, comments, categories, etc. -->
<!--    contained in this file into your site. -->

<!-- generator="WordPress/5.6" created="2021-02-03 09:13" -->
<rss version="2.0"
	xmlns:excerpt="http://wordpress.org/export/1.2/excerpt/"
	xmlns:content="http://purl.org/rss/1.0/modules/content/"
	xmlns:wfw="http://wellformedweb.org/CommentAPI/"
	xmlns:dc="http://purl.org/dc/elements/1.1/"
	xmlns:wp="http://wordpress.org/export/1.2/"
>

<channel>
	<title>Kodo</title>
	<link>http://kodo.wp1.zootemplate.com</link>
	<description>Just another WordPress site</description>
	<pubDate>Wed, 03 Feb 2021 09:13:45 +0000</pubDate>
	<language>en-US</language>
	<wp:wxr_version>1.2</wp:wxr_version>
	<wp:base_site_url>http://kodo.wp1.zootemplate.com</wp:base_site_url>
	<wp:base_blog_url>http://kodo.wp1.zootemplate.com</wp:base_blog_url>

	<wp:author><wp:author_id>2</wp:author_id><wp:author_login><![CDATA[clever]]></wp:author_login><wp:author_email><![CDATA[clever@gmail.com]]></wp:author_email><wp:author_display_name><![CDATA[clever]]></wp:author_display_name><wp:author_first_name><![CDATA[Nguyen]]></wp:author_first_name><wp:author_last_name><![CDATA[Toan]]></wp:author_last_name></wp:author>


	<generator>https://wordpress.org/?v=5.6</generator>

	<item>
		<title>Home 1</title>
		<link>http://kodo.wp1.zootemplate.com/home-1/</link>
		<pubDate>Fri, 28 Jul 2017 08:03:20 +0000</pubDate>
		<dc:creator><![CDATA[clever]]></dc:creator>
		<guid isPermaLink="false">http://wp.rivertheme.com/zoo-kodo/?page_id=1882</guid>
		<description></description>
		<content:encoded><![CDATA[The Blockbusters We shine a spotlight on ss18/s runway hits, from gucci to <br>Maison margiela and valentino.SHOP THE SALENew Collection Fall 2017 We shine a spotlight on ss18/s runway hits, from gucci to <br>Maison margiela and valentino.SHOP THE SALE    
        <a href="http://kodo.wp1.zootemplate.com/product-category/accessories/" title="Accessories">
                    <img src="http://kodo.wp1.zootemplate.com/wp-content/uploads/2017/07/kodo-image-1.jpg" alt="Accessories"/>
					<h3>Accessories</h3>                
        </a>
        <a href="http://kodo.wp1.zootemplate.com/product-category/men-t-shirt/" title="Shop T-Shirts">
                    <img src="http://kodo.wp1.zootemplate.com/wp-content/uploads/2017/07/kodo-image-2.jpg" alt="Shop T-Shirts"/>
					<h3>Shop T-Shirts</h3>                
        </a>
        <a href="http://kodo.wp1.zootemplate.com/product-category/necklake/pants/" title="Shop Pants">
                    <img src="http://kodo.wp1.zootemplate.com/wp-content/uploads/2017/07/kodo-image-3.jpg" alt="Shop Pants"/>
					<h3>Shop Pants</h3>                
        </a>
        <a href="http://kodo.wp1.zootemplate.com/product-category/men-t-shirt/" title="T-Shirt Man">
                    <img src="http://kodo.wp1.zootemplate.com/wp-content/uploads/2017/07/kodo-image-4.jpg" alt="T-Shirt Man"/>
					<h3>T-Shirt Man</h3>                
        </a>
        <a href="http://kodo.wp1.zootemplate.com/product-category/necklake/" title="Special Prices">
                    <img src="http://kodo.wp1.zootemplate.com/wp-content/uploads/2017/07/kodo-image-5.jpg" alt="Special Prices"/>
					<h3>Special Prices</h3>                
        </a>
			<h2>Shop The New Collection</h2>		
    <ul>
        <li>
	Sale!
	            <a href="http://kodo.wp1.zootemplate.com/product/t-shirt-frilled-sleeves/" title="T-shirt Frilled Sleeves"
              >
                <img width="300" height="300" src="http://kodo.wp1.zootemplate.com/wp-content/uploads/2017/07/product-kodo-1-300x300.jpg" alt="" loading="lazy" srcset="http://kodo.wp1.zootemplate.com/wp-content/uploads/2017/07/product-kodo-1-300x300.jpg 300w, http://kodo.wp1.zootemplate.com/wp-content/uploads/2017/07/product-kodo-1-120x120.jpg 120w, http://kodo.wp1.zootemplate.com/wp-content/uploads/2017/07/product-kodo-1-150x150.jpg 150w, http://kodo.wp1.zootemplate.com/wp-content/uploads/2017/07/product-kodo-1-450x450.jpg 450w, http://kodo.wp1.zootemplate.com/wp-content/uploads/2017/07/product-kodo-1-30x30.jpg 30w" sizes="(max-width: 300px) 100vw, 300px" /><img width="300" height="300" src="http://kodo.wp1.zootemplate.com/wp-content/uploads/2017/07/product-kodo-3-300x300.jpg" alt="" loading="lazy" srcset="http://kodo.wp1.zootemplate.com/wp-content/uploads/2017/07/product-kodo-3-300x300.jpg 300w, http://kodo.wp1.zootemplate.com/wp-content/uploads/2017/07/product-kodo-3-120x120.jpg 120w, http://kodo.wp1.zootemplate.com/wp-content/uploads/2017/07/product-kodo-3-150x150.jpg 150w, http://kodo.wp1.zootemplate.com/wp-content/uploads/2017/07/product-kodo-3-450x450.jpg 450w, http://kodo.wp1.zootemplate.com/wp-content/uploads/2017/07/product-kodo-3-30x30.jpg 30w" sizes="(max-width: 300px) 100vw, 300px" />            </a>
                    Out of Stock
            <a href="#" title="Quick view" data-productID="99"> Quick view</a><a href="http://kodo.wp1.zootemplate.com/product/t-shirt-frilled-sleeves/" data-quantity="1" title="Select options" data-product_id="99" data-product_sku="" aria-label="Select options for &ldquo;T-shirt Frilled Sleeves&rdquo;" rel="nofollow">Select options</a><a href="#" rel="nofollow" data-id="99" title="Add to wishlist" data-label-added="Product Added"> Add to wishlist</a><h3><a href="http://kodo.wp1.zootemplate.com/product/t-shirt-frilled-sleeves/" title="T-shirt Frilled Sleeves">T-shirt Frilled Sleeves</a></h3>
	<bdi>&pound;120.00</bdi> &ndash; <bdi>&pound;160.00</bdi>
                                <input type="hidden" name="attribute_pa_color"
                                       data-attribute_name="attribute_pa_color"
                                       value="black">
                                <input type="hidden" name="attribute_pa_color"
                                       data-attribute_name="attribute_pa_color"
                                       value="orange">
                                <input type="hidden" name="attribute_pa_color"
                                       data-attribute_name="attribute_pa_color"
                                       value="white">
                                <input type="hidden" name="attribute_pa_color"
                                       data-attribute_name="attribute_pa_color"
                                       value="yellow">
</li>
<li>
	Sale!
	            <a href="http://kodo.wp1.zootemplate.com/product/lose-ovearsized-shirt/" title="Lose Ovearsized Shirt"
              >
                <img width="300" height="300" src="http://kodo.wp1.zootemplate.com/wp-content/uploads/2017/07/product-kodo-2-300x300.jpg" alt="" loading="lazy" srcset="http://kodo.wp1.zootemplate.com/wp-content/uploads/2017/07/product-kodo-2-300x300.jpg 300w, http://kodo.wp1.zootemplate.com/wp-content/uploads/2017/07/product-kodo-2-120x120.jpg 120w, http://kodo.wp1.zootemplate.com/wp-content/uploads/2017/07/product-kodo-2-150x150.jpg 150w, http://kodo.wp1.zootemplate.com/wp-content/uploads/2017/07/product-kodo-2-450x450.jpg 450w, http://kodo.wp1.zootemplate.com/wp-content/uploads/2017/07/product-kodo-2-30x30.jpg 30w" sizes="(max-width: 300px) 100vw, 300px" /><img width="300" height="300" src="http://kodo.wp1.zootemplate.com/wp-content/uploads/2017/07/product-kodo-13-300x300.jpg" alt="" loading="lazy" srcset="http://kodo.wp1.zootemplate.com/wp-content/uploads/2017/07/product-kodo-13-300x300.jpg 300w, http://kodo.wp1.zootemplate.com/wp-content/uploads/2017/07/product-kodo-13-120x120.jpg 120w, http://kodo.wp1.zootemplate.com/wp-content/uploads/2017/07/product-kodo-13-150x150.jpg 150w, http://kodo.wp1.zootemplate.com/wp-content/uploads/2017/07/product-kodo-13-450x450.jpg 450w, http://kodo.wp1.zootemplate.com/wp-content/uploads/2017/07/product-kodo-13-30x30.jpg 30w" sizes="(max-width: 300px) 100vw, 300px" />            </a>
        <a href="#" title="Quick view" data-productID="96"> Quick view</a><a href="?add-to-cart=96" data-quantity="1" title="Add to cart" data-product_id="96" data-product_sku="" aria-label="Add &ldquo;Lose Ovearsized Shirt&rdquo; to your cart" rel="nofollow">Add to cart</a><a href="#" rel="nofollow" data-id="96" title="Add to wishlist" data-label-added="Product Added"> Add to wishlist</a><h3><a href="http://kodo.wp1.zootemplate.com/product/lose-ovearsized-shirt/" title="Lose Ovearsized Shirt">Lose Ovearsized Shirt</a></h3>
	<del><bdi>&pound;124.00</bdi></del> <ins><bdi>&pound;119.00</bdi></ins>
</li>
<li>
	            <a href="http://kodo.wp1.zootemplate.com/product/cotton-jersey-top/" title="Cotton-Jersey Top"
              >
                <img width="300" height="300" src="http://kodo.wp1.zootemplate.com/wp-content/uploads/2017/07/product-kodo-3-300x300.jpg" alt="" loading="lazy" srcset="http://kodo.wp1.zootemplate.com/wp-content/uploads/2017/07/product-kodo-3-300x300.jpg 300w, http://kodo.wp1.zootemplate.com/wp-content/uploads/2017/07/product-kodo-3-120x120.jpg 120w, http://kodo.wp1.zootemplate.com/wp-content/uploads/2017/07/product-kodo-3-150x150.jpg 150w, http://kodo.wp1.zootemplate.com/wp-content/uploads/2017/07/product-kodo-3-450x450.jpg 450w, http://kodo.wp1.zootemplate.com/wp-content/uploads/2017/07/product-kodo-3-30x30.jpg 30w" sizes="(max-width: 300px) 100vw, 300px" /><img width="300" height="300" src="http://kodo.wp1.zootemplate.com/wp-content/uploads/2017/07/product-kodo-8-300x300.jpg" alt="" loading="lazy" srcset="http://kodo.wp1.zootemplate.com/wp-content/uploads/2017/07/product-kodo-8-300x300.jpg 300w, http://kodo.wp1.zootemplate.com/wp-content/uploads/2017/07/product-kodo-8-120x120.jpg 120w, http://kodo.wp1.zootemplate.com/wp-content/uploads/2017/07/product-kodo-8-150x150.jpg 150w, http://kodo.wp1.zootemplate.com/wp-content/uploads/2017/07/product-kodo-8-450x450.jpg 450w, http://kodo.wp1.zootemplate.com/wp-content/uploads/2017/07/product-kodo-8-30x30.jpg 30w" sizes="(max-width: 300px) 100vw, 300px" />            </a>
        <a href="#" title="Quick view" data-productID="93"> Quick view</a><a href="http://kodo.wp1.zootemplate.com/product/cotton-jersey-top/" data-quantity="1" title="Select options" data-product_id="93" data-product_sku="SKU 001" aria-label="Select options for &ldquo;Cotton-Jersey Top&rdquo;" rel="nofollow">Select options</a><a href="#" rel="nofollow" data-id="93" title="Add to wishlist" data-label-added="Product Added"> Add to wishlist</a><h3><a href="http://kodo.wp1.zootemplate.com/product/cotton-jersey-top/" title="Cotton-Jersey Top">Cotton-Jersey Top</a></h3>
	<bdi>&pound;260.00</bdi> &ndash; <bdi>&pound;350.00</bdi>
                                                L                                            
                                <input type="hidden" name="attribute_pa_size"
                                       data-attribute_name="attribute_pa_size"
                                       value="l">
                                                S                                            
                                <input type="hidden" name="attribute_pa_size"
                                       data-attribute_name="attribute_pa_size"
                                       value="s">
                                                XL                                            
                                <input type="hidden" name="attribute_pa_size"
                                       data-attribute_name="attribute_pa_size"
                                       value="xl">
            </li>
<li>
	            <a href="http://kodo.wp1.zootemplate.com/product/cotton-bermuda-shorts/" title="Cotton Bermuda Shorts"
              >
                <img width="300" height="300" src="http://kodo.wp1.zootemplate.com/wp-content/uploads/2017/07/product-kodo-4-300x300.jpg" alt="" loading="lazy" srcset="http://kodo.wp1.zootemplate.com/wp-content/uploads/2017/07/product-kodo-4-300x300.jpg 300w, http://kodo.wp1.zootemplate.com/wp-content/uploads/2017/07/product-kodo-4-120x120.jpg 120w, http://kodo.wp1.zootemplate.com/wp-content/uploads/2017/07/product-kodo-4-150x150.jpg 150w, http://kodo.wp1.zootemplate.com/wp-content/uploads/2017/07/product-kodo-4-450x450.jpg 450w, http://kodo.wp1.zootemplate.com/wp-content/uploads/2017/07/product-kodo-4-30x30.jpg 30w" sizes="(max-width: 300px) 100vw, 300px" /><img width="300" height="300" src="http://kodo.wp1.zootemplate.com/wp-content/uploads/2017/07/product-kodo-11-300x300.jpg" alt="" loading="lazy" srcset="http://kodo.wp1.zootemplate.com/wp-content/uploads/2017/07/product-kodo-11-300x300.jpg 300w, http://kodo.wp1.zootemplate.com/wp-content/uploads/2017/07/product-kodo-11-120x120.jpg 120w, http://kodo.wp1.zootemplate.com/wp-content/uploads/2017/07/product-kodo-11-150x150.jpg 150w, http://kodo.wp1.zootemplate.com/wp-content/uploads/2017/07/product-kodo-11-450x450.jpg 450w, http://kodo.wp1.zootemplate.com/wp-content/uploads/2017/07/product-kodo-11-30x30.jpg 30w" sizes="(max-width: 300px) 100vw, 300px" />            </a>
        <a href="#" title="Quick view" data-productID="90"> Quick view</a><a href="?add-to-cart=90" data-quantity="1" title="Add to cart" data-product_id="90" data-product_sku="" aria-label="Add &ldquo;Cotton Bermuda Shorts&rdquo; to your cart" rel="nofollow">Add to cart</a><a href="#" rel="nofollow" data-id="90" title="Add to wishlist" data-label-added="Product Added"> Add to wishlist</a><h3><a href="http://kodo.wp1.zootemplate.com/product/cotton-bermuda-shorts/" title="Cotton Bermuda Shorts">Cotton Bermuda Shorts</a></h3>
	<bdi>&pound;99.00</bdi>
</li>
<li>
	            <a href="http://kodo.wp1.zootemplate.com/product/combined-lace-skirt/" title="Combined Lace Skirt"
              >
                <img width="300" height="300" src="http://kodo.wp1.zootemplate.com/wp-content/uploads/2017/07/product-kodo-5-300x300.jpg" alt="" loading="lazy" srcset="http://kodo.wp1.zootemplate.com/wp-content/uploads/2017/07/product-kodo-5-300x300.jpg 300w, http://kodo.wp1.zootemplate.com/wp-content/uploads/2017/07/product-kodo-5-120x120.jpg 120w, http://kodo.wp1.zootemplate.com/wp-content/uploads/2017/07/product-kodo-5-150x150.jpg 150w, http://kodo.wp1.zootemplate.com/wp-content/uploads/2017/07/product-kodo-5-450x450.jpg 450w, http://kodo.wp1.zootemplate.com/wp-content/uploads/2017/07/product-kodo-5-30x30.jpg 30w" sizes="(max-width: 300px) 100vw, 300px" /><img width="300" height="300" src="http://kodo.wp1.zootemplate.com/wp-content/uploads/2017/07/product-kodo-10-300x300.jpg" alt="" loading="lazy" srcset="http://kodo.wp1.zootemplate.com/wp-content/uploads/2017/07/product-kodo-10-300x300.jpg 300w, http://kodo.wp1.zootemplate.com/wp-content/uploads/2017/07/product-kodo-10-120x120.jpg 120w, http://kodo.wp1.zootemplate.com/wp-content/uploads/2017/07/product-kodo-10-150x150.jpg 150w, http://kodo.wp1.zootemplate.com/wp-content/uploads/2017/07/product-kodo-10-450x450.jpg 450w, http://kodo.wp1.zootemplate.com/wp-content/uploads/2017/07/product-kodo-10-30x30.jpg 30w" sizes="(max-width: 300px) 100vw, 300px" />            </a>
                    Out of Stock
            <a href="#" title="Quick view" data-productID="87"> Quick view</a><a href="http://kodo.wp1.zootemplate.com/product/combined-lace-skirt/" data-quantity="1" title="Select options" data-product_id="87" data-product_sku="" aria-label="Select options for &ldquo;Combined Lace Skirt&rdquo;" rel="nofollow">Select options</a><a href="#" rel="nofollow" data-id="87" title="Add to wishlist" data-label-added="Product Added"> Add to wishlist</a><h3><a href="http://kodo.wp1.zootemplate.com/product/combined-lace-skirt/" title="Combined Lace Skirt">Combined Lace Skirt</a></h3>
	<bdi>&pound;145.00</bdi> &ndash; <bdi>&pound;160.00</bdi>
                                                                            <img src="http://kodo.wp1.zootemplate.com/wp-content/uploads/2013/06/black.png"
                                             title="Black"
                                             alt="Black"/>
                                <input type="hidden" name="attribute_pa_image"
                                       data-attribute_name="attribute_pa_image"
                                       value="dress">
                                                                            <img src="http://kodo.wp1.zootemplate.com/wp-content/uploads/2013/06/orange.png"
                                             title="Orange"
                                             alt="Orange"/>
                                <input type="hidden" name="attribute_pa_image"
                                       data-attribute_name="attribute_pa_image"
                                       value="orange-dress">
                                                                            <img src="http://kodo.wp1.zootemplate.com/wp-content/uploads/2013/06/white.png"
                                             title="White"
                                             alt="White"/>
                                <input type="hidden" name="attribute_pa_image"
                                       data-attribute_name="attribute_pa_image"
                                       value="white-dress">
                                                                            <img src="http://kodo.wp1.zootemplate.com/wp-content/uploads/2013/06/yellow.png"
                                             title="Yellow"
                                             alt="Yellow"/>
                                <input type="hidden" name="attribute_pa_image"
                                       data-attribute_name="attribute_pa_image"
                                       value="yellow-dress">
            </li>
<li>
	            <a href="http://kodo.wp1.zootemplate.com/product/long-camouflage/" title="Long Camouflage"
              >
                <img width="300" height="300" src="http://kodo.wp1.zootemplate.com/wp-content/uploads/2017/07/product-kodo-6-300x300.jpg" alt="" loading="lazy" srcset="http://kodo.wp1.zootemplate.com/wp-content/uploads/2017/07/product-kodo-6-300x300.jpg 300w, http://kodo.wp1.zootemplate.com/wp-content/uploads/2017/07/product-kodo-6-120x120.jpg 120w, http://kodo.wp1.zootemplate.com/wp-content/uploads/2017/07/product-kodo-6-150x150.jpg 150w, http://kodo.wp1.zootemplate.com/wp-content/uploads/2017/07/product-kodo-6-450x450.jpg 450w, http://kodo.wp1.zootemplate.com/wp-content/uploads/2017/07/product-kodo-6-30x30.jpg 30w" sizes="(max-width: 300px) 100vw, 300px" /><img width="300" height="300" src="http://kodo.wp1.zootemplate.com/wp-content/uploads/2017/07/product-kodo-8-300x300.jpg" alt="" loading="lazy" srcset="http://kodo.wp1.zootemplate.com/wp-content/uploads/2017/07/product-kodo-8-300x300.jpg 300w, http://kodo.wp1.zootemplate.com/wp-content/uploads/2017/07/product-kodo-8-120x120.jpg 120w, http://kodo.wp1.zootemplate.com/wp-content/uploads/2017/07/product-kodo-8-150x150.jpg 150w, http://kodo.wp1.zootemplate.com/wp-content/uploads/2017/07/product-kodo-8-450x450.jpg 450w, http://kodo.wp1.zootemplate.com/wp-content/uploads/2017/07/product-kodo-8-30x30.jpg 30w" sizes="(max-width: 300px) 100vw, 300px" />            </a>
        <a href="#" title="Quick view" data-productID="83"> Quick view</a><a href="?add-to-cart=83" data-quantity="1" title="Add to cart" data-product_id="83" data-product_sku="" aria-label="Add &ldquo;Long Camouflage&rdquo; to your cart" rel="nofollow">Add to cart</a><a href="#" rel="nofollow" data-id="83" title="Add to wishlist" data-label-added="Product Added"> Add to wishlist</a><h3><a href="http://kodo.wp1.zootemplate.com/product/long-camouflage/" title="Long Camouflage">Long Camouflage</a></h3>
	<bdi>&pound;199.00</bdi>
</li>
    </ul>
			<h2>Shop Limited Edition.</h2>		
		<p>You want it – we’ve got it! we launch up to 100 new styles every day so whatever<br />you’re looking fot. Kodo is 24/7 fashion its best</p>		
			<a href="#"  > Find Our More </a>		
			<a href="#"  > Shop the sale </a>		
			<h2>Shop The New Collection</h2>		
    <ul>
        <li>
	Sale!
	            <a href="http://kodo.wp1.zootemplate.com/product/t-shirt-frilled-sleeves/" title="T-shirt Frilled Sleeves"
              >
                <img width="300" height="300" src="http://kodo.wp1.zootemplate.com/wp-content/uploads/2017/07/product-kodo-1-300x300.jpg" alt="" loading="lazy" srcset="http://kodo.wp1.zootemplate.com/wp-content/uploads/2017/07/product-kodo-1-300x300.jpg 300w, http://kodo.wp1.zootemplate.com/wp-content/uploads/2017/07/product-kodo-1-120x120.jpg 120w, http://kodo.wp1.zootemplate.com/wp-content/uploads/2017/07/product-kodo-1-150x150.jpg 150w, http://kodo.wp1.zootemplate.com/wp-content/uploads/2017/07/product-kodo-1-450x450.jpg 450w, http://kodo.wp1.zootemplate.com/wp-content/uploads/2017/07/product-kodo-1-30x30.jpg 30w" sizes="(max-width: 300px) 100vw, 300px" /><img width="300" height="300" src="http://kodo.wp1.zootemplate.com/wp-content/uploads/2017/07/product-kodo-3-300x300.jpg" alt="" loading="lazy" srcset="http://kodo.wp1.zootemplate.com/wp-content/uploads/2017/07/product-kodo-3-300x300.jpg 300w, http://kodo.wp1.zootemplate.com/wp-content/uploads/2017/07/product-kodo-3-120x120.jpg 120w, http://kodo.wp1.zootemplate.com/wp-content/uploads/2017/07/product-kodo-3-150x150.jpg 150w, http://kodo.wp1.zootemplate.com/wp-content/uploads/2017/07/product-kodo-3-450x450.jpg 450w, http://kodo.wp1.zootemplate.com/wp-content/uploads/2017/07/product-kodo-3-30x30.jpg 30w" sizes="(max-width: 300px) 100vw, 300px" />            </a>
                    Out of Stock
            <a href="#" title="Quick view" data-productID="99"> Quick view</a><a href="http://kodo.wp1.zootemplate.com/product/t-shirt-frilled-sleeves/" data-quantity="1" title="Select options" data-product_id="99" data-product_sku="" aria-label="Select options for &ldquo;T-shirt Frilled Sleeves&rdquo;" rel="nofollow">Select options</a><a href="#" rel="nofollow" data-id="99" title="Add to wishlist" data-label-added="Product Added"> Add to wishlist</a><h3><a href="http://kodo.wp1.zootemplate.com/product/t-shirt-frilled-sleeves/" title="T-shirt Frilled Sleeves">T-shirt Frilled Sleeves</a></h3>
	<bdi>&pound;120.00</bdi> &ndash; <bdi>&pound;160.00</bdi>
                                <input type="hidden" name="attribute_pa_color"
                                       data-attribute_name="attribute_pa_color"
                                       value="black">
                                <input type="hidden" name="attribute_pa_color"
                                       data-attribute_name="attribute_pa_color"
                                       value="orange">
                                <input type="hidden" name="attribute_pa_color"
                                       data-attribute_name="attribute_pa_color"
                                       value="white">
                                <input type="hidden" name="attribute_pa_color"
                                       data-attribute_name="attribute_pa_color"
                                       value="yellow">
            </li>
<li>
	Sale!
	            <a href="http://kodo.wp1.zootemplate.com/product/lose-ovearsized-shirt/" title="Lose Ovearsized Shirt"
              >
                <img width="300" height="300" src="http://kodo.wp1.zootemplate.com/wp-content/uploads/2017/07/product-kodo-2-300x300.jpg" alt="" loading="lazy" srcset="http://kodo.wp1.zootemplate.com/wp-content/uploads/2017/07/product-kodo-2-300x300.jpg 300w, http://kodo.wp1.zootemplate.com/wp-content/uploads/2017/07/product-kodo-2-120x120.jpg 120w, http://kodo.wp1.zootemplate.com/wp-content/uploads/2017/07/product-kodo-2-150x150.jpg 150w, http://kodo.wp1.zootemplate.com/wp-content/uploads/2017/07/product-kodo-2-450x450.jpg 450w, http://kodo.wp1.zootemplate.com/wp-content/uploads/2017/07/product-kodo-2-30x30.jpg 30w" sizes="(max-width: 300px) 100vw, 300px" /><img width="300" height="300" src="http://kodo.wp1.zootemplate.com/wp-content/uploads/2017/07/product-kodo-13-300x300.jpg" alt="" loading="lazy" srcset="http://kodo.wp1.zootemplate.com/wp-content/uploads/2017/07/product-kodo-13-300x300.jpg 300w, http://kodo.wp1.zootemplate.com/wp-content/uploads/2017/07/product-kodo-13-120x120.jpg 120w, http://kodo.wp1.zootemplate.com/wp-content/uploads/2017/07/product-kodo-13-150x150.jpg 150w, http://kodo.wp1.zootemplate.com/wp-content/uploads/2017/07/product-kodo-13-450x450.jpg 450w, http://kodo.wp1.zootemplate.com/wp-content/uploads/2017/07/product-kodo-13-30x30.jpg 30w" sizes="(max-width: 300px) 100vw, 300px" />            </a>
        <a href="#" title="Quick view" data-productID="96"> Quick view</a><a href="?add-to-cart=96" data-quantity="1" title="Add to cart" data-product_id="96" data-product_sku="" aria-label="Add &ldquo;Lose Ovearsized Shirt&rdquo; to your cart" rel="nofollow">Add to cart</a><a href="#" rel="nofollow" data-id="96" title="Add to wishlist" data-label-added="Product Added"> Add to wishlist</a><h3><a href="http://kodo.wp1.zootemplate.com/product/lose-ovearsized-shirt/" title="Lose Ovearsized Shirt">Lose Ovearsized Shirt</a></h3>
	<del><bdi>&pound;124.00</bdi></del> <ins><bdi>&pound;119.00</bdi></ins>
</li>
<li>
	            <a href="http://kodo.wp1.zootemplate.com/product/cotton-jersey-top/" title="Cotton-Jersey Top"
              >
                <img width="300" height="300" src="http://kodo.wp1.zootemplate.com/wp-content/uploads/2017/07/product-kodo-3-300x300.jpg" alt="" loading="lazy" srcset="http://kodo.wp1.zootemplate.com/wp-content/uploads/2017/07/product-kodo-3-300x300.jpg 300w, http://kodo.wp1.zootemplate.com/wp-content/uploads/2017/07/product-kodo-3-120x120.jpg 120w, http://kodo.wp1.zootemplate.com/wp-content/uploads/2017/07/product-kodo-3-150x150.jpg 150w, http://kodo.wp1.zootemplate.com/wp-content/uploads/2017/07/product-kodo-3-450x450.jpg 450w, http://kodo.wp1.zootemplate.com/wp-content/uploads/2017/07/product-kodo-3-30x30.jpg 30w" sizes="(max-width: 300px) 100vw, 300px" /><img width="300" height="300" src="http://kodo.wp1.zootemplate.com/wp-content/uploads/2017/07/product-kodo-8-300x300.jpg" alt="" loading="lazy" srcset="http://kodo.wp1.zootemplate.com/wp-content/uploads/2017/07/product-kodo-8-300x300.jpg 300w, http://kodo.wp1.zootemplate.com/wp-content/uploads/2017/07/product-kodo-8-120x120.jpg 120w, http://kodo.wp1.zootemplate.com/wp-content/uploads/2017/07/product-kodo-8-150x150.jpg 150w, http://kodo.wp1.zootemplate.com/wp-content/uploads/2017/07/product-kodo-8-450x450.jpg 450w, http://kodo.wp1.zootemplate.com/wp-content/uploads/2017/07/product-kodo-8-30x30.jpg 30w" sizes="(max-width: 300px) 100vw, 300px" />            </a>
        <a href="#" title="Quick view" data-productID="93"> Quick view</a><a href="http://kodo.wp1.zootemplate.com/product/cotton-jersey-top/" data-quantity="1" title="Select options" data-product_id="93" data-product_sku="SKU 001" aria-label="Select options for &ldquo;Cotton-Jersey Top&rdquo;" rel="nofollow">Select options</a><a href="#" rel="nofollow" data-id="93" title="Add to wishlist" data-label-added="Product Added"> Add to wishlist</a><h3><a href="http://kodo.wp1.zootemplate.com/product/cotton-jersey-top/" title="Cotton-Jersey Top">Cotton-Jersey Top</a></h3>
	<bdi>&pound;260.00</bdi> &ndash; <bdi>&pound;350.00</bdi>
                                                L                                            
                                <input type="hidden" name="attribute_pa_size"
                                       data-attribute_name="attribute_pa_size"
                                       value="l">
                                                S                                            
                                <input type="hidden" name="attribute_pa_size"
                                       data-attribute_name="attribute_pa_size"
                                       value="s">
                                                XL                                            
                                <input type="hidden" name="attribute_pa_size"
                                       data-attribute_name="attribute_pa_size"
                                       value="xl">
            </li>
<li>
	            <a href="http://kodo.wp1.zootemplate.com/product/cotton-bermuda-shorts/" title="Cotton Bermuda Shorts"
              >
                <img width="300" height="300" src="http://kodo.wp1.zootemplate.com/wp-content/uploads/2017/07/product-kodo-4-300x300.jpg" alt="" loading="lazy" srcset="http://kodo.wp1.zootemplate.com/wp-content/uploads/2017/07/product-kodo-4-300x300.jpg 300w, http://kodo.wp1.zootemplate.com/wp-content/uploads/2017/07/product-kodo-4-120x120.jpg 120w, http://kodo.wp1.zootemplate.com/wp-content/uploads/2017/07/product-kodo-4-150x150.jpg 150w, http://kodo.wp1.zootemplate.com/wp-content/uploads/2017/07/product-kodo-4-450x450.jpg 450w, http://kodo.wp1.zootemplate.com/wp-content/uploads/2017/07/product-kodo-4-30x30.jpg 30w" sizes="(max-width: 300px) 100vw, 300px" /><img width="300" height="300" src="http://kodo.wp1.zootemplate.com/wp-content/uploads/2017/07/product-kodo-11-300x300.jpg" alt="" loading="lazy" srcset="http://kodo.wp1.zootemplate.com/wp-content/uploads/2017/07/product-kodo-11-300x300.jpg 300w, http://kodo.wp1.zootemplate.com/wp-content/uploads/2017/07/product-kodo-11-120x120.jpg 120w, http://kodo.wp1.zootemplate.com/wp-content/uploads/2017/07/product-kodo-11-150x150.jpg 150w, http://kodo.wp1.zootemplate.com/wp-content/uploads/2017/07/product-kodo-11-450x450.jpg 450w, http://kodo.wp1.zootemplate.com/wp-content/uploads/2017/07/product-kodo-11-30x30.jpg 30w" sizes="(max-width: 300px) 100vw, 300px" />            </a>
        <a href="#" title="Quick view" data-productID="90"> Quick view</a><a href="?add-to-cart=90" data-quantity="1" title="Add to cart" data-product_id="90" data-product_sku="" aria-label="Add &ldquo;Cotton Bermuda Shorts&rdquo; to your cart" rel="nofollow">Add to cart</a><a href="#" rel="nofollow" data-id="90" title="Add to wishlist" data-label-added="Product Added"> Add to wishlist</a><h3><a href="http://kodo.wp1.zootemplate.com/product/cotton-bermuda-shorts/" title="Cotton Bermuda Shorts">Cotton Bermuda Shorts</a></h3>
	<bdi>&pound;99.00</bdi>
</li>
<li>
	            <a href="http://kodo.wp1.zootemplate.com/product/combined-lace-skirt/" title="Combined Lace Skirt"
              >
                <img width="300" height="300" src="http://kodo.wp1.zootemplate.com/wp-content/uploads/2017/07/product-kodo-5-300x300.jpg" alt="" loading="lazy" srcset="http://kodo.wp1.zootemplate.com/wp-content/uploads/2017/07/product-kodo-5-300x300.jpg 300w, http://kodo.wp1.zootemplate.com/wp-content/uploads/2017/07/product-kodo-5-120x120.jpg 120w, http://kodo.wp1.zootemplate.com/wp-content/uploads/2017/07/product-kodo-5-150x150.jpg 150w, http://kodo.wp1.zootemplate.com/wp-content/uploads/2017/07/product-kodo-5-450x450.jpg 450w, http://kodo.wp1.zootemplate.com/wp-content/uploads/2017/07/product-kodo-5-30x30.jpg 30w" sizes="(max-width: 300px) 100vw, 300px" /><img width="300" height="300" src="http://kodo.wp1.zootemplate.com/wp-content/uploads/2017/07/product-kodo-10-300x300.jpg" alt="" loading="lazy" srcset="http://kodo.wp1.zootemplate.com/wp-content/uploads/2017/07/product-kodo-10-300x300.jpg 300w, http://kodo.wp1.zootemplate.com/wp-content/uploads/2017/07/product-kodo-10-120x120.jpg 120w, http://kodo.wp1.zootemplate.com/wp-content/uploads/2017/07/product-kodo-10-150x150.jpg 150w, http://kodo.wp1.zootemplate.com/wp-content/uploads/2017/07/product-kodo-10-450x450.jpg 450w, http://kodo.wp1.zootemplate.com/wp-content/uploads/2017/07/product-kodo-10-30x30.jpg 30w" sizes="(max-width: 300px) 100vw, 300px" />            </a>
                    Out of Stock
            <a href="#" title="Quick view" data-productID="87"> Quick view</a><a href="http://kodo.wp1.zootemplate.com/product/combined-lace-skirt/" data-quantity="1" title="Select options" data-product_id="87" data-product_sku="" aria-label="Select options for &ldquo;Combined Lace Skirt&rdquo;" rel="nofollow">Select options</a><a href="#" rel="nofollow" data-id="87" title="Add to wishlist" data-label-added="Product Added"> Add to wishlist</a><h3><a href="http://kodo.wp1.zootemplate.com/product/combined-lace-skirt/" title="Combined Lace Skirt">Combined Lace Skirt</a></h3>
	<bdi>&pound;145.00</bdi> &ndash; <bdi>&pound;160.00</bdi>
                                                                            <img src="http://kodo.wp1.zootemplate.com/wp-content/uploads/2013/06/black.png"
                                             title="Black"
                                             alt="Black"/>
                                <input type="hidden" name="attribute_pa_image"
                                       data-attribute_name="attribute_pa_image"
                                       value="dress">
                                                                            <img src="http://kodo.wp1.zootemplate.com/wp-content/uploads/2013/06/orange.png"
                                             title="Orange"
                                             alt="Orange"/>
                                <input type="hidden" name="attribute_pa_image"
                                       data-attribute_name="attribute_pa_image"
                                       value="orange-dress">
                                                                            <img src="http://kodo.wp1.zootemplate.com/wp-content/uploads/2013/06/white.png"
                                             title="White"
                                             alt="White"/>
                                <input type="hidden" name="attribute_pa_image"
                                       data-attribute_name="attribute_pa_image"
                                       value="white-dress">
                                                                            <img src="http://kodo.wp1.zootemplate.com/wp-content/uploads/2013/06/yellow.png"
                                             title="Yellow"
                                             alt="Yellow"/>
                                <input type="hidden" name="attribute_pa_image"
                                       data-attribute_name="attribute_pa_image"
                                       value="yellow-dress">
            </li>
<li>
	            <a href="http://kodo.wp1.zootemplate.com/product/long-camouflage/" title="Long Camouflage"
              >
                <img width="300" height="300" src="http://kodo.wp1.zootemplate.com/wp-content/uploads/2017/07/product-kodo-6-300x300.jpg" alt="" loading="lazy" srcset="http://kodo.wp1.zootemplate.com/wp-content/uploads/2017/07/product-kodo-6-300x300.jpg 300w, http://kodo.wp1.zootemplate.com/wp-content/uploads/2017/07/product-kodo-6-120x120.jpg 120w, http://kodo.wp1.zootemplate.com/wp-content/uploads/2017/07/product-kodo-6-150x150.jpg 150w, http://kodo.wp1.zootemplate.com/wp-content/uploads/2017/07/product-kodo-6-450x450.jpg 450w, http://kodo.wp1.zootemplate.com/wp-content/uploads/2017/07/product-kodo-6-30x30.jpg 30w" sizes="(max-width: 300px) 100vw, 300px" /><img width="300" height="300" src="http://kodo.wp1.zootemplate.com/wp-content/uploads/2017/07/product-kodo-8-300x300.jpg" alt="" loading="lazy" srcset="http://kodo.wp1.zootemplate.com/wp-content/uploads/2017/07/product-kodo-8-300x300.jpg 300w, http://kodo.wp1.zootemplate.com/wp-content/uploads/2017/07/product-kodo-8-120x120.jpg 120w, http://kodo.wp1.zootemplate.com/wp-content/uploads/2017/07/product-kodo-8-150x150.jpg 150w, http://kodo.wp1.zootemplate.com/wp-content/uploads/2017/07/product-kodo-8-450x450.jpg 450w, http://kodo.wp1.zootemplate.com/wp-content/uploads/2017/07/product-kodo-8-30x30.jpg 30w" sizes="(max-width: 300px) 100vw, 300px" />            </a>
        <a href="#" title="Quick view" data-productID="83"> Quick view</a><a href="?add-to-cart=83" data-quantity="1" title="Add to cart" data-product_id="83" data-product_sku="" aria-label="Add &ldquo;Long Camouflage&rdquo; to your cart" rel="nofollow">Add to cart</a><a href="#" rel="nofollow" data-id="83" title="Add to wishlist" data-label-added="Product Added"> Add to wishlist</a><h3><a href="http://kodo.wp1.zootemplate.com/product/long-camouflage/" title="Long Camouflage">Long Camouflage</a></h3>
	<bdi>&pound;199.00</bdi>
</li>
    </ul>
			<h2>Read Our Top Stories</h2>		
                        <article id="post-2585">
                                                                        <a href="http://kodo.wp1.zootemplate.com/2017/07/18/fashion-wakes-up-to-the-older-woman/"
                                       title="Fashion Wakes Up To The Older Woman">
                                        <img width="300" height="200" src="http://kodo.wp1.zootemplate.com/wp-content/uploads/2017/07/kodo-blog-3-300x200.jpg" alt="" loading="lazy" srcset="http://kodo.wp1.zootemplate.com/wp-content/uploads/2017/07/kodo-blog-3-300x200.jpg 300w, http://kodo.wp1.zootemplate.com/wp-content/uploads/2017/07/kodo-blog-3-600x400.jpg 600w, http://kodo.wp1.zootemplate.com/wp-content/uploads/2017/07/kodo-blog-3-768x512.jpg 768w, http://kodo.wp1.zootemplate.com/wp-content/uploads/2017/07/kodo-blog-3-120x80.jpg 120w, http://kodo.wp1.zootemplate.com/wp-content/uploads/2017/07/kodo-blog-3-30x20.jpg 30w, http://kodo.wp1.zootemplate.com/wp-content/uploads/2017/07/kodo-blog-3.jpg 850w" sizes="(max-width: 300px) 100vw, 300px" />                                    </a>
                                <h3><a href="http://kodo.wp1.zootemplate.com/2017/07/18/fashion-wakes-up-to-the-older-woman/" rel="bookmark">Fashion Wakes Up To The Older Woman</a></h3>                                <ul>
                                                                        <li>Posted July 18, 2017</li>
                                                                    </ul>
                                            </article>
                            <article id="post-1178">
                                                                        <a href="http://kodo.wp1.zootemplate.com/2013/01/11/no-makeup-would-you-go-au/"
                                       title="No Makeup: Would You Go Au">
                                        <img width="300" height="200" src="http://kodo.wp1.zootemplate.com/wp-content/uploads/2017/07/kodo-blog-2-300x200.jpg" alt="" loading="lazy" srcset="http://kodo.wp1.zootemplate.com/wp-content/uploads/2017/07/kodo-blog-2-300x200.jpg 300w, http://kodo.wp1.zootemplate.com/wp-content/uploads/2017/07/kodo-blog-2-600x400.jpg 600w, http://kodo.wp1.zootemplate.com/wp-content/uploads/2017/07/kodo-blog-2-768x512.jpg 768w, http://kodo.wp1.zootemplate.com/wp-content/uploads/2017/07/kodo-blog-2-120x80.jpg 120w, http://kodo.wp1.zootemplate.com/wp-content/uploads/2017/07/kodo-blog-2-30x20.jpg 30w, http://kodo.wp1.zootemplate.com/wp-content/uploads/2017/07/kodo-blog-2.jpg 850w" sizes="(max-width: 300px) 100vw, 300px" />                                    </a>
                                <h3><a href="http://kodo.wp1.zootemplate.com/2013/01/11/no-makeup-would-you-go-au/" rel="bookmark">No Makeup: Would You Go Au</a></h3>                                <ul>
                                                                        <li>Posted January 11, 2013</li>
                                                                    </ul>
                                            </article>
                            <article id="post-1177">
                                                                        <a href="http://kodo.wp1.zootemplate.com/2013/01/10/uk-rekindles-passion-for-swimming/"
                                       title="UK Rekindles Passion For Swimming">
                                        <img width="300" height="200" src="http://kodo.wp1.zootemplate.com/wp-content/uploads/2017/07/kodo-blog-1-300x200.jpg" alt="" loading="lazy" srcset="http://kodo.wp1.zootemplate.com/wp-content/uploads/2017/07/kodo-blog-1-300x200.jpg 300w, http://kodo.wp1.zootemplate.com/wp-content/uploads/2017/07/kodo-blog-1-600x400.jpg 600w, http://kodo.wp1.zootemplate.com/wp-content/uploads/2017/07/kodo-blog-1-768x512.jpg 768w, http://kodo.wp1.zootemplate.com/wp-content/uploads/2017/07/kodo-blog-1-120x80.jpg 120w, http://kodo.wp1.zootemplate.com/wp-content/uploads/2017/07/kodo-blog-1-30x20.jpg 30w, http://kodo.wp1.zootemplate.com/wp-content/uploads/2017/07/kodo-blog-1.jpg 850w" sizes="(max-width: 300px) 100vw, 300px" />                                    </a>
                                <h3><a href="http://kodo.wp1.zootemplate.com/2013/01/10/uk-rekindles-passion-for-swimming/" rel="bookmark">UK Rekindles Passion For Swimming</a></h3>                                <ul>
                                                                        <li>Posted January 10, 2013</li>
                                                                    </ul>
                                            </article>]]></content:encoded>
		<excerpt:encoded><![CDATA[]]></excerpt:encoded>
		<wp:post_id>1882</wp:post_id>
		<wp:post_date><![CDATA[2017-07-28 08:03:20]]></wp:post_date>
		<wp:post_date_gmt><![CDATA[2017-07-28 08:03:20]]></wp:post_date_gmt>
		<wp:comment_status><![CDATA[closed]]></wp:comment_status>
		<wp:ping_status><![CDATA[closed]]></wp:ping_status>
		<wp:post_name><![CDATA[home-1]]></wp:post_name>
		<wp:status><![CDATA[publish]]></wp:status>
		<wp:post_parent>0</wp:post_parent>
		<wp:menu_order>0</wp:menu_order>
		<wp:post_type><![CDATA[page]]></wp:post_type>
		<wp:post_password><![CDATA[]]></wp:post_password>
		<wp:is_sticky>0</wp:is_sticky>
		<wp:postmeta>
			<wp:meta_key><![CDATA[_wpb_shortcodes_custom_css]]></wp:meta_key>
			<wp:meta_value><![CDATA[.vc_custom_1501563083072{padding-top: 20px !important;padding-bottom: 20px !important;}.vc_custom_1501571355672{padding-top: 55px !important;padding-bottom: 40px !important;}.vc_custom_1519268016544{padding-top: 95px !important;padding-bottom: 148px !important;background-image: url(http://kodo.wp3.zootemplate.com/wp-content/uploads/2017/07/kodo-image-6.jpg?id=1959) !important;background-position: center !important;background-repeat: no-repeat !important;background-size: cover !important;}.vc_custom_1501556436346{padding-top: 45px !important;}.vc_custom_1501562201396{padding-top: 30px !important;padding-bottom: 30px !important;}]]></wp:meta_value>
		</wp:postmeta>
		<wp:postmeta>
			<wp:meta_key><![CDATA[slide_template]]></wp:meta_key>
			<wp:meta_value><![CDATA[default]]></wp:meta_value>
		</wp:postmeta>
		<wp:postmeta>
			<wp:meta_key><![CDATA[_wpb_vc_js_status]]></wp:meta_key>
			<wp:meta_value><![CDATA[true]]></wp:meta_value>
		</wp:postmeta>
		<wp:postmeta>
			<wp:meta_key><![CDATA[_the_champ_meta]]></wp:meta_key>
			<wp:meta_value><![CDATA[a:5:{s:7:"sharing";i:0;s:16:"vertical_sharing";i:0;s:7:"counter";i:0;s:16:"vertical_counter";i:0;s:11:"fb_comments";i:0;}]]></wp:meta_value>
		</wp:postmeta>
		<wp:postmeta>
			<wp:meta_key><![CDATA[zoo_site_layout]]></wp:meta_key>
			<wp:meta_value><![CDATA[inherit]]></wp:meta_value>
		</wp:postmeta>
		<wp:postmeta>
			<wp:meta_key><![CDATA[zoo_site_layout_box_shadow]]></wp:meta_key>
			<wp:meta_value><![CDATA[1]]></wp:meta_value>
		</wp:postmeta>
		<wp:postmeta>
			<wp:meta_key><![CDATA[zoo_site_background_color]]></wp:meta_key>
			<wp:meta_value><![CDATA[#fff]]></wp:meta_value>
		</wp:postmeta>
		<wp:postmeta>
			<wp:meta_key><![CDATA[zoo_site_background_size]]></wp:meta_key>
			<wp:meta_value><![CDATA[cover]]></wp:meta_value>
		</wp:postmeta>
		<wp:postmeta>
			<wp:meta_key><![CDATA[zoo_site_background_repeat]]></wp:meta_key>
			<wp:meta_value><![CDATA[no-repeat]]></wp:meta_value>
		</wp:postmeta>
		<wp:postmeta>
			<wp:meta_key><![CDATA[zoo_site_background_position]]></wp:meta_key>
			<wp:meta_value><![CDATA[center center]]></wp:meta_value>
		</wp:postmeta>
		<wp:postmeta>
			<wp:meta_key><![CDATA[zoo_site_background_attachment]]></wp:meta_key>
			<wp:meta_value><![CDATA[scroll]]></wp:meta_value>
		</wp:postmeta>
		<wp:postmeta>
			<wp:meta_key><![CDATA[zoo_header_custom_menu]]></wp:meta_key>
			<wp:meta_value><![CDATA[none]]></wp:meta_value>
		</wp:postmeta>
		<wp:postmeta>
			<wp:meta_key><![CDATA[zoo_hide_tag_line]]></wp:meta_key>
			<wp:meta_value><![CDATA[0]]></wp:meta_value>
		</wp:postmeta>
		<wp:postmeta>
			<wp:meta_key><![CDATA[zoo_disable_title]]></wp:meta_key>
			<wp:meta_value><![CDATA[1]]></wp:meta_value>
		</wp:postmeta>
		<wp:postmeta>
			<wp:meta_key><![CDATA[zoo_disable_breadcrumbs]]></wp:meta_key>
			<wp:meta_value><![CDATA[1]]></wp:meta_value>
		</wp:postmeta>
		<wp:postmeta>
			<wp:meta_key><![CDATA[zoo_header_top]]></wp:meta_key>
			<wp:meta_value><![CDATA[0]]></wp:meta_value>
		</wp:postmeta>
		<wp:postmeta>
			<wp:meta_key><![CDATA[zoo_header_layout]]></wp:meta_key>
			<wp:meta_value><![CDATA[stack-center]]></wp:meta_value>
		</wp:postmeta>
		<wp:postmeta>
			<wp:meta_key><![CDATA[zoo_header_hide_border_bottom]]></wp:meta_key>
			<wp:meta_value><![CDATA[1]]></wp:meta_value>
		</wp:postmeta>
		<wp:postmeta>
			<wp:meta_key><![CDATA[zoo_header_transparent]]></wp:meta_key>
			<wp:meta_value><![CDATA[0]]></wp:meta_value>
		</wp:postmeta>
		<wp:postmeta>
			<wp:meta_key><![CDATA[zoo_header_fullwidth]]></wp:meta_key>
			<wp:meta_value><![CDATA[0]]></wp:meta_value>
		</wp:postmeta>
		<wp:postmeta>
			<wp:meta_key><![CDATA[zoo_show_newsletter]]></wp:meta_key>
			<wp:meta_value><![CDATA[0]]></wp:meta_value>
		</wp:postmeta>
		<wp:postmeta>
			<wp:meta_key><![CDATA[zoo_top_footer]]></wp:meta_key>
			<wp:meta_value><![CDATA[1]]></wp:meta_value>
		</wp:postmeta>
		<wp:postmeta>
			<wp:meta_key><![CDATA[zoo_main_footer]]></wp:meta_key>
			<wp:meta_value><![CDATA[0]]></wp:meta_value>
		</wp:postmeta>
		<wp:postmeta>
			<wp:meta_key><![CDATA[zoo_footer_layout]]></wp:meta_key>
			<wp:meta_value><![CDATA[style3]]></wp:meta_value>
		</wp:postmeta>
		<wp:postmeta>
			<wp:meta_key><![CDATA[zoo_main_footer_color]]></wp:meta_key>
			<wp:meta_value><![CDATA[#777777]]></wp:meta_value>
		</wp:postmeta>
		<wp:postmeta>
			<wp:meta_key><![CDATA[zoo_main_footer_link_color]]></wp:meta_key>
			<wp:meta_value><![CDATA[#777777]]></wp:meta_value>
		</wp:postmeta>
		<wp:postmeta>
			<wp:meta_key><![CDATA[zoo_main_footer_link_color_hover]]></wp:meta_key>
			<wp:meta_value><![CDATA[#dc2f47]]></wp:meta_value>
		</wp:postmeta>
		<wp:postmeta>
			<wp:meta_key><![CDATA[zoo_main_footer_block_title_color]]></wp:meta_key>
			<wp:meta_value><![CDATA[#222222]]></wp:meta_value>
		</wp:postmeta>
		<wp:postmeta>
			<wp:meta_key><![CDATA[zoo_main_footer_background_color]]></wp:meta_key>
			<wp:meta_value><![CDATA[#fff]]></wp:meta_value>
		</wp:postmeta>
		<wp:postmeta>
			<wp:meta_key><![CDATA[zoo_main_footer_field_background_color]]></wp:meta_key>
			<wp:meta_value><![CDATA[#f5f5f5]]></wp:meta_value>
		</wp:postmeta>
		<wp:postmeta>
			<wp:meta_key><![CDATA[zoo_footer_color]]></wp:meta_key>
			<wp:meta_value><![CDATA[#777777]]></wp:meta_value>
		</wp:postmeta>
		<wp:postmeta>
			<wp:meta_key><![CDATA[zoo_footer_link_color]]></wp:meta_key>
			<wp:meta_value><![CDATA[#777777]]></wp:meta_value>
		</wp:postmeta>
		<wp:postmeta>
			<wp:meta_key><![CDATA[zoo_footer_link_color_hover]]></wp:meta_key>
			<wp:meta_value><![CDATA[#dc2f47]]></wp:meta_value>
		</wp:postmeta>
		<wp:postmeta>
			<wp:meta_key><![CDATA[zoo_footer_border_color]]></wp:meta_key>
			<wp:meta_value><![CDATA[#ffffff]]></wp:meta_value>
		</wp:postmeta>
		<wp:postmeta>
			<wp:meta_key><![CDATA[zoo_footer_background_color]]></wp:meta_key>
			<wp:meta_value><![CDATA[#fff]]></wp:meta_value>
		</wp:postmeta>
		<wp:postmeta>
			<wp:meta_key><![CDATA[_wpb_shortcodes_custom_css]]></wp:meta_key>
			<wp:meta_value><![CDATA[.vc_custom_1501563083072{padding-top: 20px !important;padding-bottom: 20px !important;}.vc_custom_1501571355672{padding-top: 55px !important;padding-bottom: 40px !important;}.vc_custom_1519268016544{padding-top: 95px !important;padding-bottom: 148px !important;background-image: url(http://kodo.wp3.zootemplate.com/wp-content/uploads/2017/07/kodo-image-6.jpg?id=1959) !important;background-position: center !important;background-repeat: no-repeat !important;background-size: cover !important;}.vc_custom_1501556436346{padding-top: 45px !important;}.vc_custom_1501562201396{padding-top: 30px !important;padding-bottom: 30px !important;}]]></wp:meta_value>
		</wp:postmeta>
		<wp:postmeta>
			<wp:meta_key><![CDATA[zoo_single_page_padding_top]]></wp:meta_key>
			<wp:meta_value><![CDATA[inherit]]></wp:meta_value>
		</wp:postmeta>
		<wp:postmeta>
			<wp:meta_key><![CDATA[zoo_single_page_padding_bottom]]></wp:meta_key>
			<wp:meta_value><![CDATA[0]]></wp:meta_value>
		</wp:postmeta>
		<wp:postmeta>
			<wp:meta_key><![CDATA[zoo_site_page_toc]]></wp:meta_key>
			<wp:meta_value><![CDATA[0]]></wp:meta_value>
		</wp:postmeta>
		<wp:postmeta>
			<wp:meta_key><![CDATA[_wxr_import_user_slug]]></wp:meta_key>
			<wp:meta_value><![CDATA[admin]]></wp:meta_value>
		</wp:postmeta>
		<wp:postmeta>
			<wp:meta_key><![CDATA[_edit_last]]></wp:meta_key>
			<wp:meta_value><![CDATA[1]]></wp:meta_value>
		</wp:postmeta>
		<wp:postmeta>
			<wp:meta_key><![CDATA[zoo_footer_social]]></wp:meta_key>
			<wp:meta_value><![CDATA[0]]></wp:meta_value>
		</wp:postmeta>
		<wp:postmeta>
			<wp:meta_key><![CDATA[zoo_footer_top_hide_border]]></wp:meta_key>
			<wp:meta_value><![CDATA[0]]></wp:meta_value>
		</wp:postmeta>
		<wp:postmeta>
			<wp:meta_key><![CDATA[zoo_footer_main_hide_border]]></wp:meta_key>
			<wp:meta_value><![CDATA[0]]></wp:meta_value>
		</wp:postmeta>
		<wp:postmeta>
			<wp:meta_key><![CDATA[zoo_footer_copyright_hide_border]]></wp:meta_key>
			<wp:meta_value><![CDATA[0]]></wp:meta_value>
		</wp:postmeta>
		<wp:postmeta>
			<wp:meta_key><![CDATA[zoo_footer_background_size]]></wp:meta_key>
			<wp:meta_value><![CDATA[auto]]></wp:meta_value>
		</wp:postmeta>
		<wp:postmeta>
			<wp:meta_key><![CDATA[zoo_footer_background_repeat]]></wp:meta_key>
			<wp:meta_value><![CDATA[no-repeat]]></wp:meta_value>
		</wp:postmeta>
		<wp:postmeta>
			<wp:meta_key><![CDATA[zoo_footer_background_position]]></wp:meta_key>
			<wp:meta_value><![CDATA[left top]]></wp:meta_value>
		</wp:postmeta>
		<wp:postmeta>
			<wp:meta_key><![CDATA[zoo_footer_background_attachment]]></wp:meta_key>
			<wp:meta_value><![CDATA[scroll]]></wp:meta_value>
		</wp:postmeta>
		<wp:postmeta>
			<wp:meta_key><![CDATA[zoo_page_cover]]></wp:meta_key>
			<wp:meta_value><![CDATA[inherit]]></wp:meta_value>
		</wp:postmeta>
		<wp:postmeta>
			<wp:meta_key><![CDATA[zoo_meta_page_header_template]]></wp:meta_key>
			<wp:meta_value><![CDATA[header-stack-center-layout-1563936721]]></wp:meta_value>
		</wp:postmeta>
		<wp:postmeta>
			<wp:meta_key><![CDATA[zoo_meta_page_footer_template]]></wp:meta_key>
			<wp:meta_value><![CDATA[footer-copyright-center-1564105133]]></wp:meta_value>
		</wp:postmeta>
		<wp:postmeta>
			<wp:meta_key><![CDATA[_elementor_edit_mode]]></wp:meta_key>
			<wp:meta_value><![CDATA[builder]]></wp:meta_value>
		</wp:postmeta>
		<wp:postmeta>
			<wp:meta_key><![CDATA[_elementor_template_type]]></wp:meta_key>
			<wp:meta_value><![CDATA[wp-post]]></wp:meta_value>
		</wp:postmeta>
		<wp:postmeta>
			<wp:meta_key><![CDATA[_elementor_version]]></wp:meta_key>
			<wp:meta_value><![CDATA[3.0.16]]></wp:meta_value>
		</wp:postmeta>
		<wp:postmeta>
			<wp:meta_key><![CDATA[_wp_page_template]]></wp:meta_key>
			<wp:meta_value><![CDATA[default]]></wp:meta_value>
		</wp:postmeta>
		<wp:postmeta>
			<wp:meta_key><![CDATA[_elementor_elements_usage]]></wp:meta_key>
			<wp:meta_value><![CDATA[a:10:{s:13:"clever-slider";i:1;s:6:"column";i:13;s:7:"section";i:8;s:30:"clever-product-category-banner";i:5;s:7:"heading";i:4;s:23:"clever-product-carousel";i:2;s:11:"text-editor";i:1;s:13:"clever-button";i:2;s:12:"clever-posts";i:1;s:16:"clever-instagram";i:1;}]]></wp:meta_value>
		</wp:postmeta>
		<wp:postmeta>
			<wp:meta_key><![CDATA[_elementor_data]]></wp:meta_key>
			<wp:meta_value><![CDATA[[{"id":"76a3f02","elType":"section","settings":{"stretch_section":"section-stretched","layout":"full_width","cafe_custom_queries_items":[]},"elements":[{"id":"62cae8f","elType":"column","settings":{"_column_size":100,"padding":{"unit":"px","top":"0","right":"0","bottom":"0","left":"0","isLinked":true},"cafe_custom_queries_items":[]},"elements":[{"id":"d830699","elType":"widget","settings":{"slides":[{"heading":"The Blockbusters ","description":"We shine a spotlight on ss18\/s runway hits, from gucci to <br>Maison margiela and valentino.","button_text":"SHOP THE SALE","background_color":"#3d70b2","_id":"acda933","background_image":{"url":"http:\/\/kodo.wp1.zootemplate.com\/wp-content\/uploads\/2017\/09\/kodo-slide-1-3.jpg","id":2604},"link":{"url":"","is_external":"","nofollow":""},"custom_style":"yes","text_align":"left"},{"heading":"New Collection Fall 2017 ","description":"We shine a spotlight on ss18\/s runway hits, from gucci to <br>Maison margiela and valentino.","button_text":"SHOP THE SALE","background_color":"#3d70b2","_id":"690b3d6","background_image":{"url":"http:\/\/kodo.wp1.zootemplate.com\/wp-content\/uploads\/2017\/09\/kodo-slide-2-3.jpg","id":2603},"link":{"url":"","is_external":"","nofollow":""},"custom_style":"yes","text_align":"left"}],"slides_height":{"unit":"px","size":660,"sizes":[]},"slides_width":{"unit":"px","size":1240,"sizes":[]},"transition":"fade","heading_typography_typography":"custom","heading_typography_font_size":{"unit":"px","size":56,"sizes":[]},"heading_typography_font_weight":"500","description_typography_typography":"custom","button_size":"md","button_typography_typography":"custom","button_border_width":{"unit":"px","size":2,"sizes":[]},"dots_style":"line","description_spacing":{"unit":"px","size":35,"sizes":[]},"description_typography_font_size":{"unit":"px","size":18,"sizes":[]},"button_typography_font_size":{"unit":"px","size":14,"sizes":[]},"button_typography_font_weight":"600","button_background_color":"#252525","button_border_color":"#dc2f47","button_hover_text_color":"#dc2f47","button_hover_background_color":"#ffffff","button_hover_border_color":"#dc2f47","arrows_size":{"unit":"px","size":60,"sizes":[]},"heading_color":"#252525","description_color":"#252525","button_padding":{"unit":"px","top":"16","right":"25","bottom":"15","left":"25","isLinked":false},"heading_typography_font_size_mobile":{"unit":"px","size":28,"sizes":[]},"description_typography_font_size_mobile":{"unit":"px","size":16,"sizes":[]},"cafe_custom_queries_items":[]},"elements":[],"widgetType":"clever-slider"}],"isInner":false}],"isInner":false},{"id":"9faea1e","elType":"section","settings":{"structure":"50","stretch_section":"section-stretched","layout":"full_width","margin":{"unit":"px","top":"10","right":0,"bottom":"0","left":0,"isLinked":false},"padding":{"unit":"px","top":"0","right":"10","bottom":"60","left":"10","isLinked":false},"cafe_custom_queries_items":[]},"elements":[{"id":"f3567c2","elType":"column","settings":{"_column_size":20,"_inline_size":null,"_inline_size_mobile":50,"_inline_size_tablet":33.33,"cafe_custom_queries_items":[]},"elements":[{"id":"63a18a1","elType":"widget","settings":{"cat":"accessories","image":{"url":"http:\/\/kodo.wp1.zootemplate.com\/wp-content\/uploads\/2017\/07\/kodo-image-1.jpg","id":1968},"title":"Accessories","show_des":"","show_count":"","button_label":"","text_align":"center","dimensions":{"unit":"px","top":"0","right":"60","bottom":"20","left":"60","isLinked":false},"content_bg_background":"classic","content_bg_color":"#252525","title_color":"#ffffff","title_typography_typography":"custom","title_typography_font_size":{"unit":"px","size":16,"sizes":[]},"title_typography_font_weight":"400","title_typography_text_transform":"none","dimensions_tablet":{"unit":"px","top":"20","right":"20","bottom":"20","left":"20","isLinked":true},"dimensions_mobile":{"unit":"px","top":"10","right":"10","bottom":"10","left":"10","isLinked":true},"cafe_custom_queries_items":[]},"elements":[],"widgetType":"clever-product-category-banner"}],"isInner":false},{"id":"56b6e93","elType":"column","settings":{"_column_size":20,"_inline_size":null,"_inline_size_mobile":50,"_inline_size_tablet":33.33,"cafe_custom_queries_items":[]},"elements":[{"id":"5be145c","elType":"widget","settings":{"cat":"men-t-shirt","image":{"url":"http:\/\/kodo.wp1.zootemplate.com\/wp-content\/uploads\/2017\/07\/kodo-image-2.jpg","id":1967},"title":"Shop T-Shirts","show_des":"","show_count":"","button_label":"","text_align":"center","dimensions":{"unit":"px","top":"0","right":"60","bottom":"20","left":"60","isLinked":false},"content_bg_background":"classic","content_bg_color":"#252525","title_color":"#ffffff","title_typography_typography":"custom","title_typography_font_size":{"unit":"px","size":16,"sizes":[]},"title_typography_font_weight":"400","title_typography_text_transform":"none","dimensions_tablet":{"unit":"px","top":"20","right":"20","bottom":"20","left":"20","isLinked":true},"dimensions_mobile":{"unit":"px","top":"10","right":"10","bottom":"10","left":"10","isLinked":true},"cafe_custom_queries_items":[]},"elements":[],"widgetType":"clever-product-category-banner"}],"isInner":false},{"id":"4819846","elType":"column","settings":{"_column_size":20,"_inline_size":null,"_inline_size_mobile":50,"_inline_size_tablet":33.3,"cafe_custom_queries_items":[]},"elements":[{"id":"21b5fe7","elType":"widget","settings":{"cat":"pants","image":{"url":"http:\/\/kodo.wp1.zootemplate.com\/wp-content\/uploads\/2017\/07\/kodo-image-3.jpg","id":1966},"title":"Shop Pants","show_des":"","show_count":"","button_label":"","text_align":"center","dimensions":{"unit":"px","top":"0","right":"60","bottom":"20","left":"60","isLinked":false},"content_bg_background":"classic","content_bg_color":"#252525","title_color":"#ffffff","title_typography_typography":"custom","title_typography_font_size":{"unit":"px","size":16,"sizes":[]},"title_typography_font_weight":"400","title_typography_text_transform":"none","dimensions_tablet":{"unit":"px","top":"20","right":"20","bottom":"20","left":"20","isLinked":true},"dimensions_mobile":{"unit":"px","top":"10","right":"10","bottom":"10","left":"10","isLinked":true},"cafe_custom_queries_items":[]},"elements":[],"widgetType":"clever-product-category-banner"}],"isInner":false},{"id":"2e225c2","elType":"column","settings":{"_column_size":20,"_inline_size":null,"_inline_size_mobile":50,"_inline_size_tablet":50,"cafe_custom_queries_items":[]},"elements":[{"id":"2dcb833","elType":"widget","settings":{"cat":"men-t-shirt","image":{"url":"http:\/\/kodo.wp1.zootemplate.com\/wp-content\/uploads\/2017\/07\/kodo-image-4.jpg","id":1965},"title":"T-Shirt Man","show_des":"","show_count":"","button_label":"","text_align":"center","dimensions":{"unit":"px","top":"0","right":"60","bottom":"20","left":"60","isLinked":false},"content_bg_background":"classic","content_bg_color":"#252525","title_color":"#ffffff","title_typography_typography":"custom","title_typography_font_size":{"unit":"px","size":16,"sizes":[]},"title_typography_font_weight":"400","title_typography_text_transform":"none","dimensions_tablet":{"unit":"px","top":"20","right":"20","bottom":"20","left":"20","isLinked":true},"dimensions_mobile":{"unit":"px","top":"10","right":"10","bottom":"10","left":"10","isLinked":true},"cafe_custom_queries_items":[]},"elements":[],"widgetType":"clever-product-category-banner"}],"isInner":false},{"id":"a8c0fa1","elType":"column","settings":{"_column_size":20,"_inline_size":null,"_inline_size_mobile":100,"_inline_size_tablet":50,"cafe_custom_queries_items":[]},"elements":[{"id":"7a4be78","elType":"widget","settings":{"cat":"necklake","image":{"url":"http:\/\/kodo.wp1.zootemplate.com\/wp-content\/uploads\/2017\/07\/kodo-image-5.jpg","id":1964},"title":"Special Prices","show_des":"","show_count":"","button_label":"","text_align":"center","dimensions":{"unit":"px","top":"0","right":"60","bottom":"20","left":"60","isLinked":false},"content_bg_background":"classic","content_bg_color":"#252525","title_color":"#ffffff","title_typography_typography":"custom","title_typography_font_size":{"unit":"px","size":16,"sizes":[]},"title_typography_font_weight":"400","title_typography_text_transform":"none","dimensions_tablet":{"unit":"px","top":"20","right":"20","bottom":"20","left":"20","isLinked":true},"dimensions_mobile":{"unit":"px","top":"10","right":"10","bottom":"10","left":"10","isLinked":true},"cafe_custom_queries_items":[]},"elements":[],"widgetType":"clever-product-category-banner"}],"isInner":false}],"isInner":false},{"id":"b5cab4f","elType":"section","settings":{"margin":{"unit":"px","top":"0","right":0,"bottom":"60","left":0,"isLinked":false},"cafe_custom_queries_items":[]},"elements":[{"id":"131174b","elType":"column","settings":{"_column_size":100,"padding_mobile":{"unit":"px","top":"0","right":"0","bottom":"0","left":"0","isLinked":true},"cafe_custom_queries_items":[]},"elements":[{"id":"1000451","elType":"widget","settings":{"title":"Shop The New Collection","align":"center","title_color":"#252525","typography_typography":"custom","typography_font_size":{"unit":"px","size":35,"sizes":[]},"typography_font_weight":"500","_padding":{"unit":"px","top":"0","right":"0","bottom":"10","left":"0","isLinked":false},"cafe_custom_queries_items":[]},"elements":[],"widgetType":"heading"},{"id":"cd8f3ed","elType":"widget","settings":{"title":"","slides_to_show":{"unit":"px","size":3,"sizes":[]},"show_pag":"","cafe_custom_queries_items":[]},"elements":[],"widgetType":"clever-product-carousel"}],"isInner":false}],"isInner":false},{"id":"2b67472","elType":"section","settings":{"stretch_section":"section-stretched","layout":"full_width","background_background":"classic","background_color":"#cccccc","background_image":{"url":"http:\/\/kodo.wp1.zootemplate.com\/wp-content\/uploads\/2017\/08\/parallax-image-01.jpg","id":2562},"background_position":"center center","background_attachment":"fixed","background_repeat":"no-repeat","background_size":"cover","margin":{"unit":"px","top":"0","right":0,"bottom":"70","left":0,"isLinked":false},"padding":{"unit":"px","top":"130","right":"0","bottom":"130","left":"0","isLinked":false},"cafe_custom_queries_items":[]},"elements":[{"id":"03a9129","elType":"column","settings":{"_column_size":100,"cafe_custom_queries_items":[]},"elements":[{"id":"9660a77","elType":"widget","settings":{"title":"Shop Limited Edition.","align":"center","title_color":"#ffffff","typography_typography":"custom","typography_font_size":{"unit":"px","size":60,"sizes":[]},"typography_font_weight":"500","typography_font_size_mobile":{"unit":"px","size":32,"sizes":[]},"cafe_custom_queries_items":[]},"elements":[],"widgetType":"heading"},{"id":"4ff8425","elType":"widget","settings":{"editor":"<p>You want it \u2013 we\u2019ve got it! we launch up to 100 new styles every day so whatever<br \/>you\u2019re looking fot. Kodo is 24\/7 fashion its best<\/p>","align":"center","text_color":"#ffffff","_margin":{"unit":"px","top":"0","right":"0","bottom":"-20","left":"0","isLinked":false},"typography_typography":"custom","typography_font_size_mobile":{"unit":"px","size":16,"sizes":[]},"cafe_custom_queries_items":[]},"elements":[],"widgetType":"text-editor"},{"id":"bbe5e08","elType":"section","settings":{"structure":"20","cafe_custom_queries_items":[]},"elements":[{"id":"64afc10","elType":"column","settings":{"_column_size":50,"_inline_size":null,"_inline_size_mobile":50,"padding_mobile":{"unit":"px","top":"0","right":"10","bottom":"0","left":"0","isLinked":false},"cafe_custom_queries_items":[]},"elements":[{"id":"fa4800b","elType":"widget","settings":{"button_label":"Find Our More","text_align":"right","button_color":"#000000","button_bg":"#ffffff","button_typography_typography":"custom","button_typography_font_size":{"unit":"px","size":14,"sizes":[]},"border_radius":{"unit":"px","top":"0","right":"0","bottom":"0","left":"0","isLinked":false},"dimensions":{"unit":"px","top":"18","right":"25","bottom":"18","left":"25","isLinked":false},"button_color_hover":"#dc2f47","button_bg_hover":"#dc2f47","button_border_hover":"#dc2f47","dimensions_mobile":{"unit":"px","top":"15","right":"15","bottom":"15","left":"15","isLinked":true},"cafe_custom_queries_items":[]},"elements":[],"widgetType":"clever-button"}],"isInner":true},{"id":"24d2d1f","elType":"column","settings":{"_column_size":50,"_inline_size":null,"_inline_size_mobile":50,"padding_mobile":{"unit":"px","top":"0","right":"0","bottom":"0","left":"10","isLinked":false},"cafe_custom_queries_items":[]},"elements":[{"id":"5f41058","elType":"widget","settings":{"button_label":"Shop the sale","button_style":"outline","text_align":"left","button_color":"#ffffff","button_typography_typography":"custom","button_typography_font_size":{"unit":"px","size":14,"sizes":[]},"border_radius":{"unit":"px","top":"0","right":"0","bottom":"0","left":"0","isLinked":false},"dimensions":{"unit":"px","top":"18","right":"25","bottom":"18","left":"25","isLinked":false},"button_bg_hover":"#dc2f47","dimensions_mobile":{"unit":"px","top":"15","right":"15","bottom":"15","left":"15","isLinked":true},"cafe_custom_queries_items":[]},"elements":[],"widgetType":"clever-button"}],"isInner":true}],"isInner":true}],"isInner":false}],"isInner":false},{"id":"ae401ea","elType":"section","settings":{"margin":{"unit":"px","top":"0","right":0,"bottom":"60","left":0,"isLinked":false},"cafe_custom_queries_items":[]},"elements":[{"id":"7aeda92","elType":"column","settings":{"_column_size":100,"padding_mobile":{"unit":"px","top":"0","right":"0","bottom":"0","left":"0","isLinked":true},"padding":{"unit":"px","top":"0","right":"0","bottom":"0","left":"0","isLinked":true},"cafe_custom_queries_items":[]},"elements":[{"id":"3dc4b46","elType":"widget","settings":{"title":"Shop The New Collection","align":"center","title_color":"#252525","typography_typography":"custom","typography_font_size":{"unit":"px","size":35,"sizes":[]},"typography_font_weight":"500","_padding":{"unit":"px","top":"0","right":"0","bottom":"10","left":"0","isLinked":false},"cafe_custom_queries_items":[]},"elements":[],"widgetType":"heading"},{"id":"ae2e09d","elType":"widget","settings":{"title":"","show_pag":"","cafe_custom_queries_items":[]},"elements":[],"widgetType":"clever-product-carousel"}],"isInner":false}],"isInner":false},{"id":"0a8810f","elType":"section","settings":{"margin":{"unit":"px","top":"0","right":0,"bottom":"60","left":0,"isLinked":false},"cafe_custom_queries_items":[]},"elements":[{"id":"1725dcd","elType":"column","settings":{"_column_size":100,"padding":{"unit":"px","top":"0","right":"0","bottom":"0","left":"0","isLinked":false},"cafe_custom_queries_items":[]},"elements":[{"id":"9a72363","elType":"widget","settings":{"title":"Read Our Top Stories","align":"center","title_color":"#252525","typography_typography":"custom","typography_font_size":{"unit":"px","size":35,"sizes":[]},"typography_font_weight":"500","_padding":{"unit":"px","top":"0","right":"0","bottom":"20","left":"0","isLinked":false},"cafe_custom_queries_items":[]},"elements":[],"widgetType":"heading"},{"id":"4ffff21","elType":"widget","settings":{"output_type":"none","show_date_post":"true","col_tablet":3,"disable_border":"true","cafe_custom_queries_items":[]},"elements":[],"widgetType":"clever-posts"}],"isInner":false}],"isInner":false}]]]></wp:meta_value>
		</wp:postmeta>
		<wp:postmeta>
			<wp:meta_key><![CDATA[clever_elementor_header_template]]></wp:meta_key>
			<wp:meta_value><![CDATA[header-two]]></wp:meta_value>
		</wp:postmeta>
		<wp:postmeta>
			<wp:meta_key><![CDATA[clever_elementor_footer_template]]></wp:meta_key>
			<wp:meta_value><![CDATA[footer-two]]></wp:meta_value>
		</wp:postmeta>
		<wp:postmeta>
			<wp:meta_key><![CDATA[_elementor_controls_usage]]></wp:meta_key>
			<wp:meta_value><![CDATA[a:9:{s:13:"clever-slider";a:3:{s:5:"count";i:1;s:15:"control_percent";i:7;s:8:"controls";a:2:{s:7:"content";a:2:{s:14:"section_slides";a:3:{s:6:"slides";i:1;s:13:"slides_height";i:1;s:12:"slides_width";i:1;}s:22:"section_slider_options";a:1:{s:10:"transition";i:1;}}s:5:"style";a:4:{s:19:"section_style_title";a:5:{s:29:"heading_typography_typography";i:1;s:28:"heading_typography_font_size";i:1;s:30:"heading_typography_font_weight";i:1;s:13:"heading_color";i:1;s:35:"heading_typography_font_size_mobile";i:1;}s:25:"section_style_description";a:5:{s:33:"description_typography_typography";i:1;s:19:"description_spacing";i:1;s:32:"description_typography_font_size";i:1;s:17:"description_color";i:1;s:39:"description_typography_font_size_mobile";i:1;}s:20:"section_style_button";a:11:{s:11:"button_size";i:1;s:28:"button_typography_typography";i:1;s:19:"button_border_width";i:1;s:27:"button_typography_font_size";i:1;s:29:"button_typography_font_weight";i:1;s:23:"button_background_color";i:1;s:19:"button_border_color";i:1;s:23:"button_hover_text_color";i:1;s:29:"button_hover_background_color";i:1;s:25:"button_hover_border_color";i:1;s:14:"button_padding";i:1;}s:24:"section_style_navigation";a:2:{s:10:"dots_style";i:1;s:11:"arrows_size";i:1;}}}}s:6:"column";a:3:{s:5:"count";i:12;s:15:"control_percent";i:0;s:8:"controls";a:2:{s:8:"advanced";a:1:{s:16:"section_advanced";a:2:{s:7:"padding";i:3;s:14:"padding_mobile";i:4;}}s:6:"layout";a:1:{s:6:"layout";a:3:{s:12:"_inline_size";i:7;s:19:"_inline_size_mobile";i:7;s:19:"_inline_size_tablet";i:5;}}}}s:7:"section";a:3:{s:5:"count";i:7;s:15:"control_percent";i:0;s:8:"controls";a:3:{s:6:"layout";a:2:{s:14:"section_layout";a:2:{s:15:"stretch_section";i:3;s:6:"layout";i:3;}s:17:"section_structure";a:1:{s:9:"structure";i:2;}}s:8:"advanced";a:1:{s:16:"section_advanced";a:2:{s:6:"margin";i:5;s:7:"padding";i:2;}}s:5:"style";a:1:{s:18:"section_background";a:7:{s:21:"background_background";i:1;s:16:"background_color";i:1;s:16:"background_image";i:1;s:19:"background_position";i:1;s:21:"background_attachment";i:1;s:17:"background_repeat";i:1;s:15:"background_size";i:1;}}}}s:30:"clever-product-category-banner";a:3:{s:5:"count";i:5;s:15:"control_percent";i:3;s:8:"controls";a:2:{s:7:"content";a:1:{s:13:"section_title";a:6:{s:3:"cat";i:5;s:5:"image";i:5;s:5:"title";i:5;s:8:"show_des";i:5;s:10:"show_count";i:5;s:12:"button_label";i:5;}}s:5:"style";a:1:{s:21:"normal_style_settings";a:11:{s:10:"text_align";i:5;s:10:"dimensions";i:5;s:21:"content_bg_background";i:5;s:16:"content_bg_color";i:5;s:11:"title_color";i:5;s:27:"title_typography_typography";i:5;s:26:"title_typography_font_size";i:5;s:28:"title_typography_font_weight";i:5;s:31:"title_typography_text_transform";i:5;s:17:"dimensions_tablet";i:5;s:17:"dimensions_mobile";i:5;}}}}s:7:"heading";a:3:{s:5:"count";i:4;s:15:"control_percent";i:3;s:8:"controls";a:3:{s:7:"content";a:1:{s:13:"section_title";a:2:{s:5:"title";i:4;s:5:"align";i:4;}}s:5:"style";a:1:{s:19:"section_title_style";a:5:{s:11:"title_color";i:4;s:21:"typography_typography";i:4;s:20:"typography_font_size";i:4;s:22:"typography_font_weight";i:4;s:27:"typography_font_size_mobile";i:1;}}s:8:"advanced";a:1:{s:14:"_section_style";a:1:{s:8:"_padding";i:3;}}}}s:23:"clever-product-carousel";a:3:{s:5:"count";i:2;s:15:"control_percent";i:1;s:8:"controls";a:1:{s:7:"content";a:2:{s:13:"section_title";a:1:{s:5:"title";i:2;}s:16:"section_carousel";a:2:{s:14:"slides_to_show";i:1;s:8:"show_pag";i:2;}}}}s:11:"text-editor";a:3:{s:5:"count";i:1;s:15:"control_percent";i:2;s:8:"controls";a:3:{s:7:"content";a:1:{s:14:"section_editor";a:1:{s:6:"editor";i:1;}}s:5:"style";a:1:{s:13:"section_style";a:4:{s:5:"align";i:1;s:10:"text_color";i:1;s:21:"typography_typography";i:1;s:27:"typography_font_size_mobile";i:1;}}s:8:"advanced";a:1:{s:14:"_section_style";a:1:{s:7:"_margin";i:1;}}}}s:13:"clever-button";a:3:{s:5:"count";i:2;s:15:"control_percent";i:3;s:8:"controls";a:2:{s:7:"content";a:1:{s:15:"button_settings";a:1:{s:12:"button_label";i:2;}}s:5:"style";a:2:{s:21:"normal_style_settings";a:9:{s:10:"text_align";i:2;s:12:"button_color";i:2;s:9:"button_bg";i:1;s:28:"button_typography_typography";i:2;s:27:"button_typography_font_size";i:2;s:13:"border_radius";i:2;s:10:"dimensions";i:2;s:17:"dimensions_mobile";i:2;s:12:"button_style";i:1;}s:20:"hover_style_settings";a:3:{s:18:"button_color_hover";i:1;s:15:"button_bg_hover";i:2;s:19:"button_border_hover";i:1;}}}}s:12:"clever-posts";a:3:{s:5:"count";i:1;s:15:"control_percent";i:1;s:8:"controls";a:1:{s:7:"content";a:2:{s:16:"content_settings";a:1:{s:11:"output_type";i:1;}s:15:"layout_settings";a:3:{s:14:"show_date_post";i:1;s:10:"col_tablet";i:1;s:14:"disable_border";i:1;}}}}}]]></wp:meta_value>
		</wp:postmeta>
	</item>
</channel>
</rss>
