{"name":"header menu left","image":"","panel_id":"header_builder_panel","widgets":{"wp_inactive_widgets":[],"footer-widget-1":["zoosocialwidget-3"],"footer-widget-2":["media_image-3"],"footer-widget-3":["nav_menu-3"],"footer-widget-4":["nav_menu-4"],"footer-widget-5":["nav_menu-5"],"footer-widget-6":["media_image-4"],"sidebar":["recent-posts-2","categories-2","archives-3","meta-3","tag_cloud-2"],"sidebar-2":[],"shop":["zoo_ln_widget-4"],"top-shop":[],"array_version":3},"thememods":{"0":false,"nav_menu_locations":{"primary-menu":101,"mobile-menu":101},"custom_css_post_id":-1,"header_logo_max_width":{"desktop":{"unit":"px","value":"60"},"mobile":{"unit":"px","value":""}},"zoo_site_max_width":1260,"zoo_blog_single_sidebar_config":"right","zoo_blog_single_sidebar":"sidebar","zoo_enable_loop_cat_post":0,"zoo_enable_blog_author_post":1,"zoo_enable_blog_cat_post":0,"zoo_blog_single_post_info_style":"text","zoo_enable_catalog_mod":0,"zoo_enable_shop_loop_item_border":0,"zoo_enable_highlight_featured_product":0,"zoo_enable_shop_loop_cart":1,"zoo_enable_alternative_images":1,"zoo_shop_cols_desktop":3,"zoo_enable_buy_now":0,"zoo_enable_single_product_nav":1,"header_builder_panel":{"desktop":{"top":[{"x":0,"y":1,"width":6,"height":1,"id":"html1"},{"x":6,"y":1,"width":6,"height":1,"id":"social-icons"}],"main":[{"x":0,"y":1,"width":3,"height":1,"id":"logo"},{"x":3,"y":1,"width":6,"height":1,"id":"primary-menu"},{"x":9,"y":1,"width":1,"height":1,"id":"search-box"},{"x":10,"y":1,"width":1,"height":1,"id":"header-wishlist"},{"x":11,"y":1,"width":1,"height":1,"id":"cart-icon"}],"bottom":[],"sidebar":[]},"mobile":{"top":[],"main":[{"x":0,"y":1,"width":3,"height":1,"id":"nav-icon"},{"x":3,"y":1,"width":6,"height":1,"id":"logo"},{"x":9,"y":1,"width":2,"height":1,"id":"search-box"},{"x":11,"y":1,"width":1,"height":1,"id":"cart-icon"}],"bottom":[],"sidebar":[{"x":0,"y":1,"width":1,"height":1,"id":"mobile-menu"}]}},"header_search_box_show_icon_only":{"desktop":1,"mobile":1},"header_search-box_align":{"desktop":"right","mobile":"right"},"header_search-box_merge":{"desktop":"next","mobile":"next"},"header_search_box_icon_preset":{"desktop":"style-1","mobile":"preset-1"},"header_search_box_show_product_cat_options":1,"header_search_box_live_search_enable":0,"header_search_box_advanced_styling":0,"header_search-box_margin":{"desktop":{"unit":"px","top":"","right":"5","bottom":"","left":"","link":null},"mobile":{"unit":"px","top":"","right":"","bottom":"","left":"","link":1}},"header_account_show_label":{"desktop":0,"mobile":0},"header_account_icon":{"type":"zoo-icon","icon":"zoo-icon-user"},"header_account_advanced_styling":1,"header_header-account_margin":{"desktop":{"unit":"px","top":"","right":"","bottom":"","left":"","link":1},"mobile":{"unit":"px","top":"","right":"","bottom":"","left":"","link":1}},"header_header-account_align":{"desktop":"right","mobile":""},"header_header-account_merge":{"desktop":"next","mobile":"0"},"header_cart_icon":{"type":"cs-font","icon":"cs-font clever-icon-cart-10"},"header_cart_show_title":{"desktop":0,"mobile":0},"header_cart_show_totals":{"desktop":0,"mobile":0},"header_cart_display_style":"off-canvas","header_cart_enable_styling":1,"header_cart-icon_margin":{"desktop":{"unit":"px","top":"","right":"","bottom":"","left":"","link":1},"mobile":{"unit":"px","top":"","right":"","bottom":"","left":"","link":1}},"header_cart-icon_align":{"desktop":"right","mobile":"right"},"header_logo_name":"no","header_logo_desc":"no","header_textcolor":"blank","header_logo_margin":{"desktop":{"unit":"px","top":"","right":"20","bottom":"","left":"","link":null},"mobile":{"unit":"px","top":"","right":"","bottom":"","left":"","link":1}},"header_logo_align":{"desktop":"left","mobile":"center"},"header_logo_merge":{"desktop":"0","mobile":"0"},"header_primary_menu_style":"style-plain","header_primary-menu_align":"center","header_primary_menu_hide_arrow":0,"header_primary_menu_arrow_size":{"unit":"px","value":"10"},"header_primary_menu_advanced_styling":1,"header_primary-menu_merge":"prev","header_main_sticky_enable":{"desktop":1,"mobile":1},"header_top_sticky_height":{"desktop":{"unit":"px","value":"40"},"mobile":{"unit":"px","value":""}},"header_main_sticky_height":{"desktop":{"unit":"px","value":"72"},"mobile":{"unit":"px","value":""}},"header_bottom_sticky_height":{"desktop":{"unit":"px","value":"72"},"mobile":{"unit":"px","value":""}},"header_absolute_enable":0,"header_top_sticky_enable":{"desktop":0,"mobile":0},"header_sticky_styling":{"normal":{"text_color":{"desktop":"","mobile":""},"link_color":{"desktop":"","mobile":""},"link_hover_color":{"desktop":"","mobile":""},"bg_color":{"desktop":"#ffffff","mobile":""},"bg_cover":{"desktop":"","mobile":""},"bg_position":{"desktop":"","mobile":""},"bg_repeat":{"desktop":"repeat","mobile":"repeat"},"bg_attachment":{"desktop":"","mobile":""},"border_width":{"desktop":{"top":"","right":"","bottom":"","left":"","link":1},"mobile":{"top":"","right":"","bottom":"","left":"","link":1}},"box_shadow":{"desktop":{"color":"rgba(0,0,0,0.47)","x":"0","y":"0","blur":"10","spread":"-5","inset":false},"mobile":{"color":"","x":"","y":"","blur":"","spread":"","inset":false}}},"hover":[]},"header_main_styling":{"normal":{"text_color":{"desktop":"#222222","mobile":""},"link_color":{"desktop":"#222222","mobile":""},"link_hover_color":{"desktop":"#666666","mobile":""},"padding":{"desktop":{"unit":"px","top":"","right":"","bottom":"","left":"","link":"1"},"mobile":{"unit":"px","top":"","right":"","bottom":"","left":"","link":"1"}},"bg_color":{"desktop":"","mobile":""},"bg_image":{"desktop":{"id":"","url":"","mime":""},"mobile":{"id":"","url":"","mime":""}},"bg_cover":{"desktop":"","mobile":""},"bg_position":{"desktop":"","mobile":""},"bg_repeat":{"desktop":"repeat","mobile":"repeat"},"bg_attachment":{"desktop":"","mobile":""},"border_style":{"desktop":"solid","mobile":""},"border_width":{"desktop":{"unit":"px","top":"","right":"","bottom":"","left":"","link":"1"},"mobile":{"unit":"px","top":"","right":"","bottom":"","left":"","link":"1"}},"border_color":{"desktop":"#eaecee","mobile":""},"border_radius":{"desktop":{"unit":"px","top":"","right":"","bottom":"","left":"","link":"1"},"mobile":{"unit":"px","top":"","right":"","bottom":"","left":"","link":"1"}},"box_shadow":{"desktop":{"color":"","x":"","y":"","blur":"","spread":"","inset":""},"mobile":{"color":"","x":"","y":"","blur":"","spread":"","inset":""}}},"hover":[]},"header_top_styling":{"normal":{"text_color":{"desktop":"#252525","mobile":""},"link_color":{"desktop":"#dc2f47","mobile":""},"link_hover_color":{"desktop":"","mobile":""},"padding":{"desktop":{"top":"","right":"","bottom":"","left":"","link":1},"mobile":{"top":"","right":"","bottom":"","left":"","link":1}},"bg_color":{"desktop":"#ffffff","mobile":""},"bg_image":{"desktop":{"id":"","url":"","mime":""},"mobile":{"id":"","url":"","mime":""}},"bg_cover":{"desktop":"","mobile":""},"bg_position":{"desktop":"","mobile":""},"bg_repeat":{"desktop":"repeat","mobile":"repeat"},"bg_attachment":{"desktop":"","mobile":""},"border_style":{"desktop":"solid","mobile":""},"border_width":{"desktop":{"top":"0","right":"0","bottom":"1","left":"0","link":""},"mobile":{"top":"","right":"","bottom":"","left":"","link":1}},"border_color":{"desktop":"#ebebeb","mobile":""},"border_radius":{"desktop":{"top":"","right":"","bottom":"","left":"","link":1},"mobile":{"top":"","right":"","bottom":"","left":"","link":1}},"box_shadow":{"desktop":{"color":"","x":"","y":"","blur":"","spread":"","inset":false},"mobile":{"color":"","x":"","y":"","blur":"","spread":"","inset":false}}},"hover":[]},"header_top_height":{"desktop":{"unit":"px","value":"50"},"mobile":{"unit":"px","value":"33"}},"header_bottom_enable":{"desktop":1,"mobile":0},"header_bottom_height":{"desktop":{"unit":"px","value":"110"},"mobile":{"unit":"px","value":""}},"active_header_template":"header-menu-left-1564024949","header_html1_align":{"desktop":"left","mobile":""},"header_html2_align":{"desktop":"center","mobile":""},"header_html3_align":{"desktop":"right","mobile":""},"header_mobile-menu_align":"","header_nav-icon_align":"left","header_top_enable":{"desktop":0,"mobile":0},"header_cart_count_size":{"desktop":{"unit":"px","value":"12"},"mobile":{"unit":"px","value":""}},"header_cart_count_width":{"desktop":{"unit":"px","value":"8"},"mobile":{"unit":"px","value":""}},"header_cart_count_styling":{"normal":{"text_color":{"desktop":"#ffffff","mobile":""},"padding":{"desktop":{"top":"","right":"","bottom":"","left":"","link":""},"mobile":{"top":"","right":"","bottom":"","left":"","link":""}},"bg_color":{"desktop":"#dc2f47","mobile":""},"bg_cover":{"desktop":"","mobile":""},"bg_position":{"desktop":"","mobile":""},"bg_repeat":{"desktop":"repeat","mobile":"repeat"},"bg_attachment":{"desktop":"","mobile":""},"border_style":{"desktop":"solid","mobile":""},"border_width":{"desktop":{"top":"0","right":"0","bottom":"0","left":"0","link":1},"mobile":{"top":"","right":"","bottom":"","left":"","link":""}},"border_color":{"desktop":"#222222","mobile":""},"border_radius":{"desktop":{"top":"","right":"","bottom":"","left":"","link":""},"mobile":{"top":"","right":"","bottom":"","left":"","link":""}},"box_shadow":{"desktop":{"color":"","x":"","y":"","blur":"","spread":"","inset":false},"mobile":{"color":"","x":"","y":"","blur":"","spread":"","inset":false}}},"hover":{"text_color":{"desktop":"","mobile":""},"bg_color":{"desktop":"","mobile":""},"border_style":{"desktop":"","mobile":""},"border_width":{"desktop":{"top":"","right":"","bottom":"","left":"","link":""},"mobile":{"top":"","right":"","bottom":"","left":"","link":""}},"border_color":{"desktop":"","mobile":""},"border_radius":{"desktop":{"top":"","right":"","bottom":"","left":"","link":""},"mobile":{"top":"","right":"","bottom":"","left":"","link":""}},"box_shadow":{"desktop":{"color":"","x":"","y":"","blur":"","spread":"","inset":false},"mobile":{"color":"","x":"","y":"","blur":"","spread":"","inset":false}}}},"header_account_icon_styling":{"normal":{"text_color":{"desktop":"#222222","mobile":""},"link_color":{"desktop":"","mobile":""},"padding":{"desktop":{"unit":"px","top":"","right":"","bottom":"","left":"","link":""},"mobile":{"unit":"px","top":"","right":"","bottom":"","left":"","link":""}},"bg_color":{"desktop":"","mobile":""},"bg_cover":{"desktop":"","mobile":""},"bg_position":{"desktop":"","mobile":""},"bg_repeat":{"desktop":"repeat","mobile":"repeat"},"bg_attachment":{"desktop":"","mobile":""},"box_shadow":{"desktop":{"color":"","x":"","y":"","blur":"","spread":"","inset":""},"mobile":{"color":"","x":"","y":"","blur":"","spread":"","inset":""}}},"hover":{"text_color":{"desktop":"","mobile":""},"link_color":{"desktop":"","mobile":""},"border_style":{"desktop":"","mobile":""},"border_width":{"desktop":{"unit":"px","top":"","right":"","bottom":"","left":"","link":""},"mobile":{"unit":"px","top":"","right":"","bottom":"","left":"","link":""}},"border_color":{"desktop":"","mobile":""},"border_radius":{"desktop":{"unit":"px","top":"","right":"","bottom":"","left":"","link":""},"mobile":{"unit":"px","top":"","right":"","bottom":"","left":"","link":""}}}},"header_account_icon_size":{"desktop":{"unit":"px","value":""},"mobile":{"unit":"px","value":""}},"zoo_product_thumb_cols":4,"zoo_blog_sidebar_config":"right","zoo_blog_sidebar":"sidebar","zoo_enable_loop_excerpt":1,"zoo_loop_excerpt_length":30,"zoo_shop_sidebar":"left","zoo_shop_banner":{"id":"1880","url":"http:\/\/kodo.wp1.zootemplate.com\/wp-content\/uploads\/2017\/07\/kodo-breadcrumb.jpg?t=1563873180798","mime":"image\/jpeg"},"custom_logo":2590,"header_bottom_sticky_enable":{"desktop":0,"mobile":0},"header_social-icons_align":{"desktop":"right","mobile":""},"footer_builder_panel":{"desktop":{"top":[],"main":[{"x":0,"y":1,"width":3,"height":1,"id":"footer-widget-3"},{"x":3,"y":1,"width":3,"height":1,"id":"footer-widget-4"},{"x":6,"y":1,"width":3,"height":1,"id":"footer-widget-1"},{"x":9,"y":1,"width":3,"height":1,"id":"footer-widget-5"}],"bottom":[{"x":0,"y":1,"width":6,"height":1,"id":"footer_copyright"},{"x":6,"y":1,"width":6,"height":1,"id":"footer-widget-6"}]}},"header_main_height":{"desktop":{"unit":"px","value":"110"},"mobile":{"unit":"px","value":""}},"header_html4":"","header_html1":"Summer sale discount off 50%! <a href=\"#\">Shop Now<\/a>","header_social_icons_advanced_styling":1,"header_social_icons_size":{"desktop":{"unit":"px","value":"18"},"mobile":{"unit":"px","value":""}},"header_social_icons_shape":"none","header_social_icons_color_type":"custom","header_social_icons_custom_color":{"default":{"primary":"","secondary":"#888888"},"hover":{"primary":"","secondary":"#dc2f47"}},"header_sticky_logo":{"id":"2590","url":"http:\/\/kodo.wp1.zootemplate.com\/wp-content\/uploads\/2009\/06\/logo.png?t=1563934509251","mime":"image\/png"},"header_sticky_logo_height":{"desktop":{"unit":"px","value":"72"},"mobile":{"unit":"px","value":""}},"header_primary_menu_typography":{"font":"","font_weight":"500","languages":[],"font_size":{"unit":"px","value":"18"},"line_height":{"unit":"px","value":""},"letter_spacing":{"unit":"px","value":"0"},"style":"normal","text_decoration":"","text_transform":"capitalize","variant":[],"font_type":"normal"},"header_primary_menu_sub_menu_typography":{"font":"","font_weight":"","languages":[],"font_size":{"unit":"px","value":"16"},"line_height":{"unit":"px","value":""},"letter_spacing":{"unit":"px","value":""},"style":"","text_decoration":"","text_transform":"","variant":[],"font_type":"normal"},"header_wishlist_title":{"desktop":"","mobile":""},"header_header-wishlist_margin":{"desktop":{"unit":"px","top":"","right":"10","bottom":"","left":"","link":null},"mobile":{"unit":"px","top":"","right":"","bottom":"","left":"","link":null}},"header_header-wishlist_align":{"desktop":"center","mobile":""},"header_header-wishlist_merge":{"desktop":"next","mobile":"0"},"header_wishlist_icon":{"type":"zoo-icon","icon":"zoo-icon-heart-o"},"header_cart_icon_styling":{"normal":{"text_color":{"desktop":"#252525","mobile":""},"padding":{"desktop":{"top":"","right":"","bottom":"","left":"","link":""},"mobile":{"top":"","right":"","bottom":"","left":"","link":""}},"bg_color":{"desktop":"","mobile":""},"bg_cover":{"desktop":"","mobile":""},"bg_position":{"desktop":"","mobile":""},"bg_repeat":{"desktop":"repeat","mobile":"repeat"},"bg_attachment":{"desktop":"","mobile":""},"border_style":{"desktop":"","mobile":""},"border_width":{"desktop":{"top":"","right":"","bottom":"","left":"","link":""},"mobile":{"top":"","right":"","bottom":"","left":"","link":""}},"border_color":{"desktop":"","mobile":""},"border_radius":{"desktop":{"top":"","right":"","bottom":"","left":"","link":""},"mobile":{"top":"","right":"","bottom":"","left":"","link":""}},"box_shadow":{"desktop":{"color":"","x":"","y":"","blur":"","spread":"","inset":false},"mobile":{"color":"","x":"","y":"","blur":"","spread":"","inset":false}}},"hover":{"text_color":{"desktop":"#dc2f47","mobile":""},"bg_color":{"desktop":"","mobile":""},"border_style":{"desktop":"","mobile":""},"border_width":{"desktop":{"top":"","right":"","bottom":"","left":"","link":""},"mobile":{"top":"","right":"","bottom":"","left":"","link":""}},"border_color":{"desktop":"","mobile":""},"border_radius":{"desktop":{"top":"","right":"","bottom":"","left":"","link":""},"mobile":{"top":"","right":"","bottom":"","left":"","link":""}},"box_shadow":{"desktop":{"color":"","x":"","y":"","blur":"","spread":"","inset":false},"mobile":{"color":"","x":"","y":"","blur":"","spread":"","inset":false}}}},"header_account_popup_modal":1,"header_cart-icon_merge":null,"header_primary_menu_bar_styling":{"normal":{"text_color":{"desktop":"#252525","mobile":""},"margin":{"desktop":{"top":"","right":"","bottom":"","left":"","link":""},"mobile":{"top":"","right":"","bottom":"","left":"","link":""}},"padding":{"desktop":{"top":"","right":"12","bottom":"","left":"12","link":""},"mobile":{"top":"","right":"","bottom":"","left":"","link":""}},"bg_color":{"desktop":"","mobile":""},"border_style":{"desktop":"","mobile":""},"border_width":{"desktop":{"top":"","right":"","bottom":"","left":"","link":""},"mobile":{"top":"","right":"","bottom":"","left":"","link":""}},"border_color":{"desktop":"","mobile":""},"border_radius":{"desktop":{"top":"","right":"","bottom":"","left":"","link":""},"mobile":{"top":"","right":"","bottom":"","left":"","link":""}},"box_shadow":{"desktop":{"color":"","x":"","y":"","blur":"","spread":"","inset":false},"mobile":{"color":"","x":"","y":"","blur":"","spread":"","inset":false}}},"hover":{"text_color":{"desktop":"#dc2f47","mobile":""},"bg_color":{"desktop":"","mobile":""},"border_style":{"desktop":"","mobile":""},"border_width":{"desktop":{"top":"","right":"","bottom":"","left":"","link":""},"mobile":{"top":"","right":"","bottom":"","left":"","link":""}},"border_color":{"desktop":"","mobile":""},"border_radius":{"desktop":{"top":"","right":"","bottom":"","left":"","link":""},"mobile":{"top":"","right":"","bottom":"","left":"","link":""}},"box_shadow":{"desktop":{"color":"","x":"","y":"","blur":"","spread":"","inset":false},"mobile":{"color":"","x":"","y":"","blur":"","spread":"","inset":false}}}},"header_html2":"","header_bottom_styling":null,"header_wishlist_advanced_styling":1,"header_wishlist_icon_styling":{"normal":{"text_color":{"desktop":"#252525","mobile":""},"link_color":{"desktop":"","mobile":""},"padding":{"desktop":{"top":"","right":"","bottom":"","left":"","link":""},"mobile":{"top":"","right":"","bottom":"","left":"","link":""}},"bg_color":{"desktop":"","mobile":""},"bg_cover":{"desktop":"","mobile":""},"bg_position":{"desktop":"","mobile":""},"bg_repeat":{"desktop":"repeat","mobile":"repeat"},"bg_attachment":{"desktop":"","mobile":""},"border_style":{"desktop":"","mobile":""},"border_width":{"desktop":{"top":"","right":"","bottom":"","left":"","link":""},"mobile":{"top":"","right":"","bottom":"","left":"","link":""}},"border_color":{"desktop":"","mobile":""},"border_radius":{"desktop":{"top":"","right":"","bottom":"","left":"","link":""},"mobile":{"top":"","right":"","bottom":"","left":"","link":""}},"box_shadow":{"desktop":{"color":"","x":"","y":"","blur":"","spread":"","inset":false},"mobile":{"color":"","x":"","y":"","blur":"","spread":"","inset":false}}},"hover":{"text_color":{"desktop":"#dc2f47","mobile":""},"link_color":{"desktop":"","mobile":""},"bg_color":{"desktop":"","mobile":""},"border_style":{"desktop":"","mobile":""},"border_width":{"desktop":{"top":"","right":"","bottom":"","left":"","link":""},"mobile":{"top":"","right":"","bottom":"","left":"","link":""}},"border_color":{"desktop":"","mobile":""},"border_radius":{"desktop":{"top":"","right":"","bottom":"","left":"","link":""},"mobile":{"top":"","right":"","bottom":"","left":"","link":""}},"box_shadow":{"desktop":{"color":"","x":"","y":"","blur":"","spread":"","inset":false},"mobile":{"color":"","x":"","y":"","blur":"","spread":"","inset":false}}}},"header_primary_menu_sub_menu_styling":{"normal":{"text_color":{"desktop":"#777777","mobile":""},"margin":{"desktop":{"top":"","right":"","bottom":"","left":"","link":""},"mobile":{"top":"","right":"","bottom":"","left":"","link":""}},"padding":{"desktop":{"top":"","right":"","bottom":"","left":"","link":""},"mobile":{"top":"","right":"","bottom":"","left":"","link":""}},"bg_color":{"desktop":"","mobile":""},"border_style":{"desktop":"","mobile":""},"border_width":{"desktop":{"top":"","right":"","bottom":"","left":"","link":""},"mobile":{"top":"","right":"","bottom":"","left":"","link":""}},"border_color":{"desktop":"","mobile":""},"border_radius":{"desktop":{"top":"","right":"","bottom":"","left":"","link":""},"mobile":{"top":"","right":"","bottom":"","left":"","link":""}},"box_shadow":{"desktop":{"color":"","x":"","y":"","blur":"","spread":"","inset":false},"mobile":{"color":"","x":"","y":"","blur":"","spread":"","inset":false}}},"hover":{"text_color":{"desktop":"#dc2f47","mobile":""},"bg_color":{"desktop":"","mobile":""},"border_style":{"desktop":"","mobile":""},"border_width":{"desktop":{"top":"","right":"","bottom":"","left":"","link":""},"mobile":{"top":"","right":"","bottom":"","left":"","link":""}},"border_color":{"desktop":"","mobile":""},"border_radius":{"desktop":{"top":"","right":"","bottom":"","left":"","link":""},"mobile":{"top":"","right":"","bottom":"","left":"","link":""}}}},"header_sticky_animation":"jump-down","header_search_box_button_styling":null,"header_search_box_icon_styling":null,"footer_copyright_text_align":{"desktop":"left","mobile":""},"active_footer_template":"footer-copyright-left-two-1564110481","footer_main_widget_align":{"desktop":"left","mobile":""},"footer_bottom_styling":{"normal":{"text_color":{"desktop":"#777777","mobile":""},"link_color":{"desktop":"#777777","mobile":""},"link_hover_color":{"desktop":"#dc2f47","mobile":""},"margin":{"desktop":{"top":"","right":"","bottom":"","left":"","link":""},"mobile":{"top":"","right":"","bottom":"","left":"","link":""}},"padding":{"desktop":{"top":"35","right":"0","bottom":"35","left":"0","link":""},"mobile":{"top":"","right":"","bottom":"","left":"","link":""}},"bg_color":{"desktop":"","mobile":""},"bg_image":{"desktop":{"id":"","url":"","mime":""},"mobile":{"id":"","url":"","mime":""}},"bg_cover":{"desktop":"","mobile":""},"bg_position":{"desktop":"","mobile":""},"bg_repeat":{"desktop":"repeat","mobile":"repeat"},"bg_attachment":{"desktop":"","mobile":""},"border_style":{"desktop":"solid","mobile":""},"border_width":{"desktop":{"top":"1","right":"","bottom":"","left":"","link":""},"mobile":{"top":"","right":"","bottom":"","left":"","link":""}},"border_color":{"desktop":"#ebebeb","mobile":""}},"hover":[]},"footer_main_styling":{"normal":{"text_color":{"desktop":"#777777","mobile":""},"link_color":{"desktop":"#777777","mobile":""},"link_hover_color":{"desktop":"#dc2f47","mobile":""},"margin":{"desktop":{"top":"","right":"","bottom":"","left":"","link":""},"mobile":{"top":"","right":"","bottom":"","left":"","link":""}},"padding":{"desktop":{"top":"70","right":"","bottom":"50","left":"","link":""},"mobile":{"top":"","right":"","bottom":"","left":"","link":""}},"bg_color":{"desktop":"#ffffff","mobile":""},"bg_image":{"desktop":{"id":"","url":"","mime":""},"mobile":{"id":"","url":"","mime":""}},"bg_cover":{"desktop":"","mobile":""},"bg_position":{"desktop":"","mobile":""},"bg_repeat":{"desktop":"repeat","mobile":"repeat"},"bg_attachment":{"desktop":"","mobile":""},"border_style":{"desktop":"none","mobile":""},"border_width":{"desktop":{"top":"","right":"","bottom":"","left":"","link":""},"mobile":{"top":"","right":"","bottom":"","left":"","link":""}},"border_color":{"desktop":"","mobile":""}},"hover":[]},"footer_bottom_layout":"contained","footer_main_layout":"full-width-contained","footer_styling":{"normal":{"text_color":{"desktop":"","mobile":""},"link_color":{"desktop":"","mobile":""},"link_hover_color":{"desktop":"","mobile":""},"padding":{"desktop":{"top":"","right":"","bottom":"","left":"","link":""},"mobile":{"top":"","right":"","bottom":"","left":"","link":""}},"bg_color":{"desktop":"#ffffff","mobile":""},"bg_image":{"desktop":{"id":"","url":"","mime":""},"mobile":{"id":"","url":"","mime":""}},"bg_cover":{"desktop":"","mobile":""},"bg_position":{"desktop":"","mobile":""},"bg_repeat":{"desktop":"repeat","mobile":"repeat"},"bg_attachment":{"desktop":"","mobile":""},"box_shadow":{"desktop":{"color":"","x":"","y":"","blur":"","spread":"","inset":false},"mobile":{"color":"","x":"","y":"","blur":"","spread":"","inset":false}}},"hover":[]},"footer_html1":"<h3><span class=\"plus\"><\/span>77 (756) 334 876<\/h3>\ncontact@domain.com","header_footer-html1_align":null,"footer_bottom_widget_align":{"desktop":"left","mobile":""},"footer_main_heading":"#252525","footer_copyright_typography":{"font":"","font_weight":"","languages":[],"font_size":{"unit":"px","value":"16"},"line_height":{"unit":"px","value":""},"letter_spacing":{"unit":"px","value":""},"style":"","text_decoration":"","text_transform":"","variant":[],"font_type":"normal"},"footer_copyright":"Copyright &copy; {current_year} {site_title}. All rights reserved.","header_html3":"Add custom text here or remove it","header_html4_align":null,"footer_html2":"Proudly powered by WordPress.","header_footer-html2_align":null,"footer_builder_style_preset":"none","footer_top_styling":null,"footer_html2_styling":null,"zoo_products_number_items":9}}