{"options_gg_site_preloader":"1","_options_gg_site_preloader":"field_55ae1562f4257","options_gg_retina_images":"0","_options_gg_retina_images":"field_55ae1591f4258","options_gg_display_image_logo":"0","_options_gg_display_image_logo":"field_55ae1701a4117","options_gg_display_admin_image_logo":"0","_options_gg_display_admin_image_logo":"field_55ae186d8b80a","options_gg_display_footer_image_logo":"0","_options_gg_display_footer_image_logo":"field_55ae1b98bd910","options_gg_display_favicon":"0","_options_gg_display_favicon":"field_55ae1cafbd916","options_gg_display_tagline":"0","_options_gg_display_tagline":"field_55d2f94807166","options_gg_sticky_menu":"1","_options_gg_sticky_menu":"field_5608f53a557d7","options_gg_menu_design":"light","_options_gg_menu_design":"field_55ae4ef1ce976","options_gg_menu_style":"style_1","_options_gg_menu_style":"field_5608f4ab557d6","options_gg_menu_width":"fullwidth","_options_gg_menu_width":"field_5608f420557d5","options_gg_footer_info_box":"2","_options_gg_footer_info_box":"field_55ae1e07599ac","options_gg_footer_widgets":"1","_options_gg_footer_widgets":"field_55ae511944ef9","options_gg_footer_extras":"1","_options_gg_footer_extras":"field_55ae239f0e41f","options_gg_footer_extras_copyright":"&copy; 2015 Reverse","_options_gg_footer_extras_copyright":"field_55ae23e30e420","options_gg_page_comments":"0","_options_gg_page_comments":"field_55ae24370e422","options_gg_post_comments":"1","_options_gg_post_comments":"field_55ae24590e423","options_gg_footer_social":"1","_options_gg_footer_social":"field_55d45a3857968","options_gg_social_icons":"5","_options_gg_social_icons":"field_55ae2ea138e91","options_gg_sidebars":"0","_options_gg_sidebars":"field_5596604147ece","options_gg_headings_font":{"font":"Oswald","variants":["300","regular","700"],"subsets":["latin","latin-ext"]},"_options_gg_headings_font":"field_55ae488439030","options_gg_body_font":{"font":"Montserrat","variants":["regular","700"],"subsets":["latin"]},"_options_gg_body_font":"field_55d2f67f05559","options_gg_text_body_color":"#ababab","_options_gg_text_body_color":"field_55b0e601907ba","options_gg_headings_color":"#000000","_options_gg_headings_color":"field_55b0e65d11068","options_gg_link_color":"#000000","_options_gg_link_color":"field_55b0e72311069","options_gg_primary_color":"#000000","_options_gg_primary_color":"field_55b0f17e116ef","options_gg_primary_color_dark":"#003ebd","_options_gg_primary_color_dark":"field_55b0f1c9116f1","options_gg_secondary_color":"#010d24","_options_gg_secondary_color":"field_55b0f1a1116f0","options_gg_tertiary_color":"#f7f9fc","_options_gg_tertiary_color":"field_55b120653983d","options_gg_search_page_layout":"with_left_sidebar","_options_gg_search_page_layout":"field_55b12f90bbf76","options_gg_error_page_title":"404 Error","_options_gg_error_page_title":"field_55b1fcba637e4","options_gg_error_page_description":"It seems we can't find what you're looking for. Perhaps searching can help.","_options_gg_error_page_description":"field_55b1fcf2637e5","options_gg_cat_page_layout":"with_left_sidebar","_options_gg_cat_page_layout":"field_55b1fe77f8def","options_gg_gallery_page_layout":"no_sidebar","_options_gg_gallery_page_layout":"field_55b230ce90820","options_gg_css":"","_options_gg_css":"field_55ae23560e41d","options_gg_script":"","_options_gg_script":"field_55ae22e10e41b","options_gg_header_minicart":"1","_options_gg_header_minicart":"field_5613a477e58af","options_gg_header_search":"1","_options_gg_header_search":"field_5613a499e58b0","options_gg_store_catalog_mode":"0","_options_gg_store_catalog_mode":"field_56138d965c1d9","options_gg_products_per_page_selector":"1","_options_gg_products_per_page_selector":"field_5613a4fde58b1","options_gg_shop_product_columns":"3","_options_gg_shop_product_columns":"field_56138f1c5c1db","options_gg_product_per_page":"12","_options_gg_product_per_page":"field_56138f535c1dc","options_gg_store_sale_flash":"1","_options_gg_store_sale_flash":"field_5613901b5c1dd","options_gg_store_products_price":"1","_options_gg_store_products_price":"field_561390b438a60","options_gg_store_add_to_cart":"1","_options_gg_store_add_to_cart":"field_5613910138a61","options_gg_product_image_zoom":"1","_options_gg_product_image_zoom":"field_56164062a9130","options_gg_product_sale_flash":"1","_options_gg_product_sale_flash":"field_5613916938a63","options_gg_product_products_price":"1","_options_gg_product_products_price":"field_561391a238a64","options_gg_product_products_excerpt":"1","_options_gg_product_products_excerpt":"field_561391d138a65","options_gg_product_products_meta":"1","_options_gg_product_products_meta":"field_5613920038a66","options_gg_product_add_to_cart":"1","_options_gg_product_add_to_cart":"field_5613922d38a67","options_gg_product_size_guide":"1","_options_gg_product_size_guide":"field_561634d4bbf81","options_gg_product_wishlist":"1","_options_gg_product_wishlist":"field_5616357716efb","options_gg_product_related_products":"1","_options_gg_product_related_products":"field_5613925238a68","options_gg_product_upsells_products":"1","_options_gg_product_upsells_products":"field_5613927438a69","options_gg_product_reviews_tab":"1","_options_gg_product_reviews_tab":"field_5613929938a6a","options_gg_product_description_tab":"1","_options_gg_product_description_tab":"field_561392b938a6b","options_gg_product_attributes_tab":"1","_options_gg_product_attributes_tab":"field_561392e538a6c","options_gg_product_crosssells_products":"1","_options_gg_product_crosssells_products":"field_5613931c38a6e","options_gg_menu":"light","_options_gg_menu":"field_55ae4ef1ce976","options_gg_header_info_box":"0","_options_gg_header_info_box":"field_55ae1e07599ac","options_gg_font":{"font":"Oswald","variants":["300","regular","700"],"subsets":["latin","latin-ext"]},"_options_gg_font":"field_55ae488439030","options_gg_doctors_page_layout":"with_left_sidebar","_options_gg_doctors_page_layout":"field_55b2305e9081c","options_gg_medical_services_page_layout":"with_left_sidebar","_options_gg_medical_services_page_layout":"field_55b230989081e","options_gg_case_studies_page_layout":"with_left_sidebar","_options_gg_case_studies_page_layout":"field_55b230f690822","options_gg_footer_info_box_0_gg_footer_info_box_text":"info@email.com","_options_gg_footer_info_box_0_gg_footer_info_box_text":"field_55ae1e22599ad","options_gg_footer_info_box_0_gg_footer_info_box_link":"info@email.com","_options_gg_footer_info_box_0_gg_footer_info_box_link":"field_55ae1ec1599af","options_gg_footer_info_box_1_gg_footer_info_box_text":"+1-354-895-4592","_options_gg_footer_info_box_1_gg_footer_info_box_text":"field_55ae1e22599ad","options_gg_footer_info_box_1_gg_footer_info_box_link":"","_options_gg_footer_info_box_1_gg_footer_info_box_link":"field_55ae1ec1599af","options_gg_social_icons_0_gg_social_icon_name":"Facebook","_options_gg_social_icons_0_gg_social_icon_name":"field_55ae2eb438e92","options_gg_social_icons_0_gg_select_social_icon":"fa fa-facebook","_options_gg_social_icons_0_gg_select_social_icon":"field_55ae2ed038e93","options_gg_social_icons_0_gg_social_icon_link":"http:\/\/www.facebook.com","_options_gg_social_icons_0_gg_social_icon_link":"field_55ae2ee638e94","options_gg_social_icons_1_gg_social_icon_name":"Twitter","_options_gg_social_icons_1_gg_social_icon_name":"field_55ae2eb438e92","options_gg_social_icons_1_gg_select_social_icon":"fa fa-twitter","_options_gg_social_icons_1_gg_select_social_icon":"field_55ae2ed038e93","options_gg_social_icons_1_gg_social_icon_link":"http:\/\/www.twitter.com","_options_gg_social_icons_1_gg_social_icon_link":"field_55ae2ee638e94","options_gg_social_icons_2_gg_social_icon_name":"Instagram","_options_gg_social_icons_2_gg_social_icon_name":"field_55ae2eb438e92","options_gg_social_icons_2_gg_select_social_icon":"fa fa-instagram","_options_gg_social_icons_2_gg_select_social_icon":"field_55ae2ed038e93","options_gg_social_icons_2_gg_social_icon_link":"http:\/\/www.instagram.com","_options_gg_social_icons_2_gg_social_icon_link":"field_55ae2ee638e94","options_gg_social_icons_3_gg_social_icon_name":"Pinterest","_options_gg_social_icons_3_gg_social_icon_name":"field_55ae2eb438e92","options_gg_social_icons_3_gg_select_social_icon":"fa fa-pinterest","_options_gg_social_icons_3_gg_select_social_icon":"field_55ae2ed038e93","options_gg_social_icons_3_gg_social_icon_link":"http:\/\/www.pinterest.com","_options_gg_social_icons_3_gg_social_icon_link":"field_55ae2ee638e94","options_gg_social_icons_4_gg_social_icon_name":"Youtube","_options_gg_social_icons_4_gg_social_icon_name":"field_55ae2eb438e92","options_gg_social_icons_4_gg_select_social_icon":"fa fa-youtube-play","_options_gg_social_icons_4_gg_select_social_icon":"field_55ae2ed038e93","options_gg_social_icons_4_gg_social_icon_link":"http:\/\/www.youtube.com","_options_gg_social_icons_4_gg_social_icon_link":"field_55ae2ee638e94","options_gg_favicon_image":"2544","_options_gg_favicon_image":"field_55ae1cc9bd917"}