{"sidebar-page":{"pages-2":{"title":"","sortby":"post_title","exclude":""}},"sidebar-posts":{"categories-3":{"title":"","count":0,"hierarchical":0,"dropdown":0},"archives-3":{"title":"Archives","count":0,"dropdown":0}},"sidebar-search":{"woocommerce_product_categories-2":{"title":"Product Categories","orderby":"name","dropdown":0,"count":0,"hierarchical":"1","show_children_only":0}},"sidebar-shop":{"woocommerce_product_categories-3":{"title":"Product Categories","orderby":"name","dropdown":0,"count":0,"hierarchical":"1","show_children_only":0},"woocommerce_price_filter-2":{"title":"Filter by price"},"woocommerce_top_rated_products-2":{"title":"Top Rated Products","number":"5"}},"sidebar-product":{"woocommerce_product_categories-4":{"title":"Product Categories","orderby":"name","dropdown":0,"count":0,"hierarchical":"1","show_children_only":0},"woocommerce_recently_viewed_products-2":{"title":"Recently Viewed Products","number":"5"}},"sidebar-gallery":{"woocommerce_product_categories-5":{"title":"Product Categories","orderby":"name","dropdown":0,"count":0,"hierarchical":"1","show_children_only":0}},"sidebar-footer-first":{"gg-instagram-feed-2":{"title":"Instagram","username":"margaret__zhang","number":"5","followers":"24K","link":"FollowUs"}}}