<?xml version="1.0" encoding="UTF-8" ?>
<!-- This is a WordPress eXtended RSS file generated by WordPress as an export of your site. -->
<!-- It contains information about your site's posts, pages, comments, categories, and other content. -->
<!-- You may use this file to transfer that content from one site to another. -->
<!-- This file is not intended to serve as a complete backup of your site. -->

<!-- To import this information into a WordPress site follow these steps: -->
<!-- 1. Log in to that site as an administrator. -->
<!-- 2. Go to Tools: Import in the WordPress admin panel. -->
<!-- 3. Install the "WordPress" importer from the list. -->
<!-- 4. Activate & Run Importer. -->
<!-- 5. Upload this file using the form provided on that page. -->
<!-- 6. You will first be asked to map the authors in this export file to users -->
<!--    on the site. For each author, you may choose to map to an -->
<!--    existing user on the site or to create a new user. -->
<!-- 7. WordPress will then import each of the posts, pages, comments, categories, etc. -->
<!--    contained in this file into your site. -->

<!-- generator="WordPress/5.2.2" created="2019-08-01 08:07" -->
<rss version="2.0"
	xmlns:excerpt="http://wordpress.org/export/1.2/excerpt/"
	xmlns:content="http://purl.org/rss/1.0/modules/content/"
	xmlns:wfw="http://wellformedweb.org/CommentAPI/"
	xmlns:dc="http://purl.org/dc/elements/1.1/"
	xmlns:wp="http://wordpress.org/export/1.2/"
>

<channel>
	<title>Kodo</title>
	<link>http://kodo.wp1.zootemplate.com</link>
	<description>Just another WordPress site</description>
	<pubDate>Thu, 01 Aug 2019 08:07:52 +0000</pubDate>
	<language>en-US</language>
	<wp:wxr_version>1.2</wp:wxr_version>
	<wp:base_site_url>http://kodo.wp1.zootemplate.com</wp:base_site_url>
	<wp:base_blog_url>http://kodo.wp1.zootemplate.com</wp:base_blog_url>

	<wp:author><wp:author_id>2</wp:author_id><wp:author_login><![CDATA[clever]]></wp:author_login><wp:author_email><![CDATA[clever@gmail.com]]></wp:author_email><wp:author_display_name><![CDATA[clever]]></wp:author_display_name><wp:author_first_name><![CDATA[Nguyen]]></wp:author_first_name><wp:author_last_name><![CDATA[Toan]]></wp:author_last_name></wp:author>


	<generator>https://wordpress.org/?v=5.2.2</generator>

	<item>
		<title>Home 8</title>
		<link>http://kodo.wp1.zootemplate.com/home-8/</link>
		<pubDate>Sat, 12 Aug 2017 02:53:03 +0000</pubDate>
		<dc:creator><![CDATA[clever]]></dc:creator>
		<guid isPermaLink="false">http://wp.rivertheme.com/zoo-kodo/?page_id=2188</guid>
		<description></description>
		<content:encoded><![CDATA[The Blockbusters We shine a spotlight on ss18/s runway hits, from gucci to <br>Maison margiela and valentino.SHOP THE SALEThe Blockbusters We shine a spotlight on ss18/s runway hits, from gucci to <br>Maison margiela and valentino.SHOP THE SALE    
        <a href="http://kodo.wp1.zootemplate.com/product-category/accessories/" title="Accessories Collection">
                    <img src="http://kodo.wp1.zootemplate.com/wp-content/uploads/2017/08/kodo-image-28.jpg" alt="Accessories Collection"/>
					<h3>Accessories Collection</h3>Unique scarf, wool sheep from England Shop collection                 
        </a>
        <a href="http://kodo.wp1.zootemplate.com/product-category/leather-shoes/" title="Shoes 2017 Collection">
                    <img src="http://kodo.wp1.zootemplate.com/wp-content/uploads/2017/08/kodo-image-29.jpg" alt="Shoes 2017 Collection"/>
					<h3>Shoes 2017 Collection</h3>Anti-water, sapphire crystal, ETA movement Shop collection                 
        </a>
        <a href="http://kodo.wp1.zootemplate.com/product-category/men-t-shirt/shirts-blouses/" title="Beanie Hipster Collection">
                    <img src="http://kodo.wp1.zootemplate.com/wp-content/uploads/2017/08/kodo-image-30.jpg" alt="Beanie Hipster Collection"/>
					<h3>Beanie Hipster Collection</h3>Unique scarf, wool sheep from England Shop collection                 
        </a>
        <a href="http://kodo.wp1.zootemplate.com/product-category/men-t-shirt/" title="Hipster Men Fashion">
                    <img src="http://kodo.wp1.zootemplate.com/wp-content/uploads/2017/08/kodo-image-31.jpg" alt="Hipster Men Fashion"/>
					<h3>Hipster Men Fashion</h3>Real & Strong Men, this is special set Shop collection                 
        </a>
        <a href="http://kodo.wp1.zootemplate.com/product-category/men-t-shirt/" title="T-Shirt for Men">
                    <img src="http://kodo.wp1.zootemplate.com/wp-content/uploads/2017/08/kodo-image-32.jpg" alt="T-Shirt for Men"/>
					<h3>T-Shirt for Men</h3>Rubber soles, canvas color trend summer 2017 Shop collection                 
        </a>
        <a href="http://kodo.wp1.zootemplate.com/product-category/necklake/" title="Hipster Men Fashion">
                    <img src="http://kodo.wp1.zootemplate.com/wp-content/uploads/2017/08/kodo-image-33.jpg" alt="Hipster Men Fashion"/>
					<h3>Hipster Men Fashion</h3>A secret girl, like to discover her? Shop collection                 
        </a>]]></content:encoded>
		<excerpt:encoded><![CDATA[]]></excerpt:encoded>
		<wp:post_id>2188</wp:post_id>
		<wp:post_date><![CDATA[2017-08-12 02:53:03]]></wp:post_date>
		<wp:post_date_gmt><![CDATA[2017-08-12 02:53:03]]></wp:post_date_gmt>
		<wp:comment_status><![CDATA[closed]]></wp:comment_status>
		<wp:ping_status><![CDATA[closed]]></wp:ping_status>
		<wp:post_name><![CDATA[home-8]]></wp:post_name>
		<wp:status><![CDATA[publish]]></wp:status>
		<wp:post_parent>0</wp:post_parent>
		<wp:menu_order>0</wp:menu_order>
		<wp:post_type><![CDATA[page]]></wp:post_type>
		<wp:post_password><![CDATA[]]></wp:post_password>
		<wp:is_sticky>0</wp:is_sticky>
		<wp:postmeta>
			<wp:meta_key><![CDATA[_vc_post_settings]]></wp:meta_key>
			<wp:meta_value><![CDATA[a:1:{s:10:"vc_grid_id";a:0:{}}]]></wp:meta_value>
		</wp:postmeta>
		<wp:postmeta>
			<wp:meta_key><![CDATA[_wpb_shortcodes_custom_css]]></wp:meta_key>
			<wp:meta_value><![CDATA[.vc_custom_1502945973258{padding-top: 100px !important;padding-bottom: 80px !important;}.vc_custom_1502945484366{margin-bottom: 150px !important;}.vc_custom_1502945492184{margin-bottom: 150px !important;}.vc_custom_1502945474328{margin-top: 170px !important;margin-bottom: 150px !important;}.vc_custom_1502945499292{margin-bottom: 150px !important;}.vc_custom_1502945514863{margin-bottom: 150px !important;}]]></wp:meta_value>
		</wp:postmeta>
		<wp:postmeta>
			<wp:meta_key><![CDATA[_vc_post_settings]]></wp:meta_key>
			<wp:meta_value><![CDATA[a:1:{s:10:"vc_grid_id";a:0:{}}]]></wp:meta_value>
		</wp:postmeta>
		<wp:postmeta>
			<wp:meta_key><![CDATA[slide_template]]></wp:meta_key>
			<wp:meta_value><![CDATA[default]]></wp:meta_value>
		</wp:postmeta>
		<wp:postmeta>
			<wp:meta_key><![CDATA[_wpb_vc_js_status]]></wp:meta_key>
			<wp:meta_value><![CDATA[true]]></wp:meta_value>
		</wp:postmeta>
		<wp:postmeta>
			<wp:meta_key><![CDATA[_the_champ_meta]]></wp:meta_key>
			<wp:meta_value><![CDATA[a:5:{s:7:"sharing";i:0;s:16:"vertical_sharing";i:0;s:7:"counter";i:0;s:16:"vertical_counter";i:0;s:11:"fb_comments";i:0;}]]></wp:meta_value>
		</wp:postmeta>
		<wp:postmeta>
			<wp:meta_key><![CDATA[zoo_single_page_padding_top]]></wp:meta_key>
			<wp:meta_value><![CDATA[inherit]]></wp:meta_value>
		</wp:postmeta>
		<wp:postmeta>
			<wp:meta_key><![CDATA[zoo_single_page_padding_bottom]]></wp:meta_key>
			<wp:meta_value><![CDATA[inherit]]></wp:meta_value>
		</wp:postmeta>
		<wp:postmeta>
			<wp:meta_key><![CDATA[zoo_site_layout]]></wp:meta_key>
			<wp:meta_value><![CDATA[inherit]]></wp:meta_value>
		</wp:postmeta>
		<wp:postmeta>
			<wp:meta_key><![CDATA[zoo_site_layout_box_shadow]]></wp:meta_key>
			<wp:meta_value><![CDATA[1]]></wp:meta_value>
		</wp:postmeta>
		<wp:postmeta>
			<wp:meta_key><![CDATA[zoo_site_background_color]]></wp:meta_key>
			<wp:meta_value><![CDATA[#fff]]></wp:meta_value>
		</wp:postmeta>
		<wp:postmeta>
			<wp:meta_key><![CDATA[zoo_site_background_size]]></wp:meta_key>
			<wp:meta_value><![CDATA[cover]]></wp:meta_value>
		</wp:postmeta>
		<wp:postmeta>
			<wp:meta_key><![CDATA[zoo_site_background_repeat]]></wp:meta_key>
			<wp:meta_value><![CDATA[no-repeat]]></wp:meta_value>
		</wp:postmeta>
		<wp:postmeta>
			<wp:meta_key><![CDATA[zoo_site_background_position]]></wp:meta_key>
			<wp:meta_value><![CDATA[center center]]></wp:meta_value>
		</wp:postmeta>
		<wp:postmeta>
			<wp:meta_key><![CDATA[zoo_site_background_attachment]]></wp:meta_key>
			<wp:meta_value><![CDATA[scroll]]></wp:meta_value>
		</wp:postmeta>
		<wp:postmeta>
			<wp:meta_key><![CDATA[zoo_header_custom_menu]]></wp:meta_key>
			<wp:meta_value><![CDATA[none]]></wp:meta_value>
		</wp:postmeta>
		<wp:postmeta>
			<wp:meta_key><![CDATA[zoo_hide_tag_line]]></wp:meta_key>
			<wp:meta_value><![CDATA[1]]></wp:meta_value>
		</wp:postmeta>
		<wp:postmeta>
			<wp:meta_key><![CDATA[zoo_disable_title]]></wp:meta_key>
			<wp:meta_value><![CDATA[1]]></wp:meta_value>
		</wp:postmeta>
		<wp:postmeta>
			<wp:meta_key><![CDATA[zoo_disable_breadcrumbs]]></wp:meta_key>
			<wp:meta_value><![CDATA[1]]></wp:meta_value>
		</wp:postmeta>
		<wp:postmeta>
			<wp:meta_key><![CDATA[zoo_header_top]]></wp:meta_key>
			<wp:meta_value><![CDATA[1]]></wp:meta_value>
		</wp:postmeta>
		<wp:postmeta>
			<wp:meta_key><![CDATA[zoo_header_layout]]></wp:meta_key>
			<wp:meta_value><![CDATA[menu-left]]></wp:meta_value>
		</wp:postmeta>
		<wp:postmeta>
			<wp:meta_key><![CDATA[zoo_header_hide_border_bottom]]></wp:meta_key>
			<wp:meta_value><![CDATA[1]]></wp:meta_value>
		</wp:postmeta>
		<wp:postmeta>
			<wp:meta_key><![CDATA[zoo_header_transparent]]></wp:meta_key>
			<wp:meta_value><![CDATA[1]]></wp:meta_value>
		</wp:postmeta>
		<wp:postmeta>
			<wp:meta_key><![CDATA[zoo_header_fullwidth]]></wp:meta_key>
			<wp:meta_value><![CDATA[0]]></wp:meta_value>
		</wp:postmeta>
		<wp:postmeta>
			<wp:meta_key><![CDATA[zoo_show_newsletter]]></wp:meta_key>
			<wp:meta_value><![CDATA[0]]></wp:meta_value>
		</wp:postmeta>
		<wp:postmeta>
			<wp:meta_key><![CDATA[zoo_top_footer]]></wp:meta_key>
			<wp:meta_value><![CDATA[0]]></wp:meta_value>
		</wp:postmeta>
		<wp:postmeta>
			<wp:meta_key><![CDATA[zoo_main_footer]]></wp:meta_key>
			<wp:meta_value><![CDATA[0]]></wp:meta_value>
		</wp:postmeta>
		<wp:postmeta>
			<wp:meta_key><![CDATA[zoo_footer_layout]]></wp:meta_key>
			<wp:meta_value><![CDATA[inherit]]></wp:meta_value>
		</wp:postmeta>
		<wp:postmeta>
			<wp:meta_key><![CDATA[zoo_main_footer_color]]></wp:meta_key>
			<wp:meta_value><![CDATA[#777]]></wp:meta_value>
		</wp:postmeta>
		<wp:postmeta>
			<wp:meta_key><![CDATA[zoo_main_footer_link_color]]></wp:meta_key>
			<wp:meta_value><![CDATA[#777]]></wp:meta_value>
		</wp:postmeta>
		<wp:postmeta>
			<wp:meta_key><![CDATA[zoo_main_footer_link_color_hover]]></wp:meta_key>
			<wp:meta_value><![CDATA[#dc2f47]]></wp:meta_value>
		</wp:postmeta>
		<wp:postmeta>
			<wp:meta_key><![CDATA[zoo_main_footer_block_title_color]]></wp:meta_key>
			<wp:meta_value><![CDATA[#222]]></wp:meta_value>
		</wp:postmeta>
		<wp:postmeta>
			<wp:meta_key><![CDATA[zoo_main_footer_background_color]]></wp:meta_key>
			<wp:meta_value><![CDATA[#fff]]></wp:meta_value>
		</wp:postmeta>
		<wp:postmeta>
			<wp:meta_key><![CDATA[zoo_main_footer_field_background_color]]></wp:meta_key>
			<wp:meta_value><![CDATA[#f5f5f5]]></wp:meta_value>
		</wp:postmeta>
		<wp:postmeta>
			<wp:meta_key><![CDATA[zoo_footer_color]]></wp:meta_key>
			<wp:meta_value><![CDATA[#777]]></wp:meta_value>
		</wp:postmeta>
		<wp:postmeta>
			<wp:meta_key><![CDATA[zoo_footer_link_color]]></wp:meta_key>
			<wp:meta_value><![CDATA[#777]]></wp:meta_value>
		</wp:postmeta>
		<wp:postmeta>
			<wp:meta_key><![CDATA[zoo_footer_link_color_hover]]></wp:meta_key>
			<wp:meta_value><![CDATA[#dc2f47]]></wp:meta_value>
		</wp:postmeta>
		<wp:postmeta>
			<wp:meta_key><![CDATA[zoo_footer_border_color]]></wp:meta_key>
			<wp:meta_value><![CDATA[#ebebeb]]></wp:meta_value>
		</wp:postmeta>
		<wp:postmeta>
			<wp:meta_key><![CDATA[zoo_footer_background_color]]></wp:meta_key>
			<wp:meta_value><![CDATA[#fff]]></wp:meta_value>
		</wp:postmeta>
		<wp:postmeta>
			<wp:meta_key><![CDATA[_wpb_shortcodes_custom_css]]></wp:meta_key>
			<wp:meta_value><![CDATA[.vc_custom_1502945973258{padding-top: 100px !important;padding-bottom: 80px !important;}.vc_custom_1502945484366{margin-bottom: 150px !important;}.vc_custom_1502945492184{margin-bottom: 150px !important;}.vc_custom_1502945474328{margin-top: 170px !important;margin-bottom: 150px !important;}.vc_custom_1502945499292{margin-bottom: 150px !important;}.vc_custom_1502945514863{margin-bottom: 150px !important;}]]></wp:meta_value>
		</wp:postmeta>
		<wp:postmeta>
			<wp:meta_key><![CDATA[zoo_site_page_toc]]></wp:meta_key>
			<wp:meta_value><![CDATA[0]]></wp:meta_value>
		</wp:postmeta>
		<wp:postmeta>
			<wp:meta_key><![CDATA[_wxr_import_user_slug]]></wp:meta_key>
			<wp:meta_value><![CDATA[admin]]></wp:meta_value>
		</wp:postmeta>
		<wp:postmeta>
			<wp:meta_key><![CDATA[_edit_last]]></wp:meta_key>
			<wp:meta_value><![CDATA[1]]></wp:meta_value>
		</wp:postmeta>
		<wp:postmeta>
			<wp:meta_key><![CDATA[zoo_logo_page]]></wp:meta_key>
			<wp:meta_value><![CDATA[2279]]></wp:meta_value>
		</wp:postmeta>
		<wp:postmeta>
			<wp:meta_key><![CDATA[zoo_sticky_logo_page]]></wp:meta_key>
			<wp:meta_value><![CDATA[1885]]></wp:meta_value>
		</wp:postmeta>
		<wp:postmeta>
			<wp:meta_key><![CDATA[zoo_footer_social]]></wp:meta_key>
			<wp:meta_value><![CDATA[0]]></wp:meta_value>
		</wp:postmeta>
		<wp:postmeta>
			<wp:meta_key><![CDATA[zoo_footer_top_hide_border]]></wp:meta_key>
			<wp:meta_value><![CDATA[0]]></wp:meta_value>
		</wp:postmeta>
		<wp:postmeta>
			<wp:meta_key><![CDATA[zoo_footer_main_hide_border]]></wp:meta_key>
			<wp:meta_value><![CDATA[0]]></wp:meta_value>
		</wp:postmeta>
		<wp:postmeta>
			<wp:meta_key><![CDATA[zoo_footer_copyright_hide_border]]></wp:meta_key>
			<wp:meta_value><![CDATA[0]]></wp:meta_value>
		</wp:postmeta>
		<wp:postmeta>
			<wp:meta_key><![CDATA[zoo_footer_background_size]]></wp:meta_key>
			<wp:meta_value><![CDATA[auto]]></wp:meta_value>
		</wp:postmeta>
		<wp:postmeta>
			<wp:meta_key><![CDATA[zoo_footer_background_repeat]]></wp:meta_key>
			<wp:meta_value><![CDATA[no-repeat]]></wp:meta_value>
		</wp:postmeta>
		<wp:postmeta>
			<wp:meta_key><![CDATA[zoo_footer_background_position]]></wp:meta_key>
			<wp:meta_value><![CDATA[left top]]></wp:meta_value>
		</wp:postmeta>
		<wp:postmeta>
			<wp:meta_key><![CDATA[zoo_footer_background_attachment]]></wp:meta_key>
			<wp:meta_value><![CDATA[scroll]]></wp:meta_value>
		</wp:postmeta>
		<wp:postmeta>
			<wp:meta_key><![CDATA[zoo_meta_page_header_template]]></wp:meta_key>
			<wp:meta_value><![CDATA[header-menu-left-two-1564025554]]></wp:meta_value>
		</wp:postmeta>
		<wp:postmeta>
			<wp:meta_key><![CDATA[zoo_meta_page_footer_template]]></wp:meta_key>
			<wp:meta_value><![CDATA[footer-copyright-left-two-1564110481]]></wp:meta_value>
		</wp:postmeta>
		<wp:postmeta>
			<wp:meta_key><![CDATA[_elementor_edit_mode]]></wp:meta_key>
			<wp:meta_value><![CDATA[builder]]></wp:meta_value>
		</wp:postmeta>
		<wp:postmeta>
			<wp:meta_key><![CDATA[_elementor_template_type]]></wp:meta_key>
			<wp:meta_value><![CDATA[post]]></wp:meta_value>
		</wp:postmeta>
		<wp:postmeta>
			<wp:meta_key><![CDATA[_elementor_version]]></wp:meta_key>
			<wp:meta_value><![CDATA[2.6.7]]></wp:meta_value>
		</wp:postmeta>
		<wp:postmeta>
			<wp:meta_key><![CDATA[_wp_page_template]]></wp:meta_key>
			<wp:meta_value><![CDATA[default]]></wp:meta_value>
		</wp:postmeta>
		<wp:postmeta>
			<wp:meta_key><![CDATA[_elementor_elements_usage]]></wp:meta_key>
			<wp:meta_value><![CDATA[a:4:{s:13:"clever-slider";i:1;s:6:"column";i:3;s:7:"section";i:2;s:30:"clever-product-category-banner";i:6;}]]></wp:meta_value>
		</wp:postmeta>
		<wp:postmeta>
			<wp:meta_key><![CDATA[_elementor_data]]></wp:meta_key>
			<wp:meta_value><![CDATA[[{"id":"4b1fa1f","elType":"section","settings":{"stretch_section":"section-stretched","layout":"full_width"},"elements":[{"id":"c35f295","elType":"column","settings":{"_column_size":100,"padding":{"unit":"px","top":"0","right":"0","bottom":"0","left":"0","isLinked":true}},"elements":[{"id":"62c0d5d","elType":"widget","settings":{"slides":[{"heading":"The Blockbusters ","description":"We shine a spotlight on ss18\/s runway hits, from gucci to <br>Maison margiela and valentino.","button_text":"SHOP THE SALE","background_color":"#3d70b2","_id":"acda933","background_image":{"url":"http:\/\/kodo.wp1.zootemplate.com\/wp-content\/uploads\/2017\/09\/kodo-slide-4-1.jpg","id":2607},"background_video":"","background_video_sound":"","background_size":"cover","background_ken_burns":"","zoom_direction":"in","background_overlay":"yes","background_overlay_color":"","background_overlay_blend_mode":"","background_animation":"inherit","background_transition_duration":1000,"button_style":"normal","link":{"url":"","is_external":"","nofollow":""},"link_click":"slide","content_animation":"inherit","content_transition_duration":500,"custom_style":"yes","content_max_width":{"unit":"%","size":"100","sizes":[]},"content_max_width_tablet":{"unit":"%","size":"","sizes":[]},"content_max_width_mobile":{"unit":"%","size":"","sizes":[]},"slides_padding":{"unit":"px","top":"","right":"","bottom":"","left":"","isLinked":true},"slides_padding_tablet":{"unit":"px","top":"","right":"","bottom":"","left":"","isLinked":true},"slides_padding_mobile":{"unit":"px","top":"","right":"","bottom":"","left":"","isLinked":true},"horizontal_position":"","horizontal_position_tablet":"","horizontal_position_mobile":"","vertical_position":"","vertical_position_tablet":"","vertical_position_mobile":"","text_align":"center","text_align_tablet":"","text_align_mobile":"","heading_color":"","des_color":"","button_color":"","button_bg":"","button_color_hover":"","button_bg_hover":"","enable":"","min_width":{"unit":"px","size":767,"sizes":[]},"max_width":{"unit":"px","size":1024,"sizes":[]},"hidden":"","width":{"unit":"%","size":100,"sizes":[]},"font_size":{"unit":"px","size":16,"sizes":[]},"line_height":{"unit":"px","size":16,"sizes":[]},"margin":{"unit":"px","top":"","right":"","bottom":"","left":"","isLinked":true},"padding":{"unit":"px","top":"","right":"","bottom":"","left":"","isLinked":true},"align":""},{"heading":"The Blockbusters ","description":"We shine a spotlight on ss18\/s runway hits, from gucci to <br>Maison margiela and valentino.","button_text":"SHOP THE SALE","background_color":"#3d70b2","_id":"e8d0f1f","background_image":{"url":"http:\/\/kodo.wp1.zootemplate.com\/wp-content\/uploads\/2017\/09\/kodo-slide-6-1.jpg","id":2608},"background_video":"","background_video_sound":"","background_size":"cover","background_ken_burns":"","zoom_direction":"in","background_overlay":"yes","background_overlay_color":"","background_overlay_blend_mode":"","background_animation":"inherit","background_transition_duration":1000,"button_style":"normal","link":{"url":"","is_external":"","nofollow":""},"link_click":"slide","content_animation":"inherit","content_transition_duration":500,"custom_style":"yes","content_max_width":{"unit":"%","size":"100","sizes":[]},"content_max_width_tablet":{"unit":"%","size":"","sizes":[]},"content_max_width_mobile":{"unit":"%","size":"","sizes":[]},"slides_padding":{"unit":"px","top":"","right":"","bottom":"","left":"","isLinked":true},"slides_padding_tablet":{"unit":"px","top":"","right":"","bottom":"","left":"","isLinked":true},"slides_padding_mobile":{"unit":"px","top":"","right":"","bottom":"","left":"","isLinked":true},"horizontal_position":"","horizontal_position_tablet":"","horizontal_position_mobile":"","vertical_position":"","vertical_position_tablet":"","vertical_position_mobile":"","text_align":"center","text_align_tablet":"","text_align_mobile":"","heading_color":"","des_color":"","button_color":"","button_bg":"","button_color_hover":"","button_bg_hover":"","enable":"","min_width":{"unit":"px","size":767,"sizes":[]},"max_width":{"unit":"px","size":1024,"sizes":[]},"hidden":"","width":{"unit":"%","size":100,"sizes":[]},"font_size":{"unit":"px","size":16,"sizes":[]},"line_height":{"unit":"px","size":16,"sizes":[]},"margin":{"unit":"px","top":"","right":"","bottom":"","left":"","isLinked":true},"padding":{"unit":"px","top":"","right":"","bottom":"","left":"","isLinked":true},"align":""}],"slides_height":{"unit":"px","size":660,"sizes":[]},"slides_width":{"unit":"px","size":1240,"sizes":[]},"transition":"fade","heading_typography_typography":"custom","heading_typography_font_size":{"unit":"px","size":56,"sizes":[]},"heading_typography_font_weight":"500","description_typography_typography":"custom","button_size":"md","button_typography_typography":"custom","button_border_width":{"unit":"px","size":2,"sizes":[]},"dots_style":"line","description_spacing":{"unit":"px","size":35,"sizes":[]},"description_typography_font_size":{"unit":"px","size":18,"sizes":[]},"button_typography_font_size":{"unit":"px","size":14,"sizes":[]},"button_typography_font_weight":"600","button_background_color":"#ffffff","button_border_color":"#dc2f47","button_hover_text_color":"#dc2f47","button_hover_background_color":"#ffffff","button_hover_border_color":"#dc2f47","arrows_size":{"unit":"px","size":60,"sizes":[]},"heading_color":"#ffffff","description_color":"#ffffff","button_padding":{"unit":"px","top":"16","right":"25","bottom":"15","left":"25","isLinked":false},"heading_typography_font_size_mobile":{"unit":"px","size":28,"sizes":[]},"description_typography_font_size_mobile":{"unit":"px","size":16,"sizes":[]},"button_text_color":"#252525"},"elements":[],"widgetType":"clever-slider"}],"isInner":false}],"isInner":false},{"id":"4e7e563","elType":"section","settings":{"structure":"20","margin":{"unit":"px","top":"100","right":0,"bottom":"100","left":0,"isLinked":true}},"elements":[{"id":"00ca4e2","elType":"column","settings":{"_column_size":50,"_inline_size":null,"padding":{"unit":"px","top":"20","right":"20","bottom":"20","left":"20","isLinked":true}},"elements":[{"id":"3ac7824","elType":"widget","settings":{"cat":"accessories","image":{"url":"http:\/\/kodo.wp1.zootemplate.com\/wp-content\/uploads\/2017\/08\/kodo-image-28.jpg","id":2191},"title":"Accessories Collection","show_des":"true","des":"Unique scarf, wool sheep from England","show_count":"","button_label":"Shop collection","button_style":"outline","overlap":"","text_align":"center","title_typography_typography":"custom","title_typography_font_size":{"unit":"px","size":28,"sizes":[]},"cont_typography_typography":"custom","button_color":"#252525","button_typography_typography":"custom","button_typography_font_size":{"unit":"px","size":14,"sizes":[]},"button_spacing":{"unit":"px","top":"15","right":"30","bottom":"15","left":"30","isLinked":false},"button_color_hover":"#ffffff","des_color":"#999999","des_typography_typography":"custom","des_typography_font_weight":"400","_margin":{"unit":"px","top":"0","right":"0","bottom":"150","left":"0","isLinked":false}},"elements":[],"widgetType":"clever-product-category-banner"},{"id":"158a0c5","elType":"widget","settings":{"cat":"leather-shoes","image":{"url":"http:\/\/kodo.wp1.zootemplate.com\/wp-content\/uploads\/2017\/08\/kodo-image-29.jpg","id":2193},"title":"Shoes 2017 Collection","show_des":"true","des":"Anti-water, sapphire crystal, ETA movement","show_count":"","button_label":"Shop collection","button_style":"outline","overlap":"","text_align":"center","title_typography_typography":"custom","title_typography_font_size":{"unit":"px","size":28,"sizes":[]},"cont_typography_typography":"custom","button_color":"#252525","button_typography_typography":"custom","button_typography_font_size":{"unit":"px","size":14,"sizes":[]},"button_spacing":{"unit":"px","top":"15","right":"30","bottom":"15","left":"30","isLinked":false},"button_color_hover":"#ffffff","des_color":"#999999","des_typography_typography":"custom","des_typography_font_size":{"unit":"px","size":18,"sizes":[]},"des_typography_font_weight":"400","_margin":{"unit":"px","top":"0","right":"0","bottom":"150","left":"0","isLinked":false}},"elements":[],"widgetType":"clever-product-category-banner"},{"id":"02af00e","elType":"widget","settings":{"cat":"shirts-blouses","image":{"url":"http:\/\/kodo.wp1.zootemplate.com\/wp-content\/uploads\/2017\/08\/kodo-image-30.jpg","id":2195},"title":"Beanie Hipster Collection","show_des":"true","des":"Unique scarf, wool sheep from England","show_count":"","button_label":"Shop collection","button_style":"outline","overlap":"","text_align":"center","title_typography_typography":"custom","title_typography_font_size":{"unit":"px","size":28,"sizes":[]},"cont_typography_typography":"custom","button_color":"#252525","button_typography_typography":"custom","button_typography_font_size":{"unit":"px","size":14,"sizes":[]},"button_spacing":{"unit":"px","top":"15","right":"30","bottom":"15","left":"30","isLinked":false},"button_color_hover":"#ffffff","des_color":"#999999","des_typography_typography":"custom","des_typography_font_size":{"unit":"px","size":18,"sizes":[]},"des_typography_font_weight":"400","_margin":{"unit":"px","top":"0","right":"0","bottom":"150","left":"0","isLinked":false}},"elements":[],"widgetType":"clever-product-category-banner"}],"isInner":false},{"id":"5086791","elType":"column","settings":{"_column_size":50,"_inline_size":null,"margin":{"unit":"px","top":"170","right":"0","bottom":"0","left":"0","isLinked":false},"padding":{"unit":"px","top":"20","right":"20","bottom":"20","left":"20","isLinked":true},"margin_mobile":{"unit":"px","top":"0","right":"0","bottom":"0","left":"0","isLinked":true}},"elements":[{"id":"cc78610","elType":"widget","settings":{"cat":"men-t-shirt","image":{"url":"http:\/\/kodo.wp1.zootemplate.com\/wp-content\/uploads\/2017\/08\/kodo-image-31.jpg","id":2192},"title":"Hipster Men Fashion","show_des":"true","des":"Real & Strong Men, this is special set","show_count":"","button_label":"Shop collection","button_style":"outline","overlap":"","text_align":"center","title_typography_typography":"custom","title_typography_font_size":{"unit":"px","size":28,"sizes":[]},"cont_typography_typography":"custom","button_color":"#252525","button_typography_typography":"custom","button_typography_font_size":{"unit":"px","size":14,"sizes":[]},"button_spacing":{"unit":"px","top":"15","right":"30","bottom":"15","left":"30","isLinked":false},"button_color_hover":"#ffffff","des_color":"#999999","des_typography_typography":"custom","des_typography_font_size":{"unit":"px","size":18,"sizes":[]},"des_typography_font_weight":"400","_margin":{"unit":"px","top":"0","right":"0","bottom":"150","left":"0","isLinked":false}},"elements":[],"widgetType":"clever-product-category-banner"},{"id":"ce04f8f","elType":"widget","settings":{"cat":"men-t-shirt","image":{"url":"http:\/\/kodo.wp1.zootemplate.com\/wp-content\/uploads\/2017\/08\/kodo-image-32.jpg","id":2194},"title":"T-Shirt for Men","show_des":"true","des":"Rubber soles, canvas color trend summer 2017","show_count":"","button_label":"Shop collection","button_style":"outline","overlap":"","text_align":"center","title_typography_typography":"custom","title_typography_font_size":{"unit":"px","size":28,"sizes":[]},"cont_typography_typography":"custom","button_color":"#252525","button_typography_typography":"custom","button_typography_font_size":{"unit":"px","size":14,"sizes":[]},"button_spacing":{"unit":"px","top":"15","right":"30","bottom":"15","left":"30","isLinked":false},"button_color_hover":"#ffffff","des_color":"#999999","des_typography_typography":"custom","des_typography_font_size":{"unit":"px","size":18,"sizes":[]},"des_typography_font_weight":"400","_margin":{"unit":"px","top":"0","right":"0","bottom":"150","left":"0","isLinked":false}},"elements":[],"widgetType":"clever-product-category-banner"},{"id":"eff1aa1","elType":"widget","settings":{"cat":"necklake","image":{"url":"http:\/\/kodo.wp1.zootemplate.com\/wp-content\/uploads\/2017\/08\/kodo-image-33.jpg","id":2196},"title":"Hipster Men Fashion","show_des":"true","des":"A secret girl, like to discover her?","show_count":"","button_label":"Shop collection","button_style":"outline","overlap":"","text_align":"center","title_typography_typography":"custom","title_typography_font_size":{"unit":"px","size":28,"sizes":[]},"cont_typography_typography":"custom","button_color":"#252525","button_typography_typography":"custom","button_typography_font_size":{"unit":"px","size":14,"sizes":[]},"button_spacing":{"unit":"px","top":"15","right":"30","bottom":"15","left":"30","isLinked":false},"button_color_hover":"#ffffff","des_color":"#999999","des_typography_typography":"custom","des_typography_font_size":{"unit":"px","size":18,"sizes":[]},"des_typography_font_weight":"400","_margin":{"unit":"px","top":"0","right":"0","bottom":"150","left":"0","isLinked":false}},"elements":[],"widgetType":"clever-product-category-banner"}],"isInner":false}],"isInner":false}]]]></wp:meta_value>
		</wp:postmeta>
	</item>
</channel>
</rss>
