<?xml version="1.0" encoding="UTF-8" ?>
<!-- This is a WordPress eXtended RSS file generated by WordPress as an export of your site. -->
<!-- It contains information about your site's posts, pages, comments, categories, and other content. -->
<!-- You may use this file to transfer that content from one site to another. -->
<!-- This file is not intended to serve as a complete backup of your site. -->

<!-- To import this information into a WordPress site follow these steps: -->
<!-- 1. Log in to that site as an administrator. -->
<!-- 2. Go to Tools: Import in the WordPress admin panel. -->
<!-- 3. Install the "WordPress" importer from the list. -->
<!-- 4. Activate & Run Importer. -->
<!-- 5. Upload this file using the form provided on that page. -->
<!-- 6. You will first be asked to map the authors in this export file to users -->
<!--    on the site. For each author, you may choose to map to an -->
<!--    existing user on the site or to create a new user. -->
<!-- 7. WordPress will then import each of the posts, pages, comments, categories, etc. -->
<!--    contained in this file into your site. -->

<!-- generator="WordPress/5.2.2" created="2019-08-01 08:07" -->
<rss version="2.0"
	xmlns:excerpt="http://wordpress.org/export/1.2/excerpt/"
	xmlns:content="http://purl.org/rss/1.0/modules/content/"
	xmlns:wfw="http://wellformedweb.org/CommentAPI/"
	xmlns:dc="http://purl.org/dc/elements/1.1/"
	xmlns:wp="http://wordpress.org/export/1.2/"
>

<channel>
	<title>Kodo</title>
	<link>http://kodo.wp1.zootemplate.com</link>
	<description>Just another WordPress site</description>
	<pubDate>Thu, 01 Aug 2019 08:07:28 +0000</pubDate>
	<language>en-US</language>
	<wp:wxr_version>1.2</wp:wxr_version>
	<wp:base_site_url>http://kodo.wp1.zootemplate.com</wp:base_site_url>
	<wp:base_blog_url>http://kodo.wp1.zootemplate.com</wp:base_blog_url>

	<wp:author><wp:author_id>2</wp:author_id><wp:author_login><![CDATA[clever]]></wp:author_login><wp:author_email><![CDATA[clever@gmail.com]]></wp:author_email><wp:author_display_name><![CDATA[clever]]></wp:author_display_name><wp:author_first_name><![CDATA[Nguyen]]></wp:author_first_name><wp:author_last_name><![CDATA[Toan]]></wp:author_last_name></wp:author>


	<generator>https://wordpress.org/?v=5.2.2</generator>

	<item>
		<title>Home 6</title>
		<link>http://kodo.wp1.zootemplate.com/home-6/</link>
		<pubDate>Fri, 11 Aug 2017 08:21:29 +0000</pubDate>
		<dc:creator><![CDATA[clever]]></dc:creator>
		<guid isPermaLink="false">http://wp.rivertheme.com/zoo-kodo/?page_id=2182</guid>
		<description></description>
		<content:encoded><![CDATA[<a href="http://kodo.wp1.zootemplate.com/product-category/necklake/jeans/" title="Fashion Dust">
<img src="http://kodo.wp1.zootemplate.com/wp-content/uploads/2017/08/kodo-image-13.jpg" alt="Fashion Dust"></a>

<a href="http://kodo.wp1.zootemplate.com/product-category/necklake/jeans/" title="Fashion Dust">
<h3>Fashion Dust</h3>
</a><a href="http://kodo.wp1.zootemplate.com/product-category/necklake/jeans/" title="Fashion Dust">        </a>
<a href="http://kodo.wp1.zootemplate.com/product-category/men-t-shirt/shirts-blouses/" title="Shirts Summer">
<img src="http://kodo.wp1.zootemplate.com/wp-content/uploads/2017/08/kodo-image-14.jpg" alt="Shirts Summer"></a>

<a href="http://kodo.wp1.zootemplate.com/product-category/men-t-shirt/shirts-blouses/" title="Shirts Summer">
<h3>Shirts Summer</h3>
</a><a href="http://kodo.wp1.zootemplate.com/product-category/men-t-shirt/shirts-blouses/" title="Shirts Summer">        </a>
<a href="http://kodo.wp1.zootemplate.com/product-category/necklake/jeans/" title="Dresses Collection">
<img src="http://kodo.wp1.zootemplate.com/wp-content/uploads/2017/08/kodo-image-15.jpg" alt="Dresses Collection"></a>

<a href="http://kodo.wp1.zootemplate.com/product-category/necklake/jeans/" title="Dresses Collection">
<h3>Dresses Collection</h3>
</a><a href="http://kodo.wp1.zootemplate.com/product-category/necklake/jeans/" title="Dresses Collection">        </a>]]></content:encoded>
		<excerpt:encoded><![CDATA[]]></excerpt:encoded>
		<wp:post_id>2182</wp:post_id>
		<wp:post_date><![CDATA[2017-08-11 08:21:29]]></wp:post_date>
		<wp:post_date_gmt><![CDATA[2017-08-11 08:21:29]]></wp:post_date_gmt>
		<wp:comment_status><![CDATA[closed]]></wp:comment_status>
		<wp:ping_status><![CDATA[closed]]></wp:ping_status>
		<wp:post_name><![CDATA[home-6]]></wp:post_name>
		<wp:status><![CDATA[publish]]></wp:status>
		<wp:post_parent>0</wp:post_parent>
		<wp:menu_order>0</wp:menu_order>
		<wp:post_type><![CDATA[page]]></wp:post_type>
		<wp:post_password><![CDATA[]]></wp:post_password>
		<wp:is_sticky>0</wp:is_sticky>
		<wp:postmeta>
			<wp:meta_key><![CDATA[_vc_post_settings]]></wp:meta_key>
			<wp:meta_value><![CDATA[a:1:{s:10:"vc_grid_id";a:0:{}}]]></wp:meta_value>
		</wp:postmeta>
		<wp:postmeta>
			<wp:meta_key><![CDATA[_vc_post_settings]]></wp:meta_key>
			<wp:meta_value><![CDATA[a:1:{s:10:"vc_grid_id";a:0:{}}]]></wp:meta_value>
		</wp:postmeta>
		<wp:postmeta>
			<wp:meta_key><![CDATA[slide_template]]></wp:meta_key>
			<wp:meta_value><![CDATA[default]]></wp:meta_value>
		</wp:postmeta>
		<wp:postmeta>
			<wp:meta_key><![CDATA[_wpb_vc_js_status]]></wp:meta_key>
			<wp:meta_value><![CDATA[true]]></wp:meta_value>
		</wp:postmeta>
		<wp:postmeta>
			<wp:meta_key><![CDATA[_the_champ_meta]]></wp:meta_key>
			<wp:meta_value><![CDATA[a:5:{s:7:"sharing";i:0;s:16:"vertical_sharing";i:0;s:7:"counter";i:0;s:16:"vertical_counter";i:0;s:11:"fb_comments";i:0;}]]></wp:meta_value>
		</wp:postmeta>
		<wp:postmeta>
			<wp:meta_key><![CDATA[zoo_single_page_padding_top]]></wp:meta_key>
			<wp:meta_value><![CDATA[inherit]]></wp:meta_value>
		</wp:postmeta>
		<wp:postmeta>
			<wp:meta_key><![CDATA[zoo_single_page_padding_bottom]]></wp:meta_key>
			<wp:meta_value><![CDATA[0]]></wp:meta_value>
		</wp:postmeta>
		<wp:postmeta>
			<wp:meta_key><![CDATA[zoo_site_layout]]></wp:meta_key>
			<wp:meta_value><![CDATA[inherit]]></wp:meta_value>
		</wp:postmeta>
		<wp:postmeta>
			<wp:meta_key><![CDATA[zoo_site_layout_box_shadow]]></wp:meta_key>
			<wp:meta_value><![CDATA[1]]></wp:meta_value>
		</wp:postmeta>
		<wp:postmeta>
			<wp:meta_key><![CDATA[zoo_site_background_color]]></wp:meta_key>
			<wp:meta_value><![CDATA[#fff]]></wp:meta_value>
		</wp:postmeta>
		<wp:postmeta>
			<wp:meta_key><![CDATA[zoo_site_background_size]]></wp:meta_key>
			<wp:meta_value><![CDATA[cover]]></wp:meta_value>
		</wp:postmeta>
		<wp:postmeta>
			<wp:meta_key><![CDATA[zoo_site_background_repeat]]></wp:meta_key>
			<wp:meta_value><![CDATA[no-repeat]]></wp:meta_value>
		</wp:postmeta>
		<wp:postmeta>
			<wp:meta_key><![CDATA[zoo_site_background_position]]></wp:meta_key>
			<wp:meta_value><![CDATA[center center]]></wp:meta_value>
		</wp:postmeta>
		<wp:postmeta>
			<wp:meta_key><![CDATA[zoo_site_background_attachment]]></wp:meta_key>
			<wp:meta_value><![CDATA[scroll]]></wp:meta_value>
		</wp:postmeta>
		<wp:postmeta>
			<wp:meta_key><![CDATA[zoo_header_custom_menu]]></wp:meta_key>
			<wp:meta_value><![CDATA[none]]></wp:meta_value>
		</wp:postmeta>
		<wp:postmeta>
			<wp:meta_key><![CDATA[zoo_hide_tag_line]]></wp:meta_key>
			<wp:meta_value><![CDATA[0]]></wp:meta_value>
		</wp:postmeta>
		<wp:postmeta>
			<wp:meta_key><![CDATA[zoo_disable_title]]></wp:meta_key>
			<wp:meta_value><![CDATA[1]]></wp:meta_value>
		</wp:postmeta>
		<wp:postmeta>
			<wp:meta_key><![CDATA[zoo_disable_breadcrumbs]]></wp:meta_key>
			<wp:meta_value><![CDATA[1]]></wp:meta_value>
		</wp:postmeta>
		<wp:postmeta>
			<wp:meta_key><![CDATA[zoo_header_top]]></wp:meta_key>
			<wp:meta_value><![CDATA[1]]></wp:meta_value>
		</wp:postmeta>
		<wp:postmeta>
			<wp:meta_key><![CDATA[zoo_header_layout]]></wp:meta_key>
			<wp:meta_value><![CDATA[menu-left]]></wp:meta_value>
		</wp:postmeta>
		<wp:postmeta>
			<wp:meta_key><![CDATA[zoo_header_hide_border_bottom]]></wp:meta_key>
			<wp:meta_value><![CDATA[1]]></wp:meta_value>
		</wp:postmeta>
		<wp:postmeta>
			<wp:meta_key><![CDATA[zoo_header_transparent]]></wp:meta_key>
			<wp:meta_value><![CDATA[0]]></wp:meta_value>
		</wp:postmeta>
		<wp:postmeta>
			<wp:meta_key><![CDATA[zoo_header_fullwidth]]></wp:meta_key>
			<wp:meta_value><![CDATA[0]]></wp:meta_value>
		</wp:postmeta>
		<wp:postmeta>
			<wp:meta_key><![CDATA[zoo_show_newsletter]]></wp:meta_key>
			<wp:meta_value><![CDATA[0]]></wp:meta_value>
		</wp:postmeta>
		<wp:postmeta>
			<wp:meta_key><![CDATA[zoo_top_footer]]></wp:meta_key>
			<wp:meta_value><![CDATA[1]]></wp:meta_value>
		</wp:postmeta>
		<wp:postmeta>
			<wp:meta_key><![CDATA[zoo_main_footer]]></wp:meta_key>
			<wp:meta_value><![CDATA[0]]></wp:meta_value>
		</wp:postmeta>
		<wp:postmeta>
			<wp:meta_key><![CDATA[zoo_footer_layout]]></wp:meta_key>
			<wp:meta_value><![CDATA[style3]]></wp:meta_value>
		</wp:postmeta>
		<wp:postmeta>
			<wp:meta_key><![CDATA[zoo_main_footer_color]]></wp:meta_key>
			<wp:meta_value><![CDATA[#777]]></wp:meta_value>
		</wp:postmeta>
		<wp:postmeta>
			<wp:meta_key><![CDATA[zoo_main_footer_link_color]]></wp:meta_key>
			<wp:meta_value><![CDATA[#777]]></wp:meta_value>
		</wp:postmeta>
		<wp:postmeta>
			<wp:meta_key><![CDATA[zoo_main_footer_link_color_hover]]></wp:meta_key>
			<wp:meta_value><![CDATA[#dc2f47]]></wp:meta_value>
		</wp:postmeta>
		<wp:postmeta>
			<wp:meta_key><![CDATA[zoo_main_footer_block_title_color]]></wp:meta_key>
			<wp:meta_value><![CDATA[#222]]></wp:meta_value>
		</wp:postmeta>
		<wp:postmeta>
			<wp:meta_key><![CDATA[zoo_main_footer_background_color]]></wp:meta_key>
			<wp:meta_value><![CDATA[#fff]]></wp:meta_value>
		</wp:postmeta>
		<wp:postmeta>
			<wp:meta_key><![CDATA[zoo_main_footer_field_background_color]]></wp:meta_key>
			<wp:meta_value><![CDATA[#f5f5f5]]></wp:meta_value>
		</wp:postmeta>
		<wp:postmeta>
			<wp:meta_key><![CDATA[zoo_footer_color]]></wp:meta_key>
			<wp:meta_value><![CDATA[#777]]></wp:meta_value>
		</wp:postmeta>
		<wp:postmeta>
			<wp:meta_key><![CDATA[zoo_footer_link_color]]></wp:meta_key>
			<wp:meta_value><![CDATA[#777]]></wp:meta_value>
		</wp:postmeta>
		<wp:postmeta>
			<wp:meta_key><![CDATA[zoo_footer_link_color_hover]]></wp:meta_key>
			<wp:meta_value><![CDATA[#dc2f47]]></wp:meta_value>
		</wp:postmeta>
		<wp:postmeta>
			<wp:meta_key><![CDATA[zoo_footer_border_color]]></wp:meta_key>
			<wp:meta_value><![CDATA[#ebebeb]]></wp:meta_value>
		</wp:postmeta>
		<wp:postmeta>
			<wp:meta_key><![CDATA[zoo_footer_background_color]]></wp:meta_key>
			<wp:meta_value><![CDATA[#fff]]></wp:meta_value>
		</wp:postmeta>
		<wp:postmeta>
			<wp:meta_key><![CDATA[zoo_site_page_toc]]></wp:meta_key>
			<wp:meta_value><![CDATA[0]]></wp:meta_value>
		</wp:postmeta>
		<wp:postmeta>
			<wp:meta_key><![CDATA[_wxr_import_user_slug]]></wp:meta_key>
			<wp:meta_value><![CDATA[admin]]></wp:meta_value>
		</wp:postmeta>
		<wp:postmeta>
			<wp:meta_key><![CDATA[_edit_last]]></wp:meta_key>
			<wp:meta_value><![CDATA[1]]></wp:meta_value>
		</wp:postmeta>
		<wp:postmeta>
			<wp:meta_key><![CDATA[zoo_meta_page_header_template]]></wp:meta_key>
			<wp:meta_value><![CDATA[header-menu-left-1564024949]]></wp:meta_value>
		</wp:postmeta>
		<wp:postmeta>
			<wp:meta_key><![CDATA[zoo_meta_page_footer_template]]></wp:meta_key>
			<wp:meta_value><![CDATA[footer-copyright-center-two-1564117298]]></wp:meta_value>
		</wp:postmeta>
		<wp:postmeta>
			<wp:meta_key><![CDATA[_elementor_edit_mode]]></wp:meta_key>
			<wp:meta_value><![CDATA[builder]]></wp:meta_value>
		</wp:postmeta>
		<wp:postmeta>
			<wp:meta_key><![CDATA[_elementor_template_type]]></wp:meta_key>
			<wp:meta_value><![CDATA[post]]></wp:meta_value>
		</wp:postmeta>
		<wp:postmeta>
			<wp:meta_key><![CDATA[_elementor_version]]></wp:meta_key>
			<wp:meta_value><![CDATA[2.6.6]]></wp:meta_value>
		</wp:postmeta>
		<wp:postmeta>
			<wp:meta_key><![CDATA[_wp_page_template]]></wp:meta_key>
			<wp:meta_value><![CDATA[default]]></wp:meta_value>
		</wp:postmeta>
		<wp:postmeta>
			<wp:meta_key><![CDATA[_elementor_elements_usage]]></wp:meta_key>
			<wp:meta_value><![CDATA[a:3:{s:30:"clever-product-category-banner";i:3;s:6:"column";i:3;s:7:"section";i:1;}]]></wp:meta_value>
		</wp:postmeta>
		<wp:postmeta>
			<wp:meta_key><![CDATA[_elementor_data]]></wp:meta_key>
			<wp:meta_value><![CDATA[[{"id":"edf64d2","elType":"section","settings":{"stretch_section":"section-stretched","layout":"full_width","structure":"30"},"elements":[{"id":"0f98952","elType":"column","settings":{"_column_size":33,"_inline_size":null,"padding":{"unit":"px","top":"0","right":"0","bottom":"0","left":"0","isLinked":true}},"elements":[{"id":"e5d192c","elType":"widget","settings":{"cat":"jeans","image":{"url":"http:\/\/kodo.wp1.zootemplate.com\/wp-content\/uploads\/2017\/08\/kodo-image-13.jpg","id":2200},"title":"Fashion Dust","button_label":"","text_align":"center","dimensions":{"unit":"px","top":"0","right":"30","bottom":"30","left":"30","isLinked":false},"title_typography_typography":"custom","title_typography_font_size":{"unit":"px","size":40,"sizes":[]},"title_typography_font_weight":"500","title_color_hover":"#dc2f47"},"elements":[],"widgetType":"clever-product-category-banner"}],"isInner":false},{"id":"fe1a85d","elType":"column","settings":{"_column_size":33,"_inline_size":null,"padding":{"unit":"px","top":"0","right":"0","bottom":"0","left":"0","isLinked":true}},"elements":[{"id":"37c9194","elType":"widget","settings":{"cat":"shirts-blouses","image":{"url":"http:\/\/kodo.wp1.zootemplate.com\/wp-content\/uploads\/2017\/08\/kodo-image-14.jpg","id":2201},"title":"Shirts Summer","button_label":"","text_align":"center","dimensions":{"unit":"px","top":"0","right":"30","bottom":"30","left":"30","isLinked":false},"title_typography_typography":"custom","title_typography_font_size":{"unit":"px","size":40,"sizes":[]},"title_typography_font_weight":"500","title_color_hover":"#dc2f47"},"elements":[],"widgetType":"clever-product-category-banner"}],"isInner":false},{"id":"fd3b2d2","elType":"column","settings":{"_column_size":33,"_inline_size":null,"padding":{"unit":"px","top":"0","right":"0","bottom":"0","left":"0","isLinked":true}},"elements":[{"id":"782122d","elType":"widget","settings":{"cat":"jeans","image":{"url":"http:\/\/kodo.wp1.zootemplate.com\/wp-content\/uploads\/2017\/08\/kodo-image-15.jpg","id":2202},"title":"Dresses Collection","button_label":"","text_align":"center","dimensions":{"unit":"px","top":"0","right":"30","bottom":"30","left":"30","isLinked":false},"title_typography_typography":"custom","title_typography_font_size":{"unit":"px","size":40,"sizes":[]},"title_typography_font_weight":"500","title_color_hover":"#dc2f47"},"elements":[],"widgetType":"clever-product-category-banner"}],"isInner":false}],"isInner":false}]]]></wp:meta_value>
		</wp:postmeta>
	</item>
</channel>
</rss>
