<?xml version="1.0" encoding="UTF-8" ?>
<!-- This is a WordPress eXtended RSS file generated by WordPress as an export of your site. -->
<!-- It contains information about your site's posts, pages, comments, categories, and other content. -->
<!-- You may use this file to transfer that content from one site to another. -->
<!-- This file is not intended to serve as a complete backup of your site. -->

<!-- To import this information into a WordPress site follow these steps: -->
<!-- 1. Log in to that site as an administrator. -->
<!-- 2. Go to Tools: Import in the WordPress admin panel. -->
<!-- 3. Install the "WordPress" importer from the list. -->
<!-- 4. Activate & Run Importer. -->
<!-- 5. Upload this file using the form provided on that page. -->
<!-- 6. You will first be asked to map the authors in this export file to users -->
<!--    on the site. For each author, you may choose to map to an -->
<!--    existing user on the site or to create a new user. -->
<!-- 7. WordPress will then import each of the posts, pages, comments, categories, etc. -->
<!--    contained in this file into your site. -->

<!-- generator="WordPress/5.6" created="2021-02-03 09:14" -->
<rss version="2.0"
	xmlns:excerpt="http://wordpress.org/export/1.2/excerpt/"
	xmlns:content="http://purl.org/rss/1.0/modules/content/"
	xmlns:wfw="http://wellformedweb.org/CommentAPI/"
	xmlns:dc="http://purl.org/dc/elements/1.1/"
	xmlns:wp="http://wordpress.org/export/1.2/"
>

<channel>
	<title>Kodo</title>
	<link>http://kodo.wp1.zootemplate.com</link>
	<description>Just another WordPress site</description>
	<pubDate>Wed, 03 Feb 2021 09:14:43 +0000</pubDate>
	<language>en-US</language>
	<wp:wxr_version>1.2</wp:wxr_version>
	<wp:base_site_url>http://kodo.wp1.zootemplate.com</wp:base_site_url>
	<wp:base_blog_url>http://kodo.wp1.zootemplate.com</wp:base_blog_url>

	<wp:author><wp:author_id>2</wp:author_id><wp:author_login><![CDATA[clever]]></wp:author_login><wp:author_email><![CDATA[clever@gmail.com]]></wp:author_email><wp:author_display_name><![CDATA[clever]]></wp:author_display_name><wp:author_first_name><![CDATA[Nguyen]]></wp:author_first_name><wp:author_last_name><![CDATA[Toan]]></wp:author_last_name></wp:author>


	<generator>https://wordpress.org/?v=5.6</generator>

	<item>
		<title>Home 5</title>
		<link>http://kodo.wp1.zootemplate.com/home-5/</link>
		<pubDate>Fri, 11 Aug 2017 08:20:46 +0000</pubDate>
		<dc:creator><![CDATA[clever]]></dc:creator>
		<guid isPermaLink="false">http://wp.rivertheme.com/zoo-kodo/?page_id=2180</guid>
		<description></description>
		<content:encoded><![CDATA[<ul>
 	<li>
	Sale!
<a href="http://kodo.wp1.zootemplate.com/product/t-shirt-frilled-sleeves/" title="T-shirt Frilled Sleeves">
<img width="300" height="300" src="http://kodo.wp1.zootemplate.com/wp-content/uploads/2017/07/product-kodo-1-300x300.jpg" alt="" srcset="http://kodo.wp1.zootemplate.com/wp-content/uploads/2017/07/product-kodo-1-300x300.jpg 300w, http://kodo.wp1.zootemplate.com/wp-content/uploads/2017/07/product-kodo-1-150x150.jpg 150w, http://kodo.wp1.zootemplate.com/wp-content/uploads/2017/07/product-kodo-1-450x450.jpg 450w, http://kodo.wp1.zootemplate.com/wp-content/uploads/2017/07/product-kodo-1-120x120.jpg 120w, http://kodo.wp1.zootemplate.com/wp-content/uploads/2017/07/product-kodo-1-30x30.jpg 30w" sizes="(max-width: 300px) 100vw, 300px"><img width="300" height="300" src="http://kodo.wp1.zootemplate.com/wp-content/uploads/2017/07/product-kodo-3-300x300.jpg" alt="" srcset="http://kodo.wp1.zootemplate.com/wp-content/uploads/2017/07/product-kodo-3-300x300.jpg 300w, http://kodo.wp1.zootemplate.com/wp-content/uploads/2017/07/product-kodo-3-150x150.jpg 150w, http://kodo.wp1.zootemplate.com/wp-content/uploads/2017/07/product-kodo-3-450x450.jpg 450w, http://kodo.wp1.zootemplate.com/wp-content/uploads/2017/07/product-kodo-3-120x120.jpg 120w, http://kodo.wp1.zootemplate.com/wp-content/uploads/2017/07/product-kodo-3-30x30.jpg 30w" sizes="(max-width: 300px) 100vw, 300px">            </a>
Out of Stock
<a href="#" rel="nofollow" data-id="99" title="Add to wishlist" data-label-added="Product Added"> Add to wishlist</a><a href="#" title="Quick view" data-productid="99"> Quick view</a>
<h3><a href="http://kodo.wp1.zootemplate.com/product/t-shirt-frilled-sleeves/" title="T-shirt Frilled Sleeves">T-shirt Frilled Sleeves</a></h3>
$120.00 – $160.00
<input type="hidden" name="attribute_pa_color" data-attribute_name="attribute_pa_color" value="black">
<input type="hidden" name="attribute_pa_color" data-attribute_name="attribute_pa_color" value="orange">
<input type="hidden" name="attribute_pa_color" data-attribute_name="attribute_pa_color" value="white">
<input type="hidden" name="attribute_pa_color" data-attribute_name="attribute_pa_color" value="yellow">
<a href="http://kodo.wp1.zootemplate.com/product/t-shirt-frilled-sleeves/" data-quantity="1" title="Select options" data-product_id="99" data-product_sku="" aria-label="Select options for “T-shirt Frilled Sleeves”" rel="nofollow">Select options</a></li>
 	<li>
	Sale!
<a href="http://kodo.wp1.zootemplate.com/product/lose-ovearsized-shirt/" title="Lose Ovearsized Shirt">
<img width="300" height="300" src="http://kodo.wp1.zootemplate.com/wp-content/uploads/2017/07/product-kodo-2-300x300.jpg" alt="" srcset="http://kodo.wp1.zootemplate.com/wp-content/uploads/2017/07/product-kodo-2-300x300.jpg 300w, http://kodo.wp1.zootemplate.com/wp-content/uploads/2017/07/product-kodo-2-150x150.jpg 150w, http://kodo.wp1.zootemplate.com/wp-content/uploads/2017/07/product-kodo-2-450x450.jpg 450w, http://kodo.wp1.zootemplate.com/wp-content/uploads/2017/07/product-kodo-2-120x120.jpg 120w, http://kodo.wp1.zootemplate.com/wp-content/uploads/2017/07/product-kodo-2-30x30.jpg 30w" sizes="(max-width: 300px) 100vw, 300px"><img width="300" height="300" src="http://kodo.wp1.zootemplate.com/wp-content/uploads/2017/07/product-kodo-13-300x300.jpg" alt="" srcset="http://kodo.wp1.zootemplate.com/wp-content/uploads/2017/07/product-kodo-13-300x300.jpg 300w, http://kodo.wp1.zootemplate.com/wp-content/uploads/2017/07/product-kodo-13-150x150.jpg 150w, http://kodo.wp1.zootemplate.com/wp-content/uploads/2017/07/product-kodo-13-450x450.jpg 450w, http://kodo.wp1.zootemplate.com/wp-content/uploads/2017/07/product-kodo-13-120x120.jpg 120w, http://kodo.wp1.zootemplate.com/wp-content/uploads/2017/07/product-kodo-13-30x30.jpg 30w" sizes="(max-width: 300px) 100vw, 300px">            </a>
<a href="#" rel="nofollow" data-id="96" title="Add to wishlist" data-label-added="Product Added"> Add to wishlist</a><a href="#" title="Quick view" data-productid="96"> Quick view</a>
<h3><a href="http://kodo.wp1.zootemplate.com/product/lose-ovearsized-shirt/" title="Lose Ovearsized Shirt">Lose Ovearsized Shirt</a></h3>
<del>$124.00</del> <ins>$119.00</ins>
<a href="/cleversoft/kodo/wp-admin/admin-ajax.php?add-to-cart=96" data-quantity="1" title="Add to cart" data-product_id="96" data-product_sku="" aria-label="Add “Lose Ovearsized Shirt” to your cart" rel="nofollow">Add to cart</a></li>
 	<li>
	            <a href="http://kodo.wp1.zootemplate.com/product/cotton-jersey-top/" title="Cotton-Jersey Top">
<img width="300" height="300" src="http://kodo.wp1.zootemplate.com/wp-content/uploads/2017/07/product-kodo-3-300x300.jpg" alt="" srcset="http://kodo.wp1.zootemplate.com/wp-content/uploads/2017/07/product-kodo-3-300x300.jpg 300w, http://kodo.wp1.zootemplate.com/wp-content/uploads/2017/07/product-kodo-3-150x150.jpg 150w, http://kodo.wp1.zootemplate.com/wp-content/uploads/2017/07/product-kodo-3-450x450.jpg 450w, http://kodo.wp1.zootemplate.com/wp-content/uploads/2017/07/product-kodo-3-120x120.jpg 120w, http://kodo.wp1.zootemplate.com/wp-content/uploads/2017/07/product-kodo-3-30x30.jpg 30w" sizes="(max-width: 300px) 100vw, 300px"><img width="300" height="300" src="http://kodo.wp1.zootemplate.com/wp-content/uploads/2017/07/product-kodo-8-300x300.jpg" alt="" srcset="http://kodo.wp1.zootemplate.com/wp-content/uploads/2017/07/product-kodo-8-300x300.jpg 300w, http://kodo.wp1.zootemplate.com/wp-content/uploads/2017/07/product-kodo-8-150x150.jpg 150w, http://kodo.wp1.zootemplate.com/wp-content/uploads/2017/07/product-kodo-8-450x450.jpg 450w, http://kodo.wp1.zootemplate.com/wp-content/uploads/2017/07/product-kodo-8-120x120.jpg 120w, http://kodo.wp1.zootemplate.com/wp-content/uploads/2017/07/product-kodo-8-30x30.jpg 30w" sizes="(max-width: 300px) 100vw, 300px">            </a>
<a href="#" rel="nofollow" data-id="93" title="Add to wishlist" data-label-added="Product Added"> Add to wishlist</a><a href="#" title="Quick view" data-productid="93"> Quick view</a>
<h3><a href="http://kodo.wp1.zootemplate.com/product/cotton-jersey-top/" title="Cotton-Jersey Top">Cotton-Jersey Top</a></h3>
$260.00 – $350.00
L
<input type="hidden" name="attribute_pa_size" data-attribute_name="attribute_pa_size" value="l">
S
<input type="hidden" name="attribute_pa_size" data-attribute_name="attribute_pa_size" value="s">
XL
<input type="hidden" name="attribute_pa_size" data-attribute_name="attribute_pa_size" value="xl">
<a href="http://kodo.wp1.zootemplate.com/product/cotton-jersey-top/" data-quantity="1" title="Select options" data-product_id="93" data-product_sku="SKU 001" aria-label="Select options for “Cotton-Jersey Top”" rel="nofollow">Select options</a></li>
 	<li>
	            <a href="http://kodo.wp1.zootemplate.com/product/cotton-bermuda-shorts/" title="Cotton Bermuda Shorts">
<img width="300" height="300" src="http://kodo.wp1.zootemplate.com/wp-content/uploads/2017/07/product-kodo-4-300x300.jpg" alt="" srcset="http://kodo.wp1.zootemplate.com/wp-content/uploads/2017/07/product-kodo-4-300x300.jpg 300w, http://kodo.wp1.zootemplate.com/wp-content/uploads/2017/07/product-kodo-4-150x150.jpg 150w, http://kodo.wp1.zootemplate.com/wp-content/uploads/2017/07/product-kodo-4-450x450.jpg 450w, http://kodo.wp1.zootemplate.com/wp-content/uploads/2017/07/product-kodo-4-120x120.jpg 120w, http://kodo.wp1.zootemplate.com/wp-content/uploads/2017/07/product-kodo-4-30x30.jpg 30w" sizes="(max-width: 300px) 100vw, 300px"><img width="300" height="300" src="http://kodo.wp1.zootemplate.com/wp-content/uploads/2017/07/product-kodo-11-300x300.jpg" alt="" srcset="http://kodo.wp1.zootemplate.com/wp-content/uploads/2017/07/product-kodo-11-300x300.jpg 300w, http://kodo.wp1.zootemplate.com/wp-content/uploads/2017/07/product-kodo-11-150x150.jpg 150w, http://kodo.wp1.zootemplate.com/wp-content/uploads/2017/07/product-kodo-11-450x450.jpg 450w, http://kodo.wp1.zootemplate.com/wp-content/uploads/2017/07/product-kodo-11-120x120.jpg 120w, http://kodo.wp1.zootemplate.com/wp-content/uploads/2017/07/product-kodo-11-30x30.jpg 30w" sizes="(max-width: 300px) 100vw, 300px">            </a>
<a href="#" rel="nofollow" data-id="90" title="Add to wishlist" data-label-added="Product Added"> Add to wishlist</a><a href="#" title="Quick view" data-productid="90"> Quick view</a>
<h3><a href="http://kodo.wp1.zootemplate.com/product/cotton-bermuda-shorts/" title="Cotton Bermuda Shorts">Cotton Bermuda Shorts</a></h3>
$99.00
<a href="/cleversoft/kodo/wp-admin/admin-ajax.php?add-to-cart=90" data-quantity="1" title="Add to cart" data-product_id="90" data-product_sku="" aria-label="Add “Cotton Bermuda Shorts” to your cart" rel="nofollow">Add to cart</a></li>
 	<li>
	            <a href="http://kodo.wp1.zootemplate.com/product/combined-lace-skirt/" title="Combined Lace Skirt">
<img width="300" height="300" src="http://kodo.wp1.zootemplate.com/wp-content/uploads/2017/07/product-kodo-5-300x300.jpg" alt="" srcset="http://kodo.wp1.zootemplate.com/wp-content/uploads/2017/07/product-kodo-5-300x300.jpg 300w, http://kodo.wp1.zootemplate.com/wp-content/uploads/2017/07/product-kodo-5-150x150.jpg 150w, http://kodo.wp1.zootemplate.com/wp-content/uploads/2017/07/product-kodo-5-450x450.jpg 450w, http://kodo.wp1.zootemplate.com/wp-content/uploads/2017/07/product-kodo-5-120x120.jpg 120w, http://kodo.wp1.zootemplate.com/wp-content/uploads/2017/07/product-kodo-5-30x30.jpg 30w" sizes="(max-width: 300px) 100vw, 300px"><img width="300" height="300" src="http://kodo.wp1.zootemplate.com/wp-content/uploads/2017/07/product-kodo-10-300x300.jpg" alt="" srcset="http://kodo.wp1.zootemplate.com/wp-content/uploads/2017/07/product-kodo-10-300x300.jpg 300w, http://kodo.wp1.zootemplate.com/wp-content/uploads/2017/07/product-kodo-10-150x150.jpg 150w, http://kodo.wp1.zootemplate.com/wp-content/uploads/2017/07/product-kodo-10-450x450.jpg 450w, http://kodo.wp1.zootemplate.com/wp-content/uploads/2017/07/product-kodo-10-120x120.jpg 120w, http://kodo.wp1.zootemplate.com/wp-content/uploads/2017/07/product-kodo-10-30x30.jpg 30w" sizes="(max-width: 300px) 100vw, 300px">            </a>
<a href="#" rel="nofollow" data-id="87" title="Add to wishlist" data-label-added="Product Added"> Add to wishlist</a><a href="#" title="Quick view" data-productid="87"> Quick view</a>
<h3><a href="http://kodo.wp1.zootemplate.com/product/combined-lace-skirt/" title="Combined Lace Skirt">Combined Lace Skirt</a></h3>
$145.00 – $160.00
<img src="http://kodo.wp3.zootemplate.com/wp-content/uploads/2017/07/product-kodo-31-150x150.jpg" title="Black" alt="Black">
<input type="hidden" name="attribute_pa_image" data-attribute_name="attribute_pa_image" value="dress">
<img src="http://kodo.wp3.zootemplate.com/wp-content/uploads/2017/07/product-kodo-35-150x150.jpg" title="Orange" alt="Orange">
<input type="hidden" name="attribute_pa_image" data-attribute_name="attribute_pa_image" value="orange-dress">
<img src="http://kodo.wp3.zootemplate.com/wp-content/uploads/2017/07/product-kodo-34-150x150.jpg" title="White" alt="White">
<input type="hidden" name="attribute_pa_image" data-attribute_name="attribute_pa_image" value="white-dress">
<img src="http://kodo.wp3.zootemplate.com/wp-content/uploads/2017/07/product-kodo-39-150x150.jpg" title="Yellow" alt="Yellow">
<input type="hidden" name="attribute_pa_image" data-attribute_name="attribute_pa_image" value="yellow-dress">
<a href="http://kodo.wp1.zootemplate.com/product/combined-lace-skirt/" data-quantity="1" title="Select options" data-product_id="87" data-product_sku="" aria-label="Select options for “Combined Lace Skirt”" rel="nofollow">Select options</a></li>
 	<li>
	            <a href="http://kodo.wp1.zootemplate.com/product/long-camouflage/" title="Long Camouflage">
<img width="300" height="300" src="http://kodo.wp1.zootemplate.com/wp-content/uploads/2017/07/product-kodo-6-300x300.jpg" alt="" srcset="http://kodo.wp1.zootemplate.com/wp-content/uploads/2017/07/product-kodo-6-300x300.jpg 300w, http://kodo.wp1.zootemplate.com/wp-content/uploads/2017/07/product-kodo-6-150x150.jpg 150w, http://kodo.wp1.zootemplate.com/wp-content/uploads/2017/07/product-kodo-6-450x450.jpg 450w, http://kodo.wp1.zootemplate.com/wp-content/uploads/2017/07/product-kodo-6-120x120.jpg 120w, http://kodo.wp1.zootemplate.com/wp-content/uploads/2017/07/product-kodo-6-30x30.jpg 30w" sizes="(max-width: 300px) 100vw, 300px"><img width="300" height="300" src="http://kodo.wp1.zootemplate.com/wp-content/uploads/2017/07/product-kodo-8-300x300.jpg" alt="" srcset="http://kodo.wp1.zootemplate.com/wp-content/uploads/2017/07/product-kodo-8-300x300.jpg 300w, http://kodo.wp1.zootemplate.com/wp-content/uploads/2017/07/product-kodo-8-150x150.jpg 150w, http://kodo.wp1.zootemplate.com/wp-content/uploads/2017/07/product-kodo-8-450x450.jpg 450w, http://kodo.wp1.zootemplate.com/wp-content/uploads/2017/07/product-kodo-8-120x120.jpg 120w, http://kodo.wp1.zootemplate.com/wp-content/uploads/2017/07/product-kodo-8-30x30.jpg 30w" sizes="(max-width: 300px) 100vw, 300px">            </a>
<a href="#" rel="nofollow" data-id="83" title="Add to wishlist" data-label-added="Product Added"> Add to wishlist</a><a href="#" title="Quick view" data-productid="83"> Quick view</a>
<h3><a href="http://kodo.wp1.zootemplate.com/product/long-camouflage/" title="Long Camouflage">Long Camouflage</a></h3>
$199.00
<a href="/cleversoft/kodo/wp-admin/admin-ajax.php?add-to-cart=83" data-quantity="1" title="Add to cart" data-product_id="83" data-product_sku="" aria-label="Add “Long Camouflage” to your cart" rel="nofollow">Add to cart</a></li>
</ul>]]></content:encoded>
		<excerpt:encoded><![CDATA[]]></excerpt:encoded>
		<wp:post_id>2180</wp:post_id>
		<wp:post_date><![CDATA[2017-08-11 08:20:46]]></wp:post_date>
		<wp:post_date_gmt><![CDATA[2017-08-11 08:20:46]]></wp:post_date_gmt>
		<wp:comment_status><![CDATA[closed]]></wp:comment_status>
		<wp:ping_status><![CDATA[closed]]></wp:ping_status>
		<wp:post_name><![CDATA[home-5]]></wp:post_name>
		<wp:status><![CDATA[publish]]></wp:status>
		<wp:post_parent>0</wp:post_parent>
		<wp:menu_order>0</wp:menu_order>
		<wp:post_type><![CDATA[page]]></wp:post_type>
		<wp:post_password><![CDATA[]]></wp:post_password>
		<wp:is_sticky>0</wp:is_sticky>
		<wp:postmeta>
			<wp:meta_key><![CDATA[_vc_post_settings]]></wp:meta_key>
			<wp:meta_value><![CDATA[a:1:{s:10:"vc_grid_id";a:0:{}}]]></wp:meta_value>
		</wp:postmeta>
		<wp:postmeta>
			<wp:meta_key><![CDATA[_wpb_shortcodes_custom_css]]></wp:meta_key>
			<wp:meta_value><![CDATA[.vc_custom_1503685002765{padding-top: 50px !important;}]]></wp:meta_value>
		</wp:postmeta>
		<wp:postmeta>
			<wp:meta_key><![CDATA[_vc_post_settings]]></wp:meta_key>
			<wp:meta_value><![CDATA[a:1:{s:10:"vc_grid_id";a:0:{}}]]></wp:meta_value>
		</wp:postmeta>
		<wp:postmeta>
			<wp:meta_key><![CDATA[slide_template]]></wp:meta_key>
			<wp:meta_value><![CDATA[default]]></wp:meta_value>
		</wp:postmeta>
		<wp:postmeta>
			<wp:meta_key><![CDATA[_wpb_vc_js_status]]></wp:meta_key>
			<wp:meta_value><![CDATA[true]]></wp:meta_value>
		</wp:postmeta>
		<wp:postmeta>
			<wp:meta_key><![CDATA[_the_champ_meta]]></wp:meta_key>
			<wp:meta_value><![CDATA[a:5:{s:7:"sharing";i:0;s:16:"vertical_sharing";i:0;s:7:"counter";i:0;s:16:"vertical_counter";i:0;s:11:"fb_comments";i:0;}]]></wp:meta_value>
		</wp:postmeta>
		<wp:postmeta>
			<wp:meta_key><![CDATA[zoo_single_page_padding_top]]></wp:meta_key>
			<wp:meta_value><![CDATA[inherit]]></wp:meta_value>
		</wp:postmeta>
		<wp:postmeta>
			<wp:meta_key><![CDATA[zoo_single_page_padding_bottom]]></wp:meta_key>
			<wp:meta_value><![CDATA[inherit]]></wp:meta_value>
		</wp:postmeta>
		<wp:postmeta>
			<wp:meta_key><![CDATA[zoo_site_layout]]></wp:meta_key>
			<wp:meta_value><![CDATA[inherit]]></wp:meta_value>
		</wp:postmeta>
		<wp:postmeta>
			<wp:meta_key><![CDATA[zoo_site_layout_box_shadow]]></wp:meta_key>
			<wp:meta_value><![CDATA[1]]></wp:meta_value>
		</wp:postmeta>
		<wp:postmeta>
			<wp:meta_key><![CDATA[zoo_site_background_color]]></wp:meta_key>
			<wp:meta_value><![CDATA[#fff]]></wp:meta_value>
		</wp:postmeta>
		<wp:postmeta>
			<wp:meta_key><![CDATA[zoo_site_background_size]]></wp:meta_key>
			<wp:meta_value><![CDATA[cover]]></wp:meta_value>
		</wp:postmeta>
		<wp:postmeta>
			<wp:meta_key><![CDATA[zoo_site_background_repeat]]></wp:meta_key>
			<wp:meta_value><![CDATA[no-repeat]]></wp:meta_value>
		</wp:postmeta>
		<wp:postmeta>
			<wp:meta_key><![CDATA[zoo_site_background_position]]></wp:meta_key>
			<wp:meta_value><![CDATA[center center]]></wp:meta_value>
		</wp:postmeta>
		<wp:postmeta>
			<wp:meta_key><![CDATA[zoo_site_background_attachment]]></wp:meta_key>
			<wp:meta_value><![CDATA[scroll]]></wp:meta_value>
		</wp:postmeta>
		<wp:postmeta>
			<wp:meta_key><![CDATA[zoo_header_custom_menu]]></wp:meta_key>
			<wp:meta_value><![CDATA[none]]></wp:meta_value>
		</wp:postmeta>
		<wp:postmeta>
			<wp:meta_key><![CDATA[zoo_hide_tag_line]]></wp:meta_key>
			<wp:meta_value><![CDATA[0]]></wp:meta_value>
		</wp:postmeta>
		<wp:postmeta>
			<wp:meta_key><![CDATA[zoo_disable_title]]></wp:meta_key>
			<wp:meta_value><![CDATA[1]]></wp:meta_value>
		</wp:postmeta>
		<wp:postmeta>
			<wp:meta_key><![CDATA[zoo_disable_breadcrumbs]]></wp:meta_key>
			<wp:meta_value><![CDATA[1]]></wp:meta_value>
		</wp:postmeta>
		<wp:postmeta>
			<wp:meta_key><![CDATA[zoo_header_top]]></wp:meta_key>
			<wp:meta_value><![CDATA[0]]></wp:meta_value>
		</wp:postmeta>
		<wp:postmeta>
			<wp:meta_key><![CDATA[zoo_header_layout]]></wp:meta_key>
			<wp:meta_value><![CDATA[menu-center]]></wp:meta_value>
		</wp:postmeta>
		<wp:postmeta>
			<wp:meta_key><![CDATA[zoo_header_hide_border_bottom]]></wp:meta_key>
			<wp:meta_value><![CDATA[1]]></wp:meta_value>
		</wp:postmeta>
		<wp:postmeta>
			<wp:meta_key><![CDATA[zoo_header_transparent]]></wp:meta_key>
			<wp:meta_value><![CDATA[0]]></wp:meta_value>
		</wp:postmeta>
		<wp:postmeta>
			<wp:meta_key><![CDATA[zoo_header_fullwidth]]></wp:meta_key>
			<wp:meta_value><![CDATA[0]]></wp:meta_value>
		</wp:postmeta>
		<wp:postmeta>
			<wp:meta_key><![CDATA[zoo_show_newsletter]]></wp:meta_key>
			<wp:meta_value><![CDATA[0]]></wp:meta_value>
		</wp:postmeta>
		<wp:postmeta>
			<wp:meta_key><![CDATA[zoo_top_footer]]></wp:meta_key>
			<wp:meta_value><![CDATA[0]]></wp:meta_value>
		</wp:postmeta>
		<wp:postmeta>
			<wp:meta_key><![CDATA[zoo_main_footer]]></wp:meta_key>
			<wp:meta_value><![CDATA[0]]></wp:meta_value>
		</wp:postmeta>
		<wp:postmeta>
			<wp:meta_key><![CDATA[zoo_footer_layout]]></wp:meta_key>
			<wp:meta_value><![CDATA[style4]]></wp:meta_value>
		</wp:postmeta>
		<wp:postmeta>
			<wp:meta_key><![CDATA[zoo_main_footer_color]]></wp:meta_key>
			<wp:meta_value><![CDATA[#ffffff]]></wp:meta_value>
		</wp:postmeta>
		<wp:postmeta>
			<wp:meta_key><![CDATA[zoo_main_footer_link_color]]></wp:meta_key>
			<wp:meta_value><![CDATA[#777777]]></wp:meta_value>
		</wp:postmeta>
		<wp:postmeta>
			<wp:meta_key><![CDATA[zoo_main_footer_link_color_hover]]></wp:meta_key>
			<wp:meta_value><![CDATA[#dc2f47]]></wp:meta_value>
		</wp:postmeta>
		<wp:postmeta>
			<wp:meta_key><![CDATA[zoo_main_footer_block_title_color]]></wp:meta_key>
			<wp:meta_value><![CDATA[#ffffff]]></wp:meta_value>
		</wp:postmeta>
		<wp:postmeta>
			<wp:meta_key><![CDATA[zoo_main_footer_background_color]]></wp:meta_key>
			<wp:meta_value><![CDATA[#222222]]></wp:meta_value>
		</wp:postmeta>
		<wp:postmeta>
			<wp:meta_key><![CDATA[zoo_main_footer_field_background_color]]></wp:meta_key>
			<wp:meta_value><![CDATA[#ffffff]]></wp:meta_value>
		</wp:postmeta>
		<wp:postmeta>
			<wp:meta_key><![CDATA[zoo_footer_color]]></wp:meta_key>
			<wp:meta_value><![CDATA[#ffffff]]></wp:meta_value>
		</wp:postmeta>
		<wp:postmeta>
			<wp:meta_key><![CDATA[zoo_footer_link_color]]></wp:meta_key>
			<wp:meta_value><![CDATA[#777]]></wp:meta_value>
		</wp:postmeta>
		<wp:postmeta>
			<wp:meta_key><![CDATA[zoo_footer_link_color_hover]]></wp:meta_key>
			<wp:meta_value><![CDATA[#dc2f47]]></wp:meta_value>
		</wp:postmeta>
		<wp:postmeta>
			<wp:meta_key><![CDATA[zoo_footer_border_color]]></wp:meta_key>
			<wp:meta_value><![CDATA[#222222]]></wp:meta_value>
		</wp:postmeta>
		<wp:postmeta>
			<wp:meta_key><![CDATA[zoo_footer_background_color]]></wp:meta_key>
			<wp:meta_value><![CDATA[#222222]]></wp:meta_value>
		</wp:postmeta>
		<wp:postmeta>
			<wp:meta_key><![CDATA[zoo_copyright_footer_border_color]]></wp:meta_key>
			<wp:meta_value><![CDATA[#222222]]></wp:meta_value>
		</wp:postmeta>
		<wp:postmeta>
			<wp:meta_key><![CDATA[zoo_copyright_footer_background_color]]></wp:meta_key>
			<wp:meta_value><![CDATA[#222222]]></wp:meta_value>
		</wp:postmeta>
		<wp:postmeta>
			<wp:meta_key><![CDATA[zoo_copyright_footer_color]]></wp:meta_key>
			<wp:meta_value><![CDATA[#ffffff]]></wp:meta_value>
		</wp:postmeta>
		<wp:postmeta>
			<wp:meta_key><![CDATA[zoo_copyright_footer_link_color]]></wp:meta_key>
			<wp:meta_value><![CDATA[#777777]]></wp:meta_value>
		</wp:postmeta>
		<wp:postmeta>
			<wp:meta_key><![CDATA[zoo_copyright_footer_link_color_hover]]></wp:meta_key>
			<wp:meta_value><![CDATA[#dc2f47]]></wp:meta_value>
		</wp:postmeta>
		<wp:postmeta>
			<wp:meta_key><![CDATA[_wpb_shortcodes_custom_css]]></wp:meta_key>
			<wp:meta_value><![CDATA[.vc_custom_1503685002765{padding-top: 50px !important;}]]></wp:meta_value>
		</wp:postmeta>
		<wp:postmeta>
			<wp:meta_key><![CDATA[zoo_top_footer_background_color]]></wp:meta_key>
			<wp:meta_value><![CDATA[#ffffff]]></wp:meta_value>
		</wp:postmeta>
		<wp:postmeta>
			<wp:meta_key><![CDATA[zoo_site_page_toc]]></wp:meta_key>
			<wp:meta_value><![CDATA[0]]></wp:meta_value>
		</wp:postmeta>
		<wp:postmeta>
			<wp:meta_key><![CDATA[_wxr_import_user_slug]]></wp:meta_key>
			<wp:meta_value><![CDATA[admin]]></wp:meta_value>
		</wp:postmeta>
		<wp:postmeta>
			<wp:meta_key><![CDATA[_edit_last]]></wp:meta_key>
			<wp:meta_value><![CDATA[1]]></wp:meta_value>
		</wp:postmeta>
		<wp:postmeta>
			<wp:meta_key><![CDATA[zoo_meta_page_header_template]]></wp:meta_key>
			<wp:meta_value><![CDATA[header-menu-center-1564023148]]></wp:meta_value>
		</wp:postmeta>
		<wp:postmeta>
			<wp:meta_key><![CDATA[zoo_meta_page_footer_template]]></wp:meta_key>
			<wp:meta_value><![CDATA[footer-copyright-left-two-1564110481]]></wp:meta_value>
		</wp:postmeta>
		<wp:postmeta>
			<wp:meta_key><![CDATA[_elementor_edit_mode]]></wp:meta_key>
			<wp:meta_value><![CDATA[builder]]></wp:meta_value>
		</wp:postmeta>
		<wp:postmeta>
			<wp:meta_key><![CDATA[_elementor_template_type]]></wp:meta_key>
			<wp:meta_value><![CDATA[post]]></wp:meta_value>
		</wp:postmeta>
		<wp:postmeta>
			<wp:meta_key><![CDATA[_elementor_version]]></wp:meta_key>
			<wp:meta_value><![CDATA[2.6.7]]></wp:meta_value>
		</wp:postmeta>
		<wp:postmeta>
			<wp:meta_key><![CDATA[_wp_page_template]]></wp:meta_key>
			<wp:meta_value><![CDATA[default]]></wp:meta_value>
		</wp:postmeta>
		<wp:postmeta>
			<wp:meta_key><![CDATA[_elementor_elements_usage]]></wp:meta_key>
			<wp:meta_value><![CDATA[a:3:{s:23:"clever-product-advanced";i:1;s:6:"column";i:1;s:7:"section";i:1;}]]></wp:meta_value>
		</wp:postmeta>
		<wp:postmeta>
			<wp:meta_key><![CDATA[_elementor_data]]></wp:meta_key>
			<wp:meta_value><![CDATA[[{"id":"6dd6b9d","elType":"section","settings":{"stretch_section":"section-stretched","layout":"full_width"},"elements":[{"id":"050f832","elType":"column","settings":{"_column_size":100,"padding":{"unit":"px","top":"15","right":"15","bottom":"15","left":"15","isLinked":true}},"elements":[{"id":"74f9063","elType":"widget","settings":{"title":"","layout":"carousel","slides_to_show":{"unit":"px","size":3,"sizes":[]},"show_pag":"","filter_align":"center","_css_classes":"product-overlap","slides_to_show_tablet":{"unit":"px","size":2,"sizes":[]},"slides_to_show_mobile":{"unit":"px","size":1,"sizes":[]}},"elements":[],"widgetType":"clever-product-advanced"}],"isInner":false}],"isInner":false}]]]></wp:meta_value>
		</wp:postmeta>
		<wp:postmeta>
			<wp:meta_key><![CDATA[clever_elementor_header_template]]></wp:meta_key>
			<wp:meta_value><![CDATA[inherit]]></wp:meta_value>
		</wp:postmeta>
		<wp:postmeta>
			<wp:meta_key><![CDATA[clever_elementor_footer_template]]></wp:meta_key>
			<wp:meta_value><![CDATA[footer-four]]></wp:meta_value>
		</wp:postmeta>
	</item>
</channel>
</rss>
