{"name":"Header Simple Right Buttons","image":"","panel_id":"header_builder_panel","widgets":{"wp_inactive_widgets":[],"footer-widget-1":[],"footer-widget-2":[],"footer-widget-3":[],"footer-widget-4":[],"footer-widget-5":[],"footer-widget-6":[],"sidebar":["search-2","recent-posts-2","recent-comments-2","archives-2","categories-2","meta-2"],"sidebar-2":[],"shop":[],"top-shop":[],"array_version":3},"thememods":{"0":false,"nav_menu_locations":[],"custom_css_post_id":-1,"header_textcolor":"blank","header_builder_panel":{"desktop":{"top":[],"main":[{"x":"0","y":"1","width":"2","height":"1","id":"logo"},{"x":"2","y":"1","width":"8","height":"1","id":"primary-menu"},{"x":"10","y":"1","width":"2","height":"1","id":"button"}],"bottom":[]},"mobile":{"top":[],"main":[{"x":"0","y":"1","width":"4","height":"1","id":"nav-icon"},{"x":"4","y":"1","width":"4","height":"1","id":"logo"},{"x":"8","y":"1","width":"4","height":"1","id":"button"}],"bottom":[],"sidebar":[{"x":"0","y":"1","width":"1","height":"1","id":"mobile-menu"}]}},"header_logo_max_width":{"desktop":{"unit":"px","value":"60"},"mobile":{"unit":"px","value":""}},"header_logo_name":"yes","header_logo_desc":"no","header_logo_margin":{"desktop":{"unit":"px","top":"","right":"","bottom":"","left":"","link":1},"mobile":{"unit":"px","top":"","right":"","bottom":"","left":"","link":1}},"header_logo_align":{"desktop":"left","mobile":"center"},"header_logo_merge":{"desktop":"0","mobile":"0"},"header_top_enable":{"desktop":0,"mobile":0},"header_bottom_enable":{"desktop":0,"mobile":0},"header_primary_menu_style":"style-plain","header_primary_menu_hide_arrow":0,"header_primary_menu_arrow_size":{"unit":"px","value":"10"},"header_primary-menu_align":"center","header_primary-menu_margin":{"unit":"px","top":"","right":"","bottom":"","left":"","link":1},"header_primary-menu_merge":"","header_button_text":"Button","header_button_advanced_styling":1,"header_button_styling":{"normal":{"text_color":{"desktop":"#f5f5f5","mobile":""},"padding":{"desktop":{"unit":"px","top":"","right":"","bottom":"","left":"","link":"1"},"mobile":{"unit":"px","top":"0","right":"10","bottom":"0","left":"10","link":""}},"bg_color":{"desktop":"#222222","mobile":""},"border_style":{"desktop":"","mobile":""},"border_width":{"desktop":{"unit":"px","top":"","right":"","bottom":"","left":"","link":"1"},"mobile":{"unit":"px","top":"","right":"","bottom":"","left":"","link":"1"}},"border_color":{"desktop":"","mobile":""},"border_radius":{"desktop":{"unit":"px","top":"","right":"","bottom":"","left":"","link":"1"},"mobile":{"unit":"px","top":"","right":"","bottom":"","left":"","link":"1"}},"box_shadow":{"desktop":{"color":"","x":"","y":"","blur":"","spread":"","inset":""},"mobile":{"color":"","x":"","y":"","blur":"","spread":"","inset":""}}},"hover":{"text_color":{"desktop":"","mobile":""},"bg_color":{"desktop":"","mobile":""},"border_style":{"desktop":"","mobile":""},"border_width":{"desktop":{"unit":"px","top":"","right":"","bottom":"","left":"","link":"1"},"mobile":{"unit":"px","top":"","right":"","bottom":"","left":"","link":"1"}},"border_color":{"desktop":"","mobile":""},"border_radius":{"desktop":{"unit":"px","top":"","right":"","bottom":"","left":"","link":"1"},"mobile":{"unit":"px","top":"","right":"","bottom":"","left":"","link":"1"}},"box_shadow":{"desktop":{"color":"","x":"","y":"","blur":"","spread":"","inset":""},"mobile":{"color":"","x":"","y":"","blur":"","spread":"","inset":""}}}},"header_button_align":{"desktop":"right","mobile":"right"},"header_button_merge":{"desktop":"0","mobile":"0"},"header_main_sticky_enable":{"desktop":1,"mobile":1},"active_header_template":"header-simple-right-buttons","header_button_typography":{"font":"","font_weight":"","languages":[],"font_size":{"unit":"px","value":"12"},"line_height":{"unit":"px","value":""},"letter_spacing":{"unit":"px","value":""},"style":"","text_decoration":"","text_transform":"","variant":[],"font_type":"normal"},"header_button_link":{"desktop":"","mobile":"#"}}}
