{"name":"Header Default Center","image":"","panel_id":"header_builder_panel","widgets":{"wp_inactive_widgets":[],"footer-widget-1":[],"footer-widget-2":[],"footer-widget-3":[],"footer-widget-4":[],"footer-widget-5":[],"footer-widget-6":[],"sidebar":["search-2","recent-posts-2","recent-comments-2","archives-2","categories-2","meta-2"],"sidebar-2":[],"shop":[],"top-shop":[],"array_version":3},"thememods":{"0":false,"nav_menu_locations":[],"custom_css_post_id":-1,"header_builder_panel":{"desktop":{"top":[{"x":"0","y":"1","width":"4","height":"1","id":"html1"},{"x":"4","y":"1","width":"4","height":"1","id":"html2"},{"x":"8","y":"1","width":"4","height":"1","id":"html3"}],"main":[{"x":"0","y":"1","width":"5","height":"1","id":"primary-menu"},{"x":"5","y":"1","width":"2","height":"1","id":"logo"},{"x":"9","y":"1","width":"1","height":"1","id":"search-box"},{"x":"10","y":"1","width":"1","height":"1","id":"header-account"},{"x":"11","y":"1","width":"1","height":"1","id":"cart-icon"}],"bottom":[]},"mobile":{"top":[],"main":[{"x":"0","y":"1","width":"3","height":"1","id":"nav-icon"},{"x":"3","y":"1","width":"5","height":"1","id":"logo"},{"x":"8","y":"1","width":"2","height":"1","id":"header-account"},{"x":"10","y":"1","width":"1","height":"1","id":"cart-icon"},{"x":"11","y":"1","width":"1","height":"1","id":"search-box"}],"bottom":[],"sidebar":[{"x":"0","y":"1","width":"1","height":"1","id":"mobile-menu"}]}},"header_search_box_icon_preset":{"desktop":"style-1","mobile":"preset-1"},"header_search_box_show_icon_only":{"desktop":1,"mobile":1},"header_search_box_live_search_enable":0,"header_search-box_align":{"desktop":"right","mobile":"right"},"header_search-box_merge":{"desktop":"next","mobile":"0"},"header_account_show_label":{"desktop":0,"mobile":0},"header_account_popup_modal":{"desktop":1,"mobile":0},"header_account_icon":{"type":"zoo-icon","icon":"zoo-icon-user"},"header_header-account_align":{"desktop":"right","mobile":"right"},"header_header-account_merge":{"desktop":"next","mobile":"next"},"header_header-account_margin":{"desktop":{"unit":"px","top":"","right":"","bottom":"","left":"","link":1},"mobile":{"unit":"px","top":"","right":"","bottom":"","left":"","link":1}},"header_logo_max_width":{"desktop":{"unit":"px","value":"60"},"mobile":{"unit":"px","value":""}},"header_logo_name":"yes","header_logo_desc":"no","header_textcolor":"blank","header_logo_margin":{"desktop":{"unit":"px","top":"","right":"","bottom":"","left":"","link":1},"mobile":{"unit":"px","top":"","right":"","bottom":"","left":"","link":1}},"header_logo_align":{"desktop":"center","mobile":"center"},"header_top_styling":{"normal":{"text_color":{"desktop":"#f5f5f5","mobile":""},"link_color":{"desktop":"#f5f5f5","mobile":""},"link_hover_color":{"desktop":"#f5f5f5","mobile":""},"padding":{"desktop":{"unit":"px","top":"","right":"","bottom":"","left":"","link":"1"},"mobile":{"unit":"px","top":"","right":"","bottom":"","left":"","link":"1"}},"bg_color":{"desktop":"#222222","mobile":""},"bg_image":{"desktop":{"id":"","url":"","mime":""},"mobile":{"id":"","url":"","mime":""}},"bg_cover":{"desktop":"","mobile":""},"bg_position":{"desktop":"","mobile":""},"bg_repeat":{"desktop":"repeat","mobile":"repeat"},"bg_attachment":{"desktop":"","mobile":""},"border_style":{"desktop":"","mobile":""},"border_width":{"desktop":{"unit":"px","top":"","right":"","bottom":"","left":"","link":"1"},"mobile":{"unit":"px","top":"","right":"","bottom":"","left":"","link":"1"}},"border_color":{"desktop":"","mobile":""},"border_radius":{"desktop":{"unit":"px","top":"","right":"","bottom":"","left":"","link":"1"},"mobile":{"unit":"px","top":"","right":"","bottom":"","left":"","link":"1"}},"box_shadow":{"desktop":{"color":"","x":"","y":"","blur":"","spread":"","inset":""},"mobile":{"color":"","x":"","y":"","blur":"","spread":"","inset":""}}},"hover":[]},"header_top_height":{"desktop":{"unit":"px","value":"30"},"mobile":{"unit":"px","value":"33"}},"header_top_sticky_enable":{"desktop":0,"mobile":0},"header_main_sticky_enable":{"desktop":1,"mobile":1},"header_sticky_styling":{"normal":{"text_color":{"desktop":"","mobile":""},"link_color":{"desktop":"","mobile":""},"link_hover_color":{"desktop":"","mobile":""},"bg_color":{"desktop":"","mobile":""},"bg_cover":{"desktop":"","mobile":""},"bg_position":{"desktop":"","mobile":""},"bg_repeat":{"desktop":"repeat","mobile":"repeat"},"bg_attachment":{"desktop":"","mobile":""},"border_width":{"desktop":{"unit":"px","top":"","right":"","bottom":"","left":"","link":"1"},"mobile":{"unit":"px","top":"","right":"","bottom":"","left":"","link":"1"}},"box_shadow":{"desktop":{"color":"","x":"0","y":"0","blur":"10","spread":"-5","inset":""},"mobile":{"color":"","x":"","y":"","blur":"","spread":"","inset":""}}},"hover":[]},"header_primary_menu_style":"style-plain","header_primary_menu_hide_arrow":0,"header_primary_menu_arrow_size":{"unit":"px","value":"10"},"header_primary-menu_align":"left","header_primary_menu_advanced_styling":0,"header_cart_icon":{"type":"zoo-icon","icon":"zoo-icon-cart"},"header_cart_show_title":{"desktop":0,"mobile":0},"header_cart_display_style":"off-canvas","header_cart-icon_align":{"desktop":"right","mobile":"right"},"active_header_template":"header-default-center","header_html1_align":{"desktop":"left","mobile":""},"header_html2_align":{"desktop":"center","mobile":""},"header_html3_align":{"desktop":"right","mobile":""},"header_bottom_enable":{"desktop":0,"mobile":0},"header_top_enable":{"desktop":1,"mobile":0},"header_cart_enable_styling":1,"header_cart_icon_styling":{"normal":{"text_color":{"desktop":"#222222","mobile":""},"padding":{"desktop":{"unit":"px","top":"","right":"","bottom":"","left":"","link":""},"mobile":{"unit":"px","top":"","right":"","bottom":"","left":"","link":""}},"bg_color":{"desktop":"","mobile":""},"bg_cover":{"desktop":"","mobile":""},"bg_position":{"desktop":"","mobile":""},"bg_repeat":{"desktop":"repeat","mobile":"repeat"},"bg_attachment":{"desktop":"","mobile":""},"border_style":{"desktop":"","mobile":""},"border_width":{"desktop":{"unit":"px","top":"","right":"","bottom":"","left":"","link":""},"mobile":{"unit":"px","top":"","right":"","bottom":"","left":"","link":""}},"border_color":{"desktop":"","mobile":""},"border_radius":{"desktop":{"unit":"px","top":"","right":"","bottom":"","left":"","link":""},"mobile":{"unit":"px","top":"","right":"","bottom":"","left":"","link":""}},"box_shadow":{"desktop":{"color":"","x":"","y":"","blur":"","spread":"","inset":""},"mobile":{"color":"","x":"","y":"","blur":"","spread":"","inset":""}}},"hover":{"text_color":{"desktop":"","mobile":""},"bg_color":{"desktop":"","mobile":""},"border_style":{"desktop":"","mobile":""},"border_width":{"desktop":{"unit":"px","top":"","right":"","bottom":"","left":"","link":""},"mobile":{"unit":"px","top":"","right":"","bottom":"","left":"","link":""}},"border_color":{"desktop":"","mobile":""},"border_radius":{"desktop":{"unit":"px","top":"","right":"","bottom":"","left":"","link":""},"mobile":{"unit":"px","top":"","right":"","bottom":"","left":"","link":""}},"box_shadow":{"desktop":{"color":"","x":"","y":"","blur":"","spread":"","inset":""},"mobile":{"color":"","x":"","y":"","blur":"","spread":"","inset":""}}}},"header_cart_count_size":{"desktop":{"unit":"px","value":"12"},"mobile":{"unit":"px","value":""}},"header_cart_count_width":{"desktop":{"unit":"px","value":"10"},"mobile":{"unit":"px","value":""}},"header_cart_count_styling":{"normal":{"text_color":{"desktop":"","mobile":""},"padding":{"desktop":{"unit":"px","top":"","right":"","bottom":"","left":"","link":""},"mobile":{"unit":"px","top":"","right":"","bottom":"","left":"","link":""}},"bg_color":{"desktop":"","mobile":""},"bg_cover":{"desktop":"","mobile":""},"bg_position":{"desktop":"","mobile":""},"bg_repeat":{"desktop":"repeat","mobile":"repeat"},"bg_attachment":{"desktop":"","mobile":""},"border_style":{"desktop":"solid","mobile":""},"border_width":{"desktop":{"unit":"px","top":"1","right":"1","bottom":"1","left":"1","link":"1"},"mobile":{"unit":"px","top":"","right":"","bottom":"","left":"","link":""}},"border_color":{"desktop":"#222222","mobile":""},"border_radius":{"desktop":{"unit":"px","top":"","right":"","bottom":"","left":"","link":""},"mobile":{"unit":"px","top":"","right":"","bottom":"","left":"","link":""}},"box_shadow":{"desktop":{"color":"","x":"","y":"","blur":"","spread":"","inset":""},"mobile":{"color":"","x":"","y":"","blur":"","spread":"","inset":""}}},"hover":{"text_color":{"desktop":"","mobile":""},"bg_color":{"desktop":"","mobile":""},"border_style":{"desktop":"","mobile":""},"border_width":{"desktop":{"unit":"px","top":"","right":"","bottom":"","left":"","link":""},"mobile":{"unit":"px","top":"","right":"","bottom":"","left":"","link":""}},"border_color":{"desktop":"","mobile":""},"border_radius":{"desktop":{"unit":"px","top":"","right":"","bottom":"","left":"","link":""},"mobile":{"unit":"px","top":"","right":"","bottom":"","left":"","link":""}},"box_shadow":{"desktop":{"color":"","x":"","y":"","blur":"","spread":"","inset":""},"mobile":{"color":"","x":"","y":"","blur":"","spread":"","inset":""}}}},"footer_builder_panel":{"desktop":{"top":[],"main":[{"x":"0","y":"1","width":"3","height":"1","id":"footer-widget-1"},{"x":"3","y":"1","width":"3","height":"1","id":"footer-widget-2"},{"x":"6","y":"1","width":"3","height":"1","id":"footer-widget-3"},{"x":"9","y":"1","width":"3","height":"1","id":"footer-widget-4"}],"bottom":[{"x":"0","y":"1","width":"6","height":"1","id":"footer_copyright"},{"x":"6","y":"1","width":"6","height":"1","id":"footer-html1"}]}},"header_cart-icon_merge":{"desktop":"0","mobile":"next"},"header_search_box_show_product_cat_options":1}}
