{"name":"Header Default","image":"","panel_id":"header_builder_panel","widgets":{"wp_inactive_widgets":["text-2","text-3","text-4","text-5"],"footer-widget-1":[],"footer-widget-2":[],"footer-widget-3":[],"footer-widget-4":[],"footer-widget-5":[],"footer-widget-6":[],"sidebar":["search-2","recent-posts-2","recent-comments-2","archives-2","categories-2","meta-2"],"sidebar-2":[],"array_version":3},"thememods":{"0":false,"nav_menu_locations":[],"custom_css_post_id":-1,"header_builder_panel":{"desktop":{"top":[{"x":"0","y":"1","width":"4","height":"1","id":"html1"},{"x":"4","y":"1","width":"4","height":"1","id":"html2"},{"x":"8","y":"1","width":"4","height":"1","id":"html3"}],"main":[{"x":"0","y":"1","width":"2","height":"1","id":"logo"},{"x":"2","y":"1","width":"7","height":"1","id":"primary-menu"},{"x":"9","y":"1","width":"1","height":"1","id":"search-box"},{"x":"10","y":"1","width":"1","height":"1","id":"header-account"},{"x":"11","y":"1","width":"1","height":"1","id":"cart-icon"}],"bottom":[]},"mobile":{"top":[],"main":[{"x":"0","y":"1","width":"3","height":"1","id":"nav-icon"},{"x":"3","y":"1","width":"6","height":"1","id":"logo"},{"x":"9","y":"1","width":"2","height":"1","id":"search-box"},{"x":"11","y":"1","width":"1","height":"1","id":"cart-icon"}],"bottom":[],"sidebar":[{"x":"0","y":"1","width":"1","height":"1","id":"mobile-menu"}]}},"header_search_box_show_icon_only":{"desktop":1,"mobile":1},"header_search-box_align":{"desktop":"right","mobile":"right"},"header_search-box_merge":{"desktop":"next","mobile":"next"},"header_search_box_icon_preset":{"desktop":"style-1","mobile":"preset-1"},"header_search_box_show_product_cat_options":1,"header_search_box_live_search_enable":0,"header_search_box_advanced_styling":0,"header_search-box_margin":{"desktop":{"unit":"px","top":"","right":"","bottom":"","left":"","link":1},"mobile":{"unit":"px","top":"","right":"","bottom":"","left":"","link":1}},"header_account_show_label":{"desktop":0,"mobile":0},"header_account_icon":{"type":"zoo-icon","icon":"zoo-icon-user"},"header_account_advanced_styling":1,"header_header-account_margin":{"desktop":{"unit":"px","top":"","right":"","bottom":"","left":"","link":1},"mobile":{"unit":"px","top":"","right":"","bottom":"","left":"","link":1}},"header_header-account_align":{"desktop":"right","mobile":""},"header_header-account_merge":{"desktop":"next","mobile":"0"},"header_cart_icon":{"type":"zoo-icon","icon":"zoo-icon-cart"},"header_cart_show_title":{"desktop":0,"mobile":0},"header_cart_show_totals":{"desktop":0,"mobile":0},"header_cart_display_style":"off-canvas","header_cart_enable_styling":1,"header_cart-icon_margin":{"desktop":{"unit":"px","top":"","right":"","bottom":"","left":"","link":1},"mobile":{"unit":"px","top":"","right":"","bottom":"","left":"","link":1}},"header_cart-icon_align":{"desktop":"right","mobile":"right"},"header_logo_max_width":{"desktop":{"unit":"px","value":"60"},"mobile":{"unit":"px","value":""}},"header_logo_name":"yes","header_logo_desc":"no","header_textcolor":"blank","header_logo_margin":{"desktop":{"unit":"px","top":"","right":"","bottom":"","left":"","link":1},"mobile":{"unit":"px","top":"","right":"","bottom":"","left":"","link":1}},"header_logo_align":{"desktop":"left","mobile":"center"},"header_logo_merge":{"desktop":"0","mobile":"0"},"header_primary_menu_style":"style-plain","header_primary-menu_align":"center","header_primary_menu_hide_arrow":0,"header_primary_menu_arrow_size":{"unit":"px","value":"10"},"header_primary_menu_advanced_styling":0,"header_primary-menu_merge":"","header_main_sticky_enable":{"desktop":1,"mobile":1},"header_top_sticky_height":{"desktop":{"unit":"px","value":"40"},"mobile":{"unit":"px","value":""}},"header_main_sticky_height":{"desktop":{"unit":"px","value":"60"},"mobile":{"unit":"px","value":""}},"header_bottom_sticky_height":{"desktop":{"unit":"px","value":"40"},"mobile":{"unit":"px","value":""}},"header_absolute_enable":0,"header_top_sticky_enable":{"desktop":0,"mobile":0},"header_sticky_styling":{"normal":{"text_color":{"desktop":"","mobile":""},"link_color":{"desktop":"","mobile":""},"link_hover_color":{"desktop":"","mobile":""},"bg_color":{"desktop":"","mobile":""},"bg_cover":{"desktop":"","mobile":""},"bg_position":{"desktop":"","mobile":""},"bg_repeat":{"desktop":"repeat","mobile":"repeat"},"bg_attachment":{"desktop":"","mobile":""},"border_width":{"desktop":{"unit":"px","top":"","right":"","bottom":"","left":"","link":"1"},"mobile":{"unit":"px","top":"","right":"","bottom":"","left":"","link":"1"}},"box_shadow":{"desktop":{"color":"rgba(0,0,0,0.47)","x":"0","y":"0","blur":"10","spread":"-5","inset":""},"mobile":{"color":"","x":"","y":"","blur":"","spread":"","inset":""}}},"hover":[]},"header_main_styling":{"normal":{"text_color":{"desktop":"#222222","mobile":""},"link_color":{"desktop":"#222222","mobile":""},"link_hover_color":{"desktop":"#666666","mobile":""},"padding":{"desktop":{"unit":"px","top":"","right":"","bottom":"","left":"","link":"1"},"mobile":{"unit":"px","top":"","right":"","bottom":"","left":"","link":"1"}},"bg_color":{"desktop":"","mobile":""},"bg_image":{"desktop":{"id":"","url":"","mime":""},"mobile":{"id":"","url":"","mime":""}},"bg_cover":{"desktop":"","mobile":""},"bg_position":{"desktop":"","mobile":""},"bg_repeat":{"desktop":"repeat","mobile":"repeat"},"bg_attachment":{"desktop":"","mobile":""},"border_style":{"desktop":"solid","mobile":""},"border_width":{"desktop":{"unit":"px","top":"","right":"","bottom":"","left":"","link":"1"},"mobile":{"unit":"px","top":"","right":"","bottom":"","left":"","link":"1"}},"border_color":{"desktop":"#eaecee","mobile":""},"border_radius":{"desktop":{"unit":"px","top":"","right":"","bottom":"","left":"","link":"1"},"mobile":{"unit":"px","top":"","right":"","bottom":"","left":"","link":"1"}},"box_shadow":{"desktop":{"color":"","x":"","y":"","blur":"","spread":"","inset":""},"mobile":{"color":"","x":"","y":"","blur":"","spread":"","inset":""}}},"hover":[]},"header_top_styling":{"normal":{"text_color":{"desktop":"#f5f5f5","mobile":""},"link_color":{"desktop":"#f5f5f5","mobile":""},"link_hover_color":{"desktop":"","mobile":""},"padding":{"desktop":{"unit":"px","top":"","right":"","bottom":"","left":"","link":"1"},"mobile":{"unit":"px","top":"","right":"","bottom":"","left":"","link":"1"}},"bg_color":{"desktop":"#222222","mobile":""},"bg_image":{"desktop":{"id":"","url":"","mime":""},"mobile":{"id":"","url":"","mime":""}},"bg_cover":{"desktop":"","mobile":""},"bg_position":{"desktop":"","mobile":""},"bg_repeat":{"desktop":"repeat","mobile":"repeat"},"bg_attachment":{"desktop":"","mobile":""},"border_style":{"desktop":"","mobile":""},"border_width":{"desktop":{"unit":"px","top":"","right":"","bottom":"","left":"","link":"1"},"mobile":{"unit":"px","top":"","right":"","bottom":"","left":"","link":"1"}},"border_color":{"desktop":"","mobile":""},"border_radius":{"desktop":{"unit":"px","top":"","right":"","bottom":"","left":"","link":"1"},"mobile":{"unit":"px","top":"","right":"","bottom":"","left":"","link":"1"}},"box_shadow":{"desktop":{"color":"","x":"","y":"","blur":"","spread":"","inset":""},"mobile":{"color":"","x":"","y":"","blur":"","spread":"","inset":""}}},"hover":[]},"header_top_height":{"desktop":{"unit":"px","value":"30"},"mobile":{"unit":"px","value":"33"}},"header_bottom_enable":{"desktop":0,"mobile":0},"header_bottom_height":{"desktop":{"unit":"px","value":"0"},"mobile":{"unit":"px","value":""}},"active_header_template":"header-default-fixed-1538444387","header_html1_align":{"desktop":"left","mobile":""},"header_html2_align":{"desktop":"center","mobile":""},"header_html3_align":{"desktop":"right","mobile":""},"header_mobile-menu_align":"","header_nav-icon_align":"left","header_top_enable":{"desktop":1,"mobile":0},"header_cart_count_size":{"desktop":{"unit":"px","value":"12"},"mobile":{"unit":"px","value":""}},"header_cart_count_width":{"desktop":{"unit":"px","value":"8"},"mobile":{"unit":"px","value":""}},"header_cart_count_styling":{"normal":{"text_color":{"desktop":"#666666","mobile":""},"padding":{"desktop":{"unit":"px","top":"","right":"","bottom":"","left":"","link":""},"mobile":{"unit":"px","top":"","right":"","bottom":"","left":"","link":""}},"bg_color":{"desktop":"","mobile":""},"bg_cover":{"desktop":"","mobile":""},"bg_position":{"desktop":"","mobile":""},"bg_repeat":{"desktop":"repeat","mobile":"repeat"},"bg_attachment":{"desktop":"","mobile":""},"border_style":{"desktop":"solid","mobile":""},"border_width":{"desktop":{"unit":"px","top":"1","right":"1","bottom":"1","left":"1","link":"1"},"mobile":{"unit":"px","top":"","right":"","bottom":"","left":"","link":""}},"border_color":{"desktop":"#222222","mobile":""},"border_radius":{"desktop":{"unit":"px","top":"","right":"","bottom":"","left":"","link":""},"mobile":{"unit":"px","top":"","right":"","bottom":"","left":"","link":""}},"box_shadow":{"desktop":{"color":"","x":"","y":"","blur":"","spread":"","inset":""},"mobile":{"color":"","x":"","y":"","blur":"","spread":"","inset":""}}},"hover":{"text_color":{"desktop":"","mobile":""},"bg_color":{"desktop":"","mobile":""},"border_style":{"desktop":"","mobile":""},"border_width":{"desktop":{"unit":"px","top":"","right":"","bottom":"","left":"","link":""},"mobile":{"unit":"px","top":"","right":"","bottom":"","left":"","link":""}},"border_color":{"desktop":"","mobile":""},"border_radius":{"desktop":{"unit":"px","top":"","right":"","bottom":"","left":"","link":""},"mobile":{"unit":"px","top":"","right":"","bottom":"","left":"","link":""}},"box_shadow":{"desktop":{"color":"","x":"","y":"","blur":"","spread":"","inset":""},"mobile":{"color":"","x":"","y":"","blur":"","spread":"","inset":""}}}},"header_account_icon_styling":{"normal":{"text_color":{"desktop":"#222222","mobile":""},"link_color":{"desktop":"","mobile":""},"padding":{"desktop":{"unit":"px","top":"","right":"","bottom":"","left":"","link":""},"mobile":{"unit":"px","top":"","right":"","bottom":"","left":"","link":""}},"bg_color":{"desktop":"","mobile":""},"bg_cover":{"desktop":"","mobile":""},"bg_position":{"desktop":"","mobile":""},"bg_repeat":{"desktop":"repeat","mobile":"repeat"},"bg_attachment":{"desktop":"","mobile":""},"box_shadow":{"desktop":{"color":"","x":"","y":"","blur":"","spread":"","inset":""},"mobile":{"color":"","x":"","y":"","blur":"","spread":"","inset":""}}},"hover":{"text_color":{"desktop":"","mobile":""},"link_color":{"desktop":"","mobile":""},"border_style":{"desktop":"","mobile":""},"border_width":{"desktop":{"unit":"px","top":"","right":"","bottom":"","left":"","link":""},"mobile":{"unit":"px","top":"","right":"","bottom":"","left":"","link":""}},"border_color":{"desktop":"","mobile":""},"border_radius":{"desktop":{"unit":"px","top":"","right":"","bottom":"","left":"","link":""},"mobile":{"unit":"px","top":"","right":"","bottom":"","left":"","link":""}}}},"header_account_icon_size":{"desktop":{"unit":"px","value":""},"mobile":{"unit":"px","value":""}}}}
