<?xml version="1.0" encoding="UTF-8" ?>
<!-- This is a WordPress eXtended RSS file generated by WordPress as an export of your site. -->
<!-- It contains information about your site's posts, pages, comments, categories, and other content. -->
<!-- You may use this file to transfer that content from one site to another. -->
<!-- This file is not intended to serve as a complete backup of your site. -->

<!-- To import this information into a WordPress site follow these steps: -->
<!-- 1. Log in to that site as an administrator. -->
<!-- 2. Go to Tools: Import in the WordPress admin panel. -->
<!-- 3. Install the "WordPress" importer from the list. -->
<!-- 4. Activate & Run Importer. -->
<!-- 5. Upload this file using the form provided on that page. -->
<!-- 6. You will first be asked to map the authors in this export file to users -->
<!--    on the site. For each author, you may choose to map to an -->
<!--    existing user on the site or to create a new user. -->
<!-- 7. WordPress will then import each of the posts, pages, comments, categories, etc. -->
<!--    contained in this file into your site. -->

<!-- generator="WordPress/5.2.2" created="2019-08-01 08:04" -->
<rss version="2.0"
	xmlns:excerpt="http://wordpress.org/export/1.2/excerpt/"
	xmlns:content="http://purl.org/rss/1.0/modules/content/"
	xmlns:wfw="http://wellformedweb.org/CommentAPI/"
	xmlns:dc="http://purl.org/dc/elements/1.1/"
	xmlns:wp="http://wordpress.org/export/1.2/"
>

<channel>
	<title>Kodo</title>
	<link>http://kodo.wp1.zootemplate.com</link>
	<description>Just another WordPress site</description>
	<pubDate>Thu, 01 Aug 2019 08:04:44 +0000</pubDate>
	<language>en-US</language>
	<wp:wxr_version>1.2</wp:wxr_version>
	<wp:base_site_url>http://kodo.wp1.zootemplate.com</wp:base_site_url>
	<wp:base_blog_url>http://kodo.wp1.zootemplate.com</wp:base_blog_url>

	<wp:author><wp:author_id>2</wp:author_id><wp:author_login><![CDATA[clever]]></wp:author_login><wp:author_email><![CDATA[clever@gmail.com]]></wp:author_email><wp:author_display_name><![CDATA[clever]]></wp:author_display_name><wp:author_first_name><![CDATA[Nguyen]]></wp:author_first_name><wp:author_last_name><![CDATA[Toan]]></wp:author_last_name></wp:author>


	<generator>https://wordpress.org/?v=5.2.2</generator>

	<item>
		<title>Home 2</title>
		<link>http://kodo.wp1.zootemplate.com/home-2/</link>
		<pubDate>Mon, 07 Aug 2017 02:55:30 +0000</pubDate>
		<dc:creator><![CDATA[clever]]></dc:creator>
		<guid isPermaLink="false">http://wp.rivertheme.com/zoo-kodo/?page_id=2089</guid>
		<description></description>
		<content:encoded><![CDATA[Living Room <br>Furnishing Light - $89.99An intricate floral pattern in cast iron holds New Collection Fall 2017 We shine a spotlight on ss18/s runway hits, from gucci to <br>Maison margiela and valentino.SHOP THE SALELiving Room <br>Furnishing Light - $89.99An intricate floral pattern in cast iron holds     
                        <ul>
            <li><a href="http://kodo.wp1.zootemplate.com/product-category/furniture/"
                            data-type="product_cat" data-value="furniture" 
                            title="Furniture">Furniture</a></li><li><a href="http://kodo.wp1.zootemplate.com/product-category/necklake/jeans/"
                            data-type="product_cat" data-value="jeans" 
                            title="Jeans">Jeans</a></li><li><a href="http://kodo.wp1.zootemplate.com/product-category/men-t-shirt/"
                            data-type="product_cat" data-value="men-t-shirt" 
                            title="Men T-Shirt">Men T-Shirt</a></li><li><a href="http://kodo.wp1.zootemplate.com/product-category/necklake/pants/"
                            data-type="product_cat" data-value="pants" 
                            title="Pants">Pants</a></li><li><a href="http://kodo.wp1.zootemplate.com/product-category/leather-shoes/shirts/"
                            data-type="product_cat" data-value="shirts" 
                            title="Shirts">Shirts</a></li>        </ul>
        </ul>
    <ul>
        <li>
	Sale!
            <a href="http://kodo.wp1.zootemplate.com/product/lose-ovearsized-shirt/" title="Lose Ovearsized Shirt"
              >
				<img width="300" height="300" src="http://kodo.wp1.zootemplate.com/wp-content/uploads/2017/07/product-kodo-2-300x300.jpg" alt="" srcset="http://kodo.wp1.zootemplate.com/wp-content/uploads/2017/07/product-kodo-2-300x300.jpg 300w, http://kodo.wp1.zootemplate.com/wp-content/uploads/2017/07/product-kodo-2-150x150.jpg 150w, http://kodo.wp1.zootemplate.com/wp-content/uploads/2017/07/product-kodo-2-450x450.jpg 450w, http://kodo.wp1.zootemplate.com/wp-content/uploads/2017/07/product-kodo-2-120x120.jpg 120w, http://kodo.wp1.zootemplate.com/wp-content/uploads/2017/07/product-kodo-2-30x30.jpg 30w" sizes="(max-width: 300px) 100vw, 300px" /><img width="300" height="300" src="http://kodo.wp1.zootemplate.com/wp-content/uploads/2017/07/product-kodo-13-300x300.jpg" alt="" srcset="http://kodo.wp1.zootemplate.com/wp-content/uploads/2017/07/product-kodo-13-300x300.jpg 300w, http://kodo.wp1.zootemplate.com/wp-content/uploads/2017/07/product-kodo-13-150x150.jpg 150w, http://kodo.wp1.zootemplate.com/wp-content/uploads/2017/07/product-kodo-13-450x450.jpg 450w, http://kodo.wp1.zootemplate.com/wp-content/uploads/2017/07/product-kodo-13-120x120.jpg 120w, http://kodo.wp1.zootemplate.com/wp-content/uploads/2017/07/product-kodo-13-30x30.jpg 30w" sizes="(max-width: 300px) 100vw, 300px" />            </a>
		<a href="#" rel="nofollow" data-id="96" title="Add to wishlist" data-label-added="Product Added"> Add to wishlist</a><a href="#" title="Quick view" data-productID="96"> Quick view</a><h3><a href="http://kodo.wp1.zootemplate.com/product/lose-ovearsized-shirt/" title="Lose Ovearsized Shirt">Lose Ovearsized Shirt</a></h3>
	<del>&#36;124.00</del> <ins>&#36;119.00</ins>
<a href="/cleversoft/kodo/wp-admin/admin-ajax.php?add-to-cart=96" data-quantity="1" title="Add to cart" data-product_id="96" data-product_sku="" aria-label="Add &ldquo;Lose Ovearsized Shirt&rdquo; to your cart" rel="nofollow">Add to cart</a></li>
<li>
	            <a href="http://kodo.wp1.zootemplate.com/product/combined-lace-skirt/" title="Combined Lace Skirt"
              >
				<img width="300" height="300" src="http://kodo.wp1.zootemplate.com/wp-content/uploads/2017/07/product-kodo-5-300x300.jpg" alt="" srcset="http://kodo.wp1.zootemplate.com/wp-content/uploads/2017/07/product-kodo-5-300x300.jpg 300w, http://kodo.wp1.zootemplate.com/wp-content/uploads/2017/07/product-kodo-5-150x150.jpg 150w, http://kodo.wp1.zootemplate.com/wp-content/uploads/2017/07/product-kodo-5-450x450.jpg 450w, http://kodo.wp1.zootemplate.com/wp-content/uploads/2017/07/product-kodo-5-120x120.jpg 120w, http://kodo.wp1.zootemplate.com/wp-content/uploads/2017/07/product-kodo-5-30x30.jpg 30w" sizes="(max-width: 300px) 100vw, 300px" /><img width="300" height="300" src="http://kodo.wp1.zootemplate.com/wp-content/uploads/2017/07/product-kodo-10-300x300.jpg" alt="" srcset="http://kodo.wp1.zootemplate.com/wp-content/uploads/2017/07/product-kodo-10-300x300.jpg 300w, http://kodo.wp1.zootemplate.com/wp-content/uploads/2017/07/product-kodo-10-150x150.jpg 150w, http://kodo.wp1.zootemplate.com/wp-content/uploads/2017/07/product-kodo-10-450x450.jpg 450w, http://kodo.wp1.zootemplate.com/wp-content/uploads/2017/07/product-kodo-10-120x120.jpg 120w, http://kodo.wp1.zootemplate.com/wp-content/uploads/2017/07/product-kodo-10-30x30.jpg 30w" sizes="(max-width: 300px) 100vw, 300px" />            </a>
		<a href="#" rel="nofollow" data-id="87" title="Add to wishlist" data-label-added="Product Added"> Add to wishlist</a><a href="#" title="Quick view" data-productID="87"> Quick view</a><h3><a href="http://kodo.wp1.zootemplate.com/product/combined-lace-skirt/" title="Combined Lace Skirt">Combined Lace Skirt</a></h3>
	&#36;145.00 &ndash; &#36;160.00
                                                                            <img src="http://kodo.wp3.zootemplate.com/wp-content/uploads/2017/07/product-kodo-31-150x150.jpg"
                                             title="Black"
                                             alt="Black"/>
                                <input type="hidden" name="attribute_pa_image"
                                       data-attribute_name="attribute_pa_image"
                                       value="dress">
                                                                            <img src="http://kodo.wp3.zootemplate.com/wp-content/uploads/2017/07/product-kodo-35-150x150.jpg"
                                             title="Orange"
                                             alt="Orange"/>
                                <input type="hidden" name="attribute_pa_image"
                                       data-attribute_name="attribute_pa_image"
                                       value="orange-dress">
                                                                            <img src="http://kodo.wp3.zootemplate.com/wp-content/uploads/2017/07/product-kodo-34-150x150.jpg"
                                             title="White"
                                             alt="White"/>
                                <input type="hidden" name="attribute_pa_image"
                                       data-attribute_name="attribute_pa_image"
                                       value="white-dress">
                                                                            <img src="http://kodo.wp3.zootemplate.com/wp-content/uploads/2017/07/product-kodo-39-150x150.jpg"
                                             title="Yellow"
                                             alt="Yellow"/>
                                <input type="hidden" name="attribute_pa_image"
                                       data-attribute_name="attribute_pa_image"
                                       value="yellow-dress">
<a href="http://kodo.wp1.zootemplate.com/product/combined-lace-skirt/" data-quantity="1" title="Select options" data-product_id="87" data-product_sku="" aria-label="Select options for &ldquo;Combined Lace Skirt&rdquo;" rel="nofollow">Select options</a></li>
<li>
	            <a href="http://kodo.wp1.zootemplate.com/product/long-camouflage/" title="Long Camouflage"
              >
				<img width="300" height="300" src="http://kodo.wp1.zootemplate.com/wp-content/uploads/2017/07/product-kodo-6-300x300.jpg" alt="" srcset="http://kodo.wp1.zootemplate.com/wp-content/uploads/2017/07/product-kodo-6-300x300.jpg 300w, http://kodo.wp1.zootemplate.com/wp-content/uploads/2017/07/product-kodo-6-150x150.jpg 150w, http://kodo.wp1.zootemplate.com/wp-content/uploads/2017/07/product-kodo-6-450x450.jpg 450w, http://kodo.wp1.zootemplate.com/wp-content/uploads/2017/07/product-kodo-6-120x120.jpg 120w, http://kodo.wp1.zootemplate.com/wp-content/uploads/2017/07/product-kodo-6-30x30.jpg 30w" sizes="(max-width: 300px) 100vw, 300px" /><img width="300" height="300" src="http://kodo.wp1.zootemplate.com/wp-content/uploads/2017/07/product-kodo-8-300x300.jpg" alt="" srcset="http://kodo.wp1.zootemplate.com/wp-content/uploads/2017/07/product-kodo-8-300x300.jpg 300w, http://kodo.wp1.zootemplate.com/wp-content/uploads/2017/07/product-kodo-8-150x150.jpg 150w, http://kodo.wp1.zootemplate.com/wp-content/uploads/2017/07/product-kodo-8-450x450.jpg 450w, http://kodo.wp1.zootemplate.com/wp-content/uploads/2017/07/product-kodo-8-120x120.jpg 120w, http://kodo.wp1.zootemplate.com/wp-content/uploads/2017/07/product-kodo-8-30x30.jpg 30w" sizes="(max-width: 300px) 100vw, 300px" />            </a>
		<a href="#" rel="nofollow" data-id="83" title="Add to wishlist" data-label-added="Product Added"> Add to wishlist</a><a href="#" title="Quick view" data-productID="83"> Quick view</a><h3><a href="http://kodo.wp1.zootemplate.com/product/long-camouflage/" title="Long Camouflage">Long Camouflage</a></h3>
	&#36;199.00
<a href="/cleversoft/kodo/wp-admin/admin-ajax.php?add-to-cart=83" data-quantity="1" title="Add to cart" data-product_id="83" data-product_sku="" aria-label="Add &ldquo;Long Camouflage&rdquo; to your cart" rel="nofollow">Add to cart</a></li>
<li>
	            <a href="http://kodo.wp1.zootemplate.com/product/embroidered-caps/" title="Embroidered Caps"
              >
				<img width="300" height="300" src="http://kodo.wp1.zootemplate.com/wp-content/uploads/2017/07/product-kodo-7-300x300.jpg" alt="" srcset="http://kodo.wp1.zootemplate.com/wp-content/uploads/2017/07/product-kodo-7-300x300.jpg 300w, http://kodo.wp1.zootemplate.com/wp-content/uploads/2017/07/product-kodo-7-150x150.jpg 150w, http://kodo.wp1.zootemplate.com/wp-content/uploads/2017/07/product-kodo-7-450x450.jpg 450w, http://kodo.wp1.zootemplate.com/wp-content/uploads/2017/07/product-kodo-7-120x120.jpg 120w, http://kodo.wp1.zootemplate.com/wp-content/uploads/2017/07/product-kodo-7-30x30.jpg 30w" sizes="(max-width: 300px) 100vw, 300px" /><img width="300" height="300" src="http://kodo.wp1.zootemplate.com/wp-content/uploads/2017/07/product-kodo-2-300x300.jpg" alt="" srcset="http://kodo.wp1.zootemplate.com/wp-content/uploads/2017/07/product-kodo-2-300x300.jpg 300w, http://kodo.wp1.zootemplate.com/wp-content/uploads/2017/07/product-kodo-2-150x150.jpg 150w, http://kodo.wp1.zootemplate.com/wp-content/uploads/2017/07/product-kodo-2-450x450.jpg 450w, http://kodo.wp1.zootemplate.com/wp-content/uploads/2017/07/product-kodo-2-120x120.jpg 120w, http://kodo.wp1.zootemplate.com/wp-content/uploads/2017/07/product-kodo-2-30x30.jpg 30w" sizes="(max-width: 300px) 100vw, 300px" />            </a>
		<a href="#" rel="nofollow" data-id="79" title="Add to wishlist" data-label-added="Product Added"> Add to wishlist</a><a href="#" title="Quick view" data-productID="79"> Quick view</a><h3><a href="http://kodo.wp1.zootemplate.com/product/embroidered-caps/" title="Embroidered Caps">Embroidered Caps</a></h3>
	&#36;15.00
<a href="/cleversoft/kodo/wp-admin/admin-ajax.php?add-to-cart=79" data-quantity="1" title="Add to cart" data-product_id="79" data-product_sku="" aria-label="Add &ldquo;Embroidered Caps&rdquo; to your cart" rel="nofollow">Add to cart</a></li>
<li>
	Sale!
            <a href="http://kodo.wp1.zootemplate.com/product/painter-petite-top/" title="Painter Petite Top"
              >
				<img width="300" height="300" src="http://kodo.wp1.zootemplate.com/wp-content/uploads/2017/07/product-kodo-8-300x300.jpg" alt="" srcset="http://kodo.wp1.zootemplate.com/wp-content/uploads/2017/07/product-kodo-8-300x300.jpg 300w, http://kodo.wp1.zootemplate.com/wp-content/uploads/2017/07/product-kodo-8-150x150.jpg 150w, http://kodo.wp1.zootemplate.com/wp-content/uploads/2017/07/product-kodo-8-450x450.jpg 450w, http://kodo.wp1.zootemplate.com/wp-content/uploads/2017/07/product-kodo-8-120x120.jpg 120w, http://kodo.wp1.zootemplate.com/wp-content/uploads/2017/07/product-kodo-8-30x30.jpg 30w" sizes="(max-width: 300px) 100vw, 300px" /><img width="300" height="300" src="http://kodo.wp1.zootemplate.com/wp-content/uploads/2017/07/product-kodo-15-300x300.jpg" alt="" srcset="http://kodo.wp1.zootemplate.com/wp-content/uploads/2017/07/product-kodo-15-300x300.jpg 300w, http://kodo.wp1.zootemplate.com/wp-content/uploads/2017/07/product-kodo-15-150x150.jpg 150w, http://kodo.wp1.zootemplate.com/wp-content/uploads/2017/07/product-kodo-15-450x450.jpg 450w, http://kodo.wp1.zootemplate.com/wp-content/uploads/2017/07/product-kodo-15-120x120.jpg 120w, http://kodo.wp1.zootemplate.com/wp-content/uploads/2017/07/product-kodo-15-30x30.jpg 30w" sizes="(max-width: 300px) 100vw, 300px" />            </a>
		<a href="#" rel="nofollow" data-id="76" title="Add to wishlist" data-label-added="Product Added"> Add to wishlist</a><a href="#" title="Quick view" data-productID="76"> Quick view</a><h3><a href="http://kodo.wp1.zootemplate.com/product/painter-petite-top/" title="Painter Petite Top">Painter Petite Top</a></h3>
	&#36;150.00 &ndash; &#36;250.00
                                <input type="hidden" name="attribute_pa_color"
                                       data-attribute_name="attribute_pa_color"
                                       value="black">
                                <input type="hidden" name="attribute_pa_color"
                                       data-attribute_name="attribute_pa_color"
                                       value="orange">
                                <input type="hidden" name="attribute_pa_color"
                                       data-attribute_name="attribute_pa_color"
                                       value="white">
                                <input type="hidden" name="attribute_pa_color"
                                       data-attribute_name="attribute_pa_color"
                                       value="yellow">
                                                L                                            
                                <input type="hidden" name="attribute_pa_size"
                                       data-attribute_name="attribute_pa_size"
                                       value="l">
                                                S                                            
                                <input type="hidden" name="attribute_pa_size"
                                       data-attribute_name="attribute_pa_size"
                                       value="s">
                                                XL                                            
                                <input type="hidden" name="attribute_pa_size"
                                       data-attribute_name="attribute_pa_size"
                                       value="xl">
            <a href="http://kodo.wp1.zootemplate.com/product/painter-petite-top/" data-quantity="1" title="Select options" data-product_id="76" data-product_sku="" aria-label="Select options for &ldquo;Painter Petite Top&rdquo;" rel="nofollow">Select options</a></li>
<li>
	Sale!
            <a href="http://kodo.wp1.zootemplate.com/product/premium-quality-2/" title="Premium Quality"
              >
				<img width="300" height="300" src="http://kodo.wp1.zootemplate.com/wp-content/uploads/2017/07/product-kodo-9-300x300.jpg" alt="" srcset="http://kodo.wp1.zootemplate.com/wp-content/uploads/2017/07/product-kodo-9-300x300.jpg 300w, http://kodo.wp1.zootemplate.com/wp-content/uploads/2017/07/product-kodo-9-150x150.jpg 150w, http://kodo.wp1.zootemplate.com/wp-content/uploads/2017/07/product-kodo-9-450x450.jpg 450w, http://kodo.wp1.zootemplate.com/wp-content/uploads/2017/07/product-kodo-9-120x120.jpg 120w, http://kodo.wp1.zootemplate.com/wp-content/uploads/2017/07/product-kodo-9-30x30.jpg 30w" sizes="(max-width: 300px) 100vw, 300px" /><img width="300" height="300" src="http://kodo.wp1.zootemplate.com/wp-content/uploads/2017/07/product-kodo-1-300x300.jpg" alt="" srcset="http://kodo.wp1.zootemplate.com/wp-content/uploads/2017/07/product-kodo-1-300x300.jpg 300w, http://kodo.wp1.zootemplate.com/wp-content/uploads/2017/07/product-kodo-1-150x150.jpg 150w, http://kodo.wp1.zootemplate.com/wp-content/uploads/2017/07/product-kodo-1-450x450.jpg 450w, http://kodo.wp1.zootemplate.com/wp-content/uploads/2017/07/product-kodo-1-120x120.jpg 120w, http://kodo.wp1.zootemplate.com/wp-content/uploads/2017/07/product-kodo-1-30x30.jpg 30w" sizes="(max-width: 300px) 100vw, 300px" />            </a>
		<a href="#" rel="nofollow" data-id="73" title="Add to wishlist" data-label-added="Product Added"> Add to wishlist</a><a href="#" title="Quick view" data-productID="73"> Quick view</a><h3><a href="http://kodo.wp1.zootemplate.com/product/premium-quality-2/" title="Premium Quality">Premium Quality</a></h3>
	<del>&#36;156.00</del> <ins>&#36;128.00</ins>
<a href="/cleversoft/kodo/wp-admin/admin-ajax.php?add-to-cart=73" data-quantity="1" title="Add to cart" data-product_id="73" data-product_sku="" aria-label="Add &ldquo;Premium Quality&rdquo; to your cart" rel="nofollow">Add to cart</a></li>
<li>
	Sale!
            <a href="http://kodo.wp1.zootemplate.com/product/cotton-jersey-top-2/" title="Cotton-Jersey Top"
              >
				<img width="300" height="300" src="http://kodo.wp1.zootemplate.com/wp-content/uploads/2017/07/product-kodo-10-300x300.jpg" alt="" srcset="http://kodo.wp1.zootemplate.com/wp-content/uploads/2017/07/product-kodo-10-300x300.jpg 300w, http://kodo.wp1.zootemplate.com/wp-content/uploads/2017/07/product-kodo-10-150x150.jpg 150w, http://kodo.wp1.zootemplate.com/wp-content/uploads/2017/07/product-kodo-10-450x450.jpg 450w, http://kodo.wp1.zootemplate.com/wp-content/uploads/2017/07/product-kodo-10-120x120.jpg 120w, http://kodo.wp1.zootemplate.com/wp-content/uploads/2017/07/product-kodo-10-30x30.jpg 30w" sizes="(max-width: 300px) 100vw, 300px" /><img width="300" height="300" src="http://kodo.wp1.zootemplate.com/wp-content/uploads/2017/07/product-kodo-5-300x300.jpg" alt="" srcset="http://kodo.wp1.zootemplate.com/wp-content/uploads/2017/07/product-kodo-5-300x300.jpg 300w, http://kodo.wp1.zootemplate.com/wp-content/uploads/2017/07/product-kodo-5-150x150.jpg 150w, http://kodo.wp1.zootemplate.com/wp-content/uploads/2017/07/product-kodo-5-450x450.jpg 450w, http://kodo.wp1.zootemplate.com/wp-content/uploads/2017/07/product-kodo-5-120x120.jpg 120w, http://kodo.wp1.zootemplate.com/wp-content/uploads/2017/07/product-kodo-5-30x30.jpg 30w" sizes="(max-width: 300px) 100vw, 300px" />            </a>
		<a href="#" rel="nofollow" data-id="70" title="Add to wishlist" data-label-added="Product Added"> Add to wishlist</a><a href="#" title="Quick view" data-productID="70"> Quick view</a><h3><a href="http://kodo.wp1.zootemplate.com/product/cotton-jersey-top-2/" title="Cotton-Jersey Top">Cotton-Jersey Top</a></h3>
	<del>&#36;265.00</del> <ins>&#36;212.00</ins>
<a href="/cleversoft/kodo/wp-admin/admin-ajax.php?add-to-cart=70" data-quantity="1" title="Add to cart" data-product_id="70" data-product_sku="" aria-label="Add &ldquo;Cotton-Jersey Top&rdquo; to your cart" rel="nofollow">Add to cart</a></li>
<li>
	Sale!
            <a href="http://kodo.wp1.zootemplate.com/product/denim-bermuda-shorts/" title="Denim Bermuda Shorts"
              >
				<img width="300" height="300" src="http://kodo.wp1.zootemplate.com/wp-content/uploads/2017/07/product-kodo-11-300x300.jpg" alt="" srcset="http://kodo.wp1.zootemplate.com/wp-content/uploads/2017/07/product-kodo-11-300x300.jpg 300w, http://kodo.wp1.zootemplate.com/wp-content/uploads/2017/07/product-kodo-11-150x150.jpg 150w, http://kodo.wp1.zootemplate.com/wp-content/uploads/2017/07/product-kodo-11-450x450.jpg 450w, http://kodo.wp1.zootemplate.com/wp-content/uploads/2017/07/product-kodo-11-120x120.jpg 120w, http://kodo.wp1.zootemplate.com/wp-content/uploads/2017/07/product-kodo-11-30x30.jpg 30w" sizes="(max-width: 300px) 100vw, 300px" /><img width="300" height="300" src="http://kodo.wp1.zootemplate.com/wp-content/uploads/2017/07/product-kodo-4-300x300.jpg" alt="" srcset="http://kodo.wp1.zootemplate.com/wp-content/uploads/2017/07/product-kodo-4-300x300.jpg 300w, http://kodo.wp1.zootemplate.com/wp-content/uploads/2017/07/product-kodo-4-150x150.jpg 150w, http://kodo.wp1.zootemplate.com/wp-content/uploads/2017/07/product-kodo-4-450x450.jpg 450w, http://kodo.wp1.zootemplate.com/wp-content/uploads/2017/07/product-kodo-4-120x120.jpg 120w, http://kodo.wp1.zootemplate.com/wp-content/uploads/2017/07/product-kodo-4-30x30.jpg 30w" sizes="(max-width: 300px) 100vw, 300px" />            </a>
		<a href="#" rel="nofollow" data-id="67" title="Add to wishlist" data-label-added="Product Added"> Add to wishlist</a><a href="#" title="Quick view" data-productID="67"> Quick view</a><h3><a href="http://kodo.wp1.zootemplate.com/product/denim-bermuda-shorts/" title="Denim Bermuda Shorts">Denim Bermuda Shorts</a></h3>
	<del>&#36;46.00</del> <ins>&#36;43.00</ins>
<a href="/cleversoft/kodo/wp-admin/admin-ajax.php?add-to-cart=67" data-quantity="1" title="Add to cart" data-product_id="67" data-product_sku="" aria-label="Add &ldquo;Denim Bermuda Shorts&rdquo; to your cart" rel="nofollow">Add to cart</a></li>
<li>
	Sale!
            <a href="http://kodo.wp1.zootemplate.com/product/high-heel-sandals/" title="High Heel Sandals"
              >
				<img width="300" height="300" src="http://kodo.wp1.zootemplate.com/wp-content/uploads/2017/07/product-kodo-12-300x300.jpg" alt="" srcset="http://kodo.wp1.zootemplate.com/wp-content/uploads/2017/07/product-kodo-12-300x300.jpg 300w, http://kodo.wp1.zootemplate.com/wp-content/uploads/2017/07/product-kodo-12-150x150.jpg 150w, http://kodo.wp1.zootemplate.com/wp-content/uploads/2017/07/product-kodo-12-450x450.jpg 450w, http://kodo.wp1.zootemplate.com/wp-content/uploads/2017/07/product-kodo-12-120x120.jpg 120w, http://kodo.wp1.zootemplate.com/wp-content/uploads/2017/07/product-kodo-12-30x30.jpg 30w" sizes="(max-width: 300px) 100vw, 300px" /><img width="300" height="300" src="http://kodo.wp1.zootemplate.com/wp-content/uploads/2017/07/product-kodo-13-300x300.jpg" alt="" srcset="http://kodo.wp1.zootemplate.com/wp-content/uploads/2017/07/product-kodo-13-300x300.jpg 300w, http://kodo.wp1.zootemplate.com/wp-content/uploads/2017/07/product-kodo-13-150x150.jpg 150w, http://kodo.wp1.zootemplate.com/wp-content/uploads/2017/07/product-kodo-13-450x450.jpg 450w, http://kodo.wp1.zootemplate.com/wp-content/uploads/2017/07/product-kodo-13-120x120.jpg 120w, http://kodo.wp1.zootemplate.com/wp-content/uploads/2017/07/product-kodo-13-30x30.jpg 30w" sizes="(max-width: 300px) 100vw, 300px" />            </a>
		<a href="#" rel="nofollow" data-id="60" title="Add to wishlist" data-label-added="Product Added"> Add to wishlist</a><a href="#" title="Quick view" data-productID="60"> Quick view</a><h3><a href="http://kodo.wp1.zootemplate.com/product/high-heel-sandals/" title="High Heel Sandals">High Heel Sandals</a></h3>
	<del>&#36;35.00</del> <ins>&#36;22.00</ins>
<a href="/cleversoft/kodo/wp-admin/admin-ajax.php?add-to-cart=60" data-quantity="1" title="Add to cart" data-product_id="60" data-product_sku="" aria-label="Add &ldquo;High Heel Sandals&rdquo; to your cart" rel="nofollow">Add to cart</a></li>
<li>
	            <a href="http://kodo.wp1.zootemplate.com/product/padded-jacket/" title="Padded Jacket"
              >
				<img width="300" height="300" src="http://kodo.wp1.zootemplate.com/wp-content/uploads/2017/07/product-kodo-13-300x300.jpg" alt="" srcset="http://kodo.wp1.zootemplate.com/wp-content/uploads/2017/07/product-kodo-13-300x300.jpg 300w, http://kodo.wp1.zootemplate.com/wp-content/uploads/2017/07/product-kodo-13-150x150.jpg 150w, http://kodo.wp1.zootemplate.com/wp-content/uploads/2017/07/product-kodo-13-450x450.jpg 450w, http://kodo.wp1.zootemplate.com/wp-content/uploads/2017/07/product-kodo-13-120x120.jpg 120w, http://kodo.wp1.zootemplate.com/wp-content/uploads/2017/07/product-kodo-13-30x30.jpg 30w" sizes="(max-width: 300px) 100vw, 300px" /><img width="300" height="300" src="http://kodo.wp1.zootemplate.com/wp-content/uploads/2017/07/product-kodo-18-300x300.jpg" alt="" srcset="http://kodo.wp1.zootemplate.com/wp-content/uploads/2017/07/product-kodo-18-300x300.jpg 300w, http://kodo.wp1.zootemplate.com/wp-content/uploads/2017/07/product-kodo-18-150x150.jpg 150w, http://kodo.wp1.zootemplate.com/wp-content/uploads/2017/07/product-kodo-18-450x450.jpg 450w, http://kodo.wp1.zootemplate.com/wp-content/uploads/2017/07/product-kodo-18-120x120.jpg 120w, http://kodo.wp1.zootemplate.com/wp-content/uploads/2017/07/product-kodo-18-30x30.jpg 30w" sizes="(max-width: 300px) 100vw, 300px" />            </a>
		<a href="#" rel="nofollow" data-id="56" title="Add to wishlist" data-label-added="Product Added"> Add to wishlist</a><a href="#" title="Quick view" data-productID="56"> Quick view</a><h3><a href="http://kodo.wp1.zootemplate.com/product/padded-jacket/" title="Padded Jacket">Padded Jacket</a></h3>
	&#36;35.00
<a href="/cleversoft/kodo/wp-admin/admin-ajax.php?add-to-cart=56" data-quantity="1" title="Add to cart" data-product_id="56" data-product_sku="" aria-label="Add &ldquo;Padded Jacket&rdquo; to your cart" rel="nofollow">Add to cart</a></li>
<li>
	            <a href="http://kodo.wp1.zootemplate.com/product/canada-terrazzo-scarf/" title="Canada Terrazzo Scarf"
              >
				<img width="300" height="300" src="http://kodo.wp1.zootemplate.com/wp-content/uploads/2017/07/product-kodo-14-300x300.jpg" alt="" srcset="http://kodo.wp1.zootemplate.com/wp-content/uploads/2017/07/product-kodo-14-300x300.jpg 300w, http://kodo.wp1.zootemplate.com/wp-content/uploads/2017/07/product-kodo-14-150x150.jpg 150w, http://kodo.wp1.zootemplate.com/wp-content/uploads/2017/07/product-kodo-14-450x450.jpg 450w, http://kodo.wp1.zootemplate.com/wp-content/uploads/2017/07/product-kodo-14-120x120.jpg 120w, http://kodo.wp1.zootemplate.com/wp-content/uploads/2017/07/product-kodo-14-30x30.jpg 30w" sizes="(max-width: 300px) 100vw, 300px" /><img width="300" height="300" src="http://kodo.wp1.zootemplate.com/wp-content/uploads/2017/07/product-kodo-11-300x300.jpg" alt="" srcset="http://kodo.wp1.zootemplate.com/wp-content/uploads/2017/07/product-kodo-11-300x300.jpg 300w, http://kodo.wp1.zootemplate.com/wp-content/uploads/2017/07/product-kodo-11-150x150.jpg 150w, http://kodo.wp1.zootemplate.com/wp-content/uploads/2017/07/product-kodo-11-450x450.jpg 450w, http://kodo.wp1.zootemplate.com/wp-content/uploads/2017/07/product-kodo-11-120x120.jpg 120w, http://kodo.wp1.zootemplate.com/wp-content/uploads/2017/07/product-kodo-11-30x30.jpg 30w" sizes="(max-width: 300px) 100vw, 300px" />            </a>
		<a href="#" rel="nofollow" data-id="53" title="Add to wishlist" data-label-added="Product Added"> Add to wishlist</a><a href="#" title="Quick view" data-productID="53"> Quick view</a><h3><a href="http://kodo.wp1.zootemplate.com/product/canada-terrazzo-scarf/" title="Canada Terrazzo Scarf">Canada Terrazzo Scarf</a></h3>
	&#36;155.00
<a href="/cleversoft/kodo/wp-admin/admin-ajax.php?add-to-cart=53" data-quantity="1" title="Add to cart" data-product_id="53" data-product_sku="" aria-label="Add &ldquo;Canada Terrazzo Scarf&rdquo; to your cart" rel="nofollow">Add to cart</a></li>
<li>
	            <a href="http://kodo.wp1.zootemplate.com/product/turtleneck-sweater/" title="Turtleneck Sweater"
              >
				<img width="300" height="300" src="http://kodo.wp1.zootemplate.com/wp-content/uploads/2017/07/product-kodo-15-300x300.jpg" alt="" srcset="http://kodo.wp1.zootemplate.com/wp-content/uploads/2017/07/product-kodo-15-300x300.jpg 300w, http://kodo.wp1.zootemplate.com/wp-content/uploads/2017/07/product-kodo-15-150x150.jpg 150w, http://kodo.wp1.zootemplate.com/wp-content/uploads/2017/07/product-kodo-15-450x450.jpg 450w, http://kodo.wp1.zootemplate.com/wp-content/uploads/2017/07/product-kodo-15-120x120.jpg 120w, http://kodo.wp1.zootemplate.com/wp-content/uploads/2017/07/product-kodo-15-30x30.jpg 30w" sizes="(max-width: 300px) 100vw, 300px" /><img width="300" height="300" src="http://kodo.wp1.zootemplate.com/wp-content/uploads/2017/07/product-kodo-9-300x300.jpg" alt="" srcset="http://kodo.wp1.zootemplate.com/wp-content/uploads/2017/07/product-kodo-9-300x300.jpg 300w, http://kodo.wp1.zootemplate.com/wp-content/uploads/2017/07/product-kodo-9-150x150.jpg 150w, http://kodo.wp1.zootemplate.com/wp-content/uploads/2017/07/product-kodo-9-450x450.jpg 450w, http://kodo.wp1.zootemplate.com/wp-content/uploads/2017/07/product-kodo-9-120x120.jpg 120w, http://kodo.wp1.zootemplate.com/wp-content/uploads/2017/07/product-kodo-9-30x30.jpg 30w" sizes="(max-width: 300px) 100vw, 300px" />            </a>
		<a href="#" rel="nofollow" data-id="50" title="Add to wishlist" data-label-added="Product Added"> Add to wishlist</a><a href="#" title="Quick view" data-productID="50"> Quick view</a><h3><a href="http://kodo.wp1.zootemplate.com/product/turtleneck-sweater/" title="Turtleneck Sweater">Turtleneck Sweater</a></h3>
	&#36;335.00
<a href="/cleversoft/kodo/wp-admin/admin-ajax.php?add-to-cart=50" data-quantity="1" title="Add to cart" data-product_id="50" data-product_sku="" aria-label="Add &ldquo;Turtleneck Sweater&rdquo; to your cart" rel="nofollow">Add to cart</a></li>
    </ul>]]></content:encoded>
		<excerpt:encoded><![CDATA[]]></excerpt:encoded>
		<wp:post_id>2089</wp:post_id>
		<wp:post_date><![CDATA[2017-08-07 02:55:30]]></wp:post_date>
		<wp:post_date_gmt><![CDATA[2017-08-07 02:55:30]]></wp:post_date_gmt>
		<wp:comment_status><![CDATA[closed]]></wp:comment_status>
		<wp:ping_status><![CDATA[closed]]></wp:ping_status>
		<wp:post_name><![CDATA[home-2]]></wp:post_name>
		<wp:status><![CDATA[publish]]></wp:status>
		<wp:post_parent>0</wp:post_parent>
		<wp:menu_order>0</wp:menu_order>
		<wp:post_type><![CDATA[page]]></wp:post_type>
		<wp:post_password><![CDATA[]]></wp:post_password>
		<wp:is_sticky>0</wp:is_sticky>
		<wp:postmeta>
			<wp:meta_key><![CDATA[_vc_post_settings]]></wp:meta_key>
			<wp:meta_value><![CDATA[a:1:{s:10:"vc_grid_id";a:0:{}}]]></wp:meta_value>
		</wp:postmeta>
		<wp:postmeta>
			<wp:meta_key><![CDATA[_wpb_shortcodes_custom_css]]></wp:meta_key>
			<wp:meta_value><![CDATA[.vc_custom_1504068313020{padding-top: 75px !important;padding-bottom: 40px !important;}]]></wp:meta_value>
		</wp:postmeta>
		<wp:postmeta>
			<wp:meta_key><![CDATA[_vc_post_settings]]></wp:meta_key>
			<wp:meta_value><![CDATA[a:1:{s:10:"vc_grid_id";a:0:{}}]]></wp:meta_value>
		</wp:postmeta>
		<wp:postmeta>
			<wp:meta_key><![CDATA[slide_template]]></wp:meta_key>
			<wp:meta_value><![CDATA[default]]></wp:meta_value>
		</wp:postmeta>
		<wp:postmeta>
			<wp:meta_key><![CDATA[_wpb_vc_js_status]]></wp:meta_key>
			<wp:meta_value><![CDATA[true]]></wp:meta_value>
		</wp:postmeta>
		<wp:postmeta>
			<wp:meta_key><![CDATA[_the_champ_meta]]></wp:meta_key>
			<wp:meta_value><![CDATA[a:5:{s:7:"sharing";i:0;s:16:"vertical_sharing";i:0;s:7:"counter";i:0;s:16:"vertical_counter";i:0;s:11:"fb_comments";i:0;}]]></wp:meta_value>
		</wp:postmeta>
		<wp:postmeta>
			<wp:meta_key><![CDATA[zoo_single_page_padding_top]]></wp:meta_key>
			<wp:meta_value><![CDATA[inherit]]></wp:meta_value>
		</wp:postmeta>
		<wp:postmeta>
			<wp:meta_key><![CDATA[zoo_single_page_padding_bottom]]></wp:meta_key>
			<wp:meta_value><![CDATA[inherit]]></wp:meta_value>
		</wp:postmeta>
		<wp:postmeta>
			<wp:meta_key><![CDATA[zoo_site_layout]]></wp:meta_key>
			<wp:meta_value><![CDATA[inherit]]></wp:meta_value>
		</wp:postmeta>
		<wp:postmeta>
			<wp:meta_key><![CDATA[zoo_site_layout_box_shadow]]></wp:meta_key>
			<wp:meta_value><![CDATA[1]]></wp:meta_value>
		</wp:postmeta>
		<wp:postmeta>
			<wp:meta_key><![CDATA[zoo_site_background_color]]></wp:meta_key>
			<wp:meta_value><![CDATA[#fff]]></wp:meta_value>
		</wp:postmeta>
		<wp:postmeta>
			<wp:meta_key><![CDATA[zoo_site_background_size]]></wp:meta_key>
			<wp:meta_value><![CDATA[cover]]></wp:meta_value>
		</wp:postmeta>
		<wp:postmeta>
			<wp:meta_key><![CDATA[zoo_site_background_repeat]]></wp:meta_key>
			<wp:meta_value><![CDATA[no-repeat]]></wp:meta_value>
		</wp:postmeta>
		<wp:postmeta>
			<wp:meta_key><![CDATA[zoo_site_background_position]]></wp:meta_key>
			<wp:meta_value><![CDATA[center center]]></wp:meta_value>
		</wp:postmeta>
		<wp:postmeta>
			<wp:meta_key><![CDATA[zoo_site_background_attachment]]></wp:meta_key>
			<wp:meta_value><![CDATA[scroll]]></wp:meta_value>
		</wp:postmeta>
		<wp:postmeta>
			<wp:meta_key><![CDATA[zoo_header_custom_menu]]></wp:meta_key>
			<wp:meta_value><![CDATA[none]]></wp:meta_value>
		</wp:postmeta>
		<wp:postmeta>
			<wp:meta_key><![CDATA[zoo_hide_tag_line]]></wp:meta_key>
			<wp:meta_value><![CDATA[0]]></wp:meta_value>
		</wp:postmeta>
		<wp:postmeta>
			<wp:meta_key><![CDATA[zoo_disable_title]]></wp:meta_key>
			<wp:meta_value><![CDATA[1]]></wp:meta_value>
		</wp:postmeta>
		<wp:postmeta>
			<wp:meta_key><![CDATA[zoo_disable_breadcrumbs]]></wp:meta_key>
			<wp:meta_value><![CDATA[1]]></wp:meta_value>
		</wp:postmeta>
		<wp:postmeta>
			<wp:meta_key><![CDATA[zoo_header_top]]></wp:meta_key>
			<wp:meta_value><![CDATA[1]]></wp:meta_value>
		</wp:postmeta>
		<wp:postmeta>
			<wp:meta_key><![CDATA[zoo_header_layout]]></wp:meta_key>
			<wp:meta_value><![CDATA[logo-center]]></wp:meta_value>
		</wp:postmeta>
		<wp:postmeta>
			<wp:meta_key><![CDATA[zoo_header_hide_border_bottom]]></wp:meta_key>
			<wp:meta_value><![CDATA[1]]></wp:meta_value>
		</wp:postmeta>
		<wp:postmeta>
			<wp:meta_key><![CDATA[zoo_header_transparent]]></wp:meta_key>
			<wp:meta_value><![CDATA[0]]></wp:meta_value>
		</wp:postmeta>
		<wp:postmeta>
			<wp:meta_key><![CDATA[zoo_header_fullwidth]]></wp:meta_key>
			<wp:meta_value><![CDATA[0]]></wp:meta_value>
		</wp:postmeta>
		<wp:postmeta>
			<wp:meta_key><![CDATA[zoo_show_newsletter]]></wp:meta_key>
			<wp:meta_value><![CDATA[0]]></wp:meta_value>
		</wp:postmeta>
		<wp:postmeta>
			<wp:meta_key><![CDATA[zoo_top_footer]]></wp:meta_key>
			<wp:meta_value><![CDATA[1]]></wp:meta_value>
		</wp:postmeta>
		<wp:postmeta>
			<wp:meta_key><![CDATA[zoo_main_footer]]></wp:meta_key>
			<wp:meta_value><![CDATA[0]]></wp:meta_value>
		</wp:postmeta>
		<wp:postmeta>
			<wp:meta_key><![CDATA[zoo_footer_layout]]></wp:meta_key>
			<wp:meta_value><![CDATA[style2]]></wp:meta_value>
		</wp:postmeta>
		<wp:postmeta>
			<wp:meta_key><![CDATA[zoo_main_footer_color]]></wp:meta_key>
			<wp:meta_value><![CDATA[#222222]]></wp:meta_value>
		</wp:postmeta>
		<wp:postmeta>
			<wp:meta_key><![CDATA[zoo_main_footer_link_color]]></wp:meta_key>
			<wp:meta_value><![CDATA[#222222]]></wp:meta_value>
		</wp:postmeta>
		<wp:postmeta>
			<wp:meta_key><![CDATA[zoo_main_footer_link_color_hover]]></wp:meta_key>
			<wp:meta_value><![CDATA[#dc2f47]]></wp:meta_value>
		</wp:postmeta>
		<wp:postmeta>
			<wp:meta_key><![CDATA[zoo_main_footer_block_title_color]]></wp:meta_key>
			<wp:meta_value><![CDATA[#222]]></wp:meta_value>
		</wp:postmeta>
		<wp:postmeta>
			<wp:meta_key><![CDATA[zoo_main_footer_background_color]]></wp:meta_key>
			<wp:meta_value><![CDATA[#f5f5f5]]></wp:meta_value>
		</wp:postmeta>
		<wp:postmeta>
			<wp:meta_key><![CDATA[zoo_main_footer_field_background_color]]></wp:meta_key>
			<wp:meta_value><![CDATA[#ffffff]]></wp:meta_value>
		</wp:postmeta>
		<wp:postmeta>
			<wp:meta_key><![CDATA[zoo_footer_color]]></wp:meta_key>
			<wp:meta_value><![CDATA[#222222]]></wp:meta_value>
		</wp:postmeta>
		<wp:postmeta>
			<wp:meta_key><![CDATA[zoo_footer_link_color]]></wp:meta_key>
			<wp:meta_value><![CDATA[#222222]]></wp:meta_value>
		</wp:postmeta>
		<wp:postmeta>
			<wp:meta_key><![CDATA[zoo_footer_link_color_hover]]></wp:meta_key>
			<wp:meta_value><![CDATA[#dc2f47]]></wp:meta_value>
		</wp:postmeta>
		<wp:postmeta>
			<wp:meta_key><![CDATA[zoo_footer_border_color]]></wp:meta_key>
			<wp:meta_value><![CDATA[#dfdfdf]]></wp:meta_value>
		</wp:postmeta>
		<wp:postmeta>
			<wp:meta_key><![CDATA[zoo_footer_background_color]]></wp:meta_key>
			<wp:meta_value><![CDATA[#f5f5f5]]></wp:meta_value>
		</wp:postmeta>
		<wp:postmeta>
			<wp:meta_key><![CDATA[_wpb_shortcodes_custom_css]]></wp:meta_key>
			<wp:meta_value><![CDATA[.vc_custom_1504068313020{padding-top: 75px !important;padding-bottom: 40px !important;}]]></wp:meta_value>
		</wp:postmeta>
		<wp:postmeta>
			<wp:meta_key><![CDATA[zoo_site_page_toc]]></wp:meta_key>
			<wp:meta_value><![CDATA[0]]></wp:meta_value>
		</wp:postmeta>
		<wp:postmeta>
			<wp:meta_key><![CDATA[zoo_footer_social]]></wp:meta_key>
			<wp:meta_value><![CDATA[0]]></wp:meta_value>
		</wp:postmeta>
		<wp:postmeta>
			<wp:meta_key><![CDATA[zoo_footer_top_hide_border]]></wp:meta_key>
			<wp:meta_value><![CDATA[1]]></wp:meta_value>
		</wp:postmeta>
		<wp:postmeta>
			<wp:meta_key><![CDATA[zoo_footer_main_hide_border]]></wp:meta_key>
			<wp:meta_value><![CDATA[1]]></wp:meta_value>
		</wp:postmeta>
		<wp:postmeta>
			<wp:meta_key><![CDATA[zoo_footer_copyright_hide_border]]></wp:meta_key>
			<wp:meta_value><![CDATA[1]]></wp:meta_value>
		</wp:postmeta>
		<wp:postmeta>
			<wp:meta_key><![CDATA[zoo_footer_background_size]]></wp:meta_key>
			<wp:meta_value><![CDATA[auto]]></wp:meta_value>
		</wp:postmeta>
		<wp:postmeta>
			<wp:meta_key><![CDATA[zoo_footer_background_repeat]]></wp:meta_key>
			<wp:meta_value><![CDATA[no-repeat]]></wp:meta_value>
		</wp:postmeta>
		<wp:postmeta>
			<wp:meta_key><![CDATA[zoo_footer_background_position]]></wp:meta_key>
			<wp:meta_value><![CDATA[left top]]></wp:meta_value>
		</wp:postmeta>
		<wp:postmeta>
			<wp:meta_key><![CDATA[zoo_footer_background_attachment]]></wp:meta_key>
			<wp:meta_value><![CDATA[scroll]]></wp:meta_value>
		</wp:postmeta>
		<wp:postmeta>
			<wp:meta_key><![CDATA[_wxr_import_user_slug]]></wp:meta_key>
			<wp:meta_value><![CDATA[admin]]></wp:meta_value>
		</wp:postmeta>
		<wp:postmeta>
			<wp:meta_key><![CDATA[_edit_last]]></wp:meta_key>
			<wp:meta_value><![CDATA[1]]></wp:meta_value>
		</wp:postmeta>
		<wp:postmeta>
			<wp:meta_key><![CDATA[zoo_meta_page_header_template]]></wp:meta_key>
			<wp:meta_value><![CDATA[header-logo-center-1563960774]]></wp:meta_value>
		</wp:postmeta>
		<wp:postmeta>
			<wp:meta_key><![CDATA[zoo_meta_page_footer_template]]></wp:meta_key>
			<wp:meta_value><![CDATA[footer-copyright-left-1564109910]]></wp:meta_value>
		</wp:postmeta>
		<wp:postmeta>
			<wp:meta_key><![CDATA[_elementor_edit_mode]]></wp:meta_key>
			<wp:meta_value><![CDATA[builder]]></wp:meta_value>
		</wp:postmeta>
		<wp:postmeta>
			<wp:meta_key><![CDATA[_elementor_template_type]]></wp:meta_key>
			<wp:meta_value><![CDATA[post]]></wp:meta_value>
		</wp:postmeta>
		<wp:postmeta>
			<wp:meta_key><![CDATA[_elementor_version]]></wp:meta_key>
			<wp:meta_value><![CDATA[2.6.6]]></wp:meta_value>
		</wp:postmeta>
		<wp:postmeta>
			<wp:meta_key><![CDATA[_wp_page_template]]></wp:meta_key>
			<wp:meta_value><![CDATA[default]]></wp:meta_value>
		</wp:postmeta>
		<wp:postmeta>
			<wp:meta_key><![CDATA[_elementor_elements_usage]]></wp:meta_key>
			<wp:meta_value><![CDATA[a:4:{s:13:"clever-slider";i:1;s:6:"column";i:2;s:7:"section";i:2;s:24:"clever-product-grid-tabs";i:1;}]]></wp:meta_value>
		</wp:postmeta>
		<wp:postmeta>
			<wp:meta_key><![CDATA[_elementor_data]]></wp:meta_key>
			<wp:meta_value><![CDATA[[{"id":"2061a3a","elType":"section","settings":{"stretch_section":"section-stretched","layout":"full_width","margin":{"unit":"px","top":"0","right":0,"bottom":"80","left":0,"isLinked":false},"padding":{"unit":"px","top":"0","right":"110","bottom":"0","left":"110","isLinked":false},"padding_tablet":{"unit":"px","top":"0","right":"0","bottom":"0","left":"0","isLinked":true}},"elements":[{"id":"f36be47","elType":"column","settings":{"_column_size":100,"padding":{"unit":"px","top":"0","right":"0","bottom":"0","left":"0","isLinked":true}},"elements":[{"id":"cd85583","elType":"widget","settings":{"slides":[{"heading":"Living Room <br>Furnishing Light - <span class=\"accent-color\">$89.99<\/span>","description":"An intricate floral pattern in cast iron holds ","button_text":"","background_color":"#3d70b2","_id":"acda933","background_image":{"url":"http:\/\/kodo.wp1.zootemplate.com\/wp-content\/uploads\/2017\/09\/kodo-slide-42.jpg","id":2606},"background_video":"","background_video_sound":"","background_size":"cover","background_ken_burns":"","zoom_direction":"in","background_overlay":"yes","background_overlay_color":"","background_overlay_blend_mode":"","background_animation":"inherit","background_transition_duration":1000,"button_style":"normal","link":{"url":"","is_external":"","nofollow":""},"link_click":"slide","content_animation":"inherit","content_transition_duration":500,"custom_style":"yes","content_max_width":{"unit":"%","size":"100","sizes":[]},"content_max_width_tablet":{"unit":"%","size":"","sizes":[]},"content_max_width_mobile":{"unit":"%","size":"","sizes":[]},"slides_padding":{"unit":"px","top":"","right":"","bottom":"","left":"","isLinked":true},"slides_padding_tablet":{"unit":"px","top":"","right":"","bottom":"","left":"","isLinked":true},"slides_padding_mobile":{"unit":"px","top":"","right":"","bottom":"","left":"","isLinked":true},"horizontal_position":"","horizontal_position_tablet":"","horizontal_position_mobile":"","vertical_position":"","vertical_position_tablet":"","vertical_position_mobile":"","text_align":"left","text_align_tablet":"","text_align_mobile":"","heading_color":"","des_color":"","button_color":"","button_bg":"","button_color_hover":"","button_bg_hover":"","enable":"","min_width":{"unit":"px","size":767,"sizes":[]},"max_width":{"unit":"px","size":1024,"sizes":[]},"hidden":"","width":{"unit":"%","size":100,"sizes":[]},"font_size":{"unit":"px","size":16,"sizes":[]},"line_height":{"unit":"px","size":16,"sizes":[]},"margin":{"unit":"px","top":"","right":"","bottom":"","left":"","isLinked":true},"padding":{"unit":"px","top":"","right":"","bottom":"","left":"","isLinked":true},"align":""},{"heading":"New Collection Fall 2017 ","description":"We shine a spotlight on ss18\/s runway hits, from gucci to <br>Maison margiela and valentino.","button_text":"SHOP THE SALE","background_color":"#3d70b2","_id":"690b3d6","background_image":{"url":"http:\/\/kodo.wp1.zootemplate.com\/wp-content\/uploads\/2017\/09\/kodo-slide-2-3.jpg","id":2603},"background_video":"","background_video_sound":"","background_size":"cover","background_ken_burns":"","zoom_direction":"in","background_overlay":"yes","background_overlay_color":"","background_overlay_blend_mode":"","background_animation":"inherit","background_transition_duration":1000,"button_style":"normal","link":{"url":"","is_external":"","nofollow":""},"link_click":"slide","content_animation":"inherit","content_transition_duration":500,"custom_style":"yes","content_max_width":{"unit":"%","size":"100","sizes":[]},"content_max_width_tablet":{"unit":"%","size":"","sizes":[]},"content_max_width_mobile":{"unit":"%","size":"","sizes":[]},"slides_padding":{"unit":"px","top":"","right":"","bottom":"","left":"","isLinked":true},"slides_padding_tablet":{"unit":"px","top":"","right":"","bottom":"","left":"","isLinked":true},"slides_padding_mobile":{"unit":"px","top":"","right":"","bottom":"","left":"","isLinked":true},"horizontal_position":"","horizontal_position_tablet":"","horizontal_position_mobile":"","vertical_position":"","vertical_position_tablet":"","vertical_position_mobile":"","text_align":"left","text_align_tablet":"","text_align_mobile":"","heading_color":"","des_color":"","button_color":"","button_bg":"","button_color_hover":"","button_bg_hover":"","enable":"","min_width":{"unit":"px","size":767,"sizes":[]},"max_width":{"unit":"px","size":1024,"sizes":[]},"hidden":"","width":{"unit":"%","size":100,"sizes":[]},"font_size":{"unit":"px","size":16,"sizes":[]},"line_height":{"unit":"px","size":16,"sizes":[]},"margin":{"unit":"px","top":"","right":"","bottom":"","left":"","isLinked":true},"padding":{"unit":"px","top":"","right":"","bottom":"","left":"","isLinked":true},"align":""},{"heading":"Living Room <br>Furnishing Light - <span class=\"accent-color\">$89.99<\/span>","description":"An intricate floral pattern in cast iron holds ","button_text":"","background_color":"#3d70b2","_id":"3e822da","background_image":{"url":"http:\/\/kodo.wp1.zootemplate.com\/wp-content\/uploads\/2017\/09\/kodo-slide-1-3.jpg","id":2604},"background_video":"","background_video_sound":"","background_size":"cover","background_ken_burns":"","zoom_direction":"in","background_overlay":"yes","background_overlay_color":"","background_overlay_blend_mode":"","background_animation":"inherit","background_transition_duration":1000,"button_style":"normal","link":{"url":"","is_external":"","nofollow":""},"link_click":"slide","content_animation":"inherit","content_transition_duration":500,"custom_style":"yes","content_max_width":{"unit":"%","size":"100","sizes":[]},"content_max_width_tablet":{"unit":"%","size":"","sizes":[]},"content_max_width_mobile":{"unit":"%","size":"","sizes":[]},"slides_padding":{"unit":"px","top":"","right":"","bottom":"","left":"","isLinked":true},"slides_padding_tablet":{"unit":"px","top":"","right":"","bottom":"","left":"","isLinked":true},"slides_padding_mobile":{"unit":"px","top":"","right":"","bottom":"","left":"","isLinked":true},"horizontal_position":"","horizontal_position_tablet":"","horizontal_position_mobile":"","vertical_position":"","vertical_position_tablet":"","vertical_position_mobile":"","text_align":"left","text_align_tablet":"","text_align_mobile":"","heading_color":"","des_color":"","button_color":"","button_bg":"","button_color_hover":"","button_bg_hover":"","enable":"","min_width":{"unit":"px","size":767,"sizes":[]},"max_width":{"unit":"px","size":1024,"sizes":[]},"hidden":"","width":{"unit":"%","size":100,"sizes":[]},"font_size":{"unit":"px","size":16,"sizes":[]},"line_height":{"unit":"px","size":16,"sizes":[]},"margin":{"unit":"px","top":"","right":"","bottom":"","left":"","isLinked":true},"padding":{"unit":"px","top":"","right":"","bottom":"","left":"","isLinked":true},"align":""}],"slides_height":{"unit":"px","size":660,"sizes":[]},"slides_width":{"unit":"px","size":1240,"sizes":[]},"transition":"fade","heading_typography_typography":"custom","heading_typography_font_size":{"unit":"px","size":40,"sizes":[]},"heading_typography_font_weight":"500","description_typography_typography":"custom","button_size":"md","button_typography_typography":"custom","button_border_width":{"unit":"px","size":2,"sizes":[]},"dots_style":"line","description_spacing":{"unit":"px","size":35,"sizes":[]},"description_typography_font_size":{"unit":"px","size":18,"sizes":[]},"button_typography_font_size":{"unit":"px","size":14,"sizes":[]},"button_typography_font_weight":"600","button_background_color":"#252525","button_border_color":"#dc2f47","button_hover_text_color":"#dc2f47","button_hover_background_color":"#ffffff","button_hover_border_color":"#dc2f47","arrows_size":{"unit":"px","size":60,"sizes":[]},"heading_color":"#252525","description_color":"#252525","button_padding":{"unit":"px","top":"16","right":"25","bottom":"15","left":"25","isLinked":false},"heading_typography_font_size_mobile":{"unit":"px","size":28,"sizes":[]},"description_typography_font_size_mobile":{"unit":"px","size":16,"sizes":[]}},"elements":[],"widgetType":"clever-slider"}],"isInner":false}],"isInner":false},{"id":"483f445","elType":"section","settings":{"margin":{"unit":"px","top":"0","right":0,"bottom":"80","left":0,"isLinked":false}},"elements":[{"id":"2f33d48","elType":"column","settings":{"_column_size":100,"padding":{"unit":"px","top":"0","right":"0","bottom":"0","left":"0","isLinked":true}},"elements":[{"id":"bc19b3b","elType":"widget","settings":{"title":"","filter_categories":["furniture","jeans","men-t-shirt","pants","shirts"],"default_category":"all","posts_per_page":12},"elements":[],"widgetType":"clever-product-grid-tabs"}],"isInner":false}],"isInner":false}]]]></wp:meta_value>
		</wp:postmeta>
	</item>
</channel>
</rss>
