<?xml version="1.0" encoding="UTF-8" ?>
<!-- This is a WordPress eXtended RSS file generated by WordPress as an export of your site. -->
<!-- It contains information about your site's posts, pages, comments, categories, and other content. -->
<!-- You may use this file to transfer that content from one site to another. -->
<!-- This file is not intended to serve as a complete backup of your site. -->

<!-- To import this information into a WordPress site follow these steps: -->
<!-- 1. Log in to that site as an administrator. -->
<!-- 2. Go to Tools: Import in the WordPress admin panel. -->
<!-- 3. Install the "WordPress" importer from the list. -->
<!-- 4. Activate & Run Importer. -->
<!-- 5. Upload this file using the form provided on that page. -->
<!-- 6. You will first be asked to map the authors in this export file to users -->
<!--    on the site. For each author, you may choose to map to an -->
<!--    existing user on the site or to create a new user. -->
<!-- 7. WordPress will then import each of the posts, pages, comments, categories, etc. -->
<!--    contained in this file into your site. -->

<!-- generator="WordPress/4.9.8" created="2018-11-05 09:47" -->
<rss version="2.0"
	xmlns:excerpt="http://wordpress.org/export/1.2/excerpt/"
	xmlns:content="http://purl.org/rss/1.0/modules/content/"
	xmlns:wfw="http://wellformedweb.org/CommentAPI/"
	xmlns:dc="http://purl.org/dc/elements/1.1/"
	xmlns:wp="http://wordpress.org/export/1.2/"
>

<channel>
	<title>Kodo</title>
	<link>http://kodo.wp3.zootemplate.com</link>
	<description>Just another WordPress site</description>
	<pubDate>Mon, 05 Nov 2018 09:47:16 +0000</pubDate>
	<language>en-US</language>
	<wp:wxr_version>1.2</wp:wxr_version>
	<wp:base_site_url>http://kodo.wp3.zootemplate.com</wp:base_site_url>
	<wp:base_blog_url>http://kodo.wp3.zootemplate.com</wp:base_blog_url>

	<wp:author><wp:author_id>1</wp:author_id><wp:author_login><![CDATA[clever]]></wp:author_login><wp:author_email><![CDATA[clever@gmail.com]]></wp:author_email><wp:author_display_name><![CDATA[clever]]></wp:author_display_name><wp:author_first_name><![CDATA[Nguyen]]></wp:author_first_name><wp:author_last_name><![CDATA[Toan]]></wp:author_last_name></wp:author>


	<generator>https://wordpress.org/?v=4.9.8</generator>

<image>
	<url>http://kodo.wp3.zootemplate.com/wp-content/uploads/2009/06/cleversoft_32x32.png</url>
	<title>Kodo</title>
	<link>http://kodo.wp3.zootemplate.com</link>
	<width>32</width>
	<height>32</height>
</image> 

	<item>
		<title>Home 12</title>
		<link>http://kodo.wp3.zootemplate.com/</link>
		<pubDate>Wed, 23 Aug 2017 07:36:14 +0000</pubDate>
		<dc:creator><![CDATA[clever]]></dc:creator>
		<guid isPermaLink="false">http://wp.rivertheme.com/zoo-kodo/?page_id=2428</guid>
		<description></description>
		<content:encoded><![CDATA[[vc_row css=".vc_custom_1503995351530{margin-top: -110px !important;}" el_class="mobile-margin-top-0"][vc_column][rev_slider_vc alias="home-12"][/vc_column][/vc_row][vc_row full_width="stretch_row" css=".vc_custom_1503996480474{padding-top: 100px !important;padding-bottom: 40px !important;background-color: #f1f1f1 !important;}" el_id="demo-section" el_class="demo-section mobile-padding-top-30 mobile-padding-bottom-0"][vc_column][vc_custom_heading text="12 Pixel Perfect Demos" font_container="tag:h2|font_size:55px|text_align:center" use_theme_fonts="yes"][vc_custom_heading text="Do not have time to start from scratch? Install a template in just minutes and start customising it." font_container="tag:p|font_size:18|text_align:center" use_theme_fonts="yes"][/vc_column][/vc_row][vc_row full_width="stretch_row" css=".vc_custom_1503996665385{padding-top: 40px !important;padding-bottom: 50px !important;background-color: #f1f1f1 !important;}" el_class="mobile-padding-top-0 mobile-padding-bottom-30"][vc_column width="1/3"][CleverDemoBox type="image" style="inline" image="2448" title="Home Page 1" link="url:http%3A%2F%2Fkodo.wp3.zootemplate.com%2Fhome-1%2F|||" animation_type=""][CleverDemoBox type="image" style="inline" image="2445" title="Home Page 4" link="url:http%3A%2F%2Fkodo.wp3.zootemplate.com%2Fhome-4%2F|||" animation_type=""][CleverDemoBox type="image" style="inline" image="2442" title="Home Page 7" link="url:http%3A%2F%2Fkodo.wp3.zootemplate.com%2Fhome-7%2F|||" animation_type=""][CleverDemoBox type="image" style="inline" image="2439" title="Home Page 10" link="url:http%3A%2F%2Fkodo.wp3.zootemplate.com%2Fhome-10%2F|||" animation_type=""][/vc_column][vc_column width="1/3"][CleverDemoBox type="image" style="inline" image="2447" title="Home Page 2" link="url:http%3A%2F%2Fkodo.wp3.zootemplate.com%2Fhome-2%2F|||" animation_type=""][CleverDemoBox type="image" style="inline" image="2444" title="Home Page 5" link="url:http%3A%2F%2Fkodo.wp3.zootemplate.com%2Fhome-5%2F|||" animation_type=""][CleverDemoBox type="image" style="inline" image="2441" title="Home Page 8" link="url:http%3A%2F%2Fkodo.wp3.zootemplate.com%2Fhome-8%2F|||" animation_type=""][CleverDemoBox type="image" style="inline" image="2438" title="Home Page 11" link="url:http%3A%2F%2Fkodo.wp3.zootemplate.com%2Fhome-11%2F|||" animation_type=""][/vc_column][vc_column width="1/3"][CleverDemoBox type="image" style="inline" image="2446" title="Home Page 3" link="url:http%3A%2F%2Fkodo.wp3.zootemplate.com%2Fhome-3%2F|||" animation_type=""][CleverDemoBox type="image" style="inline" image="2443" title="Home Page 6" link="url:http%3A%2F%2Fkodo.wp3.zootemplate.com%2Fhome-6%2F|||" animation_type=""][CleverDemoBox type="image" style="inline" image="2440" title="Home Page 9" link="url:http%3A%2F%2Fkodo.wp3.zootemplate.com%2Fhome-9%2F|||" animation_type=""][CleverDemoBox type="image" style="inline" image="2546" title="Home Page 12" link="url:http%3A%2F%2Fkodo.wp3.zootemplate.com%2Fhome-12%2F|||" animation_type=""][/vc_column][/vc_row][vc_row full_width="stretch_row" css=".vc_custom_1503997059428{padding-top: 100px !important;padding-bottom: 40px !important;}" el_id="features-section" el_class="features-section mobile-padding-top-30 mobile-padding-bottom-30"][vc_column][vc_custom_heading text="Theme Features" font_container="tag:h2|font_size:55px|text_align:center|line_height:1" use_theme_fonts="yes" el_class="bold"][vc_custom_heading text="What makes Kodo so powerful?" font_container="tag:p|font_size:18|text_align:center" use_theme_fonts="yes"][/vc_column][/vc_row][vc_row][vc_column width="1/3"][CleverFeatureBox type="image" image="2490" style="after-box" align="text-center" box_bg_type="color" box_bg_color="#f3f3f3" title="01.WooCommerce Compatibility" el_class="demo-box" css=".vc_custom_1503731690514{border-bottom-width: 30px !important;}"]Kodo is the perfect theme for your shop or your clients websites as an agency or freelancer.[/CleverFeatureBox][CleverFeatureBox type="image" image="2493" style="after-box" align="text-center" box_bg_type="color" box_bg_color="#f3f3f3" title="04.Drag &amp; Drop Sliders Builder" el_class="demo-box" css=".vc_custom_1503731698948{margin-bottom: 30px !important;}"]Create amazing and responsive sliders with never be easier with Revolution Slider and it's included in Kodo for free.[/CleverFeatureBox][CleverFeatureBox type="image" image="2495" style="after-box" align="text-center" box_bg_type="color" box_bg_color="#f3f3f3" title="07.One Click Demo Importer" el_class="demo-box" css=".vc_custom_1503731706718{border-bottom-width: 30px !important;}"]Fully automated One Click Demo Content Importer will recreate our demo website on your server in a minute.[/CleverFeatureBox][CleverFeatureBox type="image" image="2498" style="after-box" align="text-center" box_bg_type="color" box_bg_color="#f3f3f3" title="10.Powerful Ajax Shop" el_class="demo-box" css=".vc_custom_1503731717142{margin-bottom: 30px !important;}"]You can add ajax filter for attributes, product categories, lazy load, infinite scroll, add to cart.[/CleverFeatureBox][CleverFeatureBox type="image" image="2500" style="after-box" align="text-center" box_bg_type="color" box_bg_color="#f3f3f3" title="13.Beautiful Shopping Experience" el_class="demo-box" css=".vc_custom_1503731728189{margin-bottom: 30px !important;}"]Everything you're looking for in eCommerce theme and nothing more. Stronger. Faster. Smarter.[/CleverFeatureBox][CleverFeatureBox type="image" image="2504" style="after-box" align="text-center" box_bg_type="color" box_bg_color="#f3f3f3" title="16.Off-Canvas Shopping Cart" el_class="demo-box"]Allow your clients to see the products they've selected in a glance, with the possibility to add or remove products without being forced to navigate back and forth across the site.[/CleverFeatureBox][CleverFeatureBox type="image" image="2507" style="after-box" align="text-center" box_bg_type="color" box_bg_color="#f3f3f3" title="19.Blogging in Style" el_class="demo-box" css=".vc_custom_1503731737948{margin-bottom: 30px !important;}"]Give your blog and extra oompht! Kodo comes with 2 beautiful blog layout to help you make your content stand out and grab the internet.[/CleverFeatureBox][CleverFeatureBox type="image" image="2510" style="after-box" align="text-center" box_bg_type="color" box_bg_color="#f3f3f3" title="22.SEO Optimized" el_class="demo-box"]The Theme is perfect to get brilliant result on Search Engine Ranking. Built in performance options will ensure that your website loads fast and run smoothly. It comes with clean and optimised code. It's compatible with most of SEO plugins (especially with SEO Yoast Plugin)[/CleverFeatureBox][/vc_column][vc_column width="1/3"][CleverFeatureBox type="image" image="2491" style="after-box" align="text-center" box_bg_type="color" box_bg_color="#f3f3f3" title="02.Mobile Optimized Design" el_class="demo-box" css=".vc_custom_1503731758751{margin-bottom: 30px !important;}"]Quick and easy to use the most important thing for selling product on mobile. Kodo is fully responsive and very close to a native app.[/CleverFeatureBox][CleverFeatureBox type="image" image="2496" style="after-box" align="text-center" box_bg_type="color" box_bg_color="#f3f3f3" title="05.Clever Mega Menu for Visual Composer included" el_class="demo-box" css=".vc_custom_1503731767303{margin-bottom: 30px !important;}"]Clever Mega Menu is an easy to use Mega Menu Plugin For Visual Composer. This WordPress plugin is a user-friendly, highly customizable, responsive Mega Menu.[/CleverFeatureBox][CleverFeatureBox type="image" image="2501" style="after-box" align="text-center" box_bg_type="color" box_bg_color="#f3f3f3" title="08.Unlimited Header Styles" el_class="demo-box" css=".vc_custom_1503731776246{margin-bottom: 30px !important;}"]Check out a few real-life example of site headers created with Kodo.[/CleverFeatureBox][CleverFeatureBox type="image" image="2501" style="after-box" align="text-center" box_bg_type="color" box_bg_color="#f3f3f3" title="11.Unlimited Product Page Layouts" el_class="demo-box" css=".vc_custom_1503731782882{margin-bottom: 30px !important;}"]Kodo included unlimited product page layout options.[/CleverFeatureBox][CleverFeatureBox type="image" image="2505" style="after-box" align="text-center" box_bg_type="color" box_bg_color="#f3f3f3" title="14.Catalog Mode" el_class="demo-box" css=".vc_custom_1503731789983{margin-bottom: 30px !important;}"]Choose to turn off the eCommerce functionality of the theme, and use WooCommerce for cataloging purposes instead. It can be easily turned on or off from the Customizer, which makes it ideal of you decide to start SELLING online at a later time.[/CleverFeatureBox][CleverFeatureBox type="image" image="2508" style="after-box" align="text-center" box_bg_type="color" box_bg_color="#f3f3f3" title="17.Built-in Live Search" el_class="demo-box" css=".vc_custom_1503731797081{margin-bottom: 30px !important;}"]Search products, pages or blog posts instantly.[/CleverFeatureBox][CleverFeatureBox type="image" image="2511" style="after-box" align="text-center" box_bg_type="color" box_bg_color="#f3f3f3" title="20.PSD Included" el_class="demo-box" css=".vc_custom_1503731804667{margin-bottom: 30px !important;}"]PSD version is included when you purchase Kodo. After purchase just contact us to get the downloadable.[/CleverFeatureBox][CleverFeatureBox type="image" image="2512" style="after-box" align="text-center" box_bg_type="color" box_bg_color="#f3f3f3" title="23.Reliable Support" el_class="demo-box"]We care about our clients very much. Theme includes 100% free premium support. If you have a questions, contact us and we will answer your question shortly and resolve your issue. We are happy to hear from you.[/CleverFeatureBox][/vc_column][vc_column width="1/3"][CleverFeatureBox type="image" image="2492" style="after-box" align="text-center" box_bg_type="color" box_bg_color="#f3f3f3" title="03.Powerful Page Builder" el_class="demo-box" css=".vc_custom_1503731826530{margin-bottom: 30px !important;}"]Building anything with Drag &amp; Drop page builder and large element library.[/CleverFeatureBox][CleverFeatureBox type="image" image="2494" style="after-box" align="text-center" box_bg_type="color" box_bg_color="#f3f3f3" title="06.Unlimited Options" el_class="demo-box" css=".vc_custom_1503731833670{margin-bottom: 30px !important;}"]Quick setup, customize anything with Live Customizer Options panel. Save tons of times and there's no coding required[/CleverFeatureBox][CleverFeatureBox type="image" image="2497" style="after-box" align="text-center" box_bg_type="color" box_bg_color="#f3f3f3" title="09.Unlimited Category Layouts" el_class="demo-box" css=".vc_custom_1503731841962{margin-bottom: 30px !important;}"]Unlimited different possibilities to list your products.[/CleverFeatureBox][CleverFeatureBox type="image" image="2499" style="after-box" align="text-center" box_bg_type="color" box_bg_color="#f3f3f3" title="12.Product Variation Swatches" el_class="demo-box" css=".vc_custom_1503731848764{margin-bottom: 30px !important;}"]You can swatch product attributes with color, size or any attributes with open swatch plugin.[/CleverFeatureBox][CleverFeatureBox type="image" image="2503" style="after-box" align="text-center" box_bg_type="color" box_bg_color="#f3f3f3" title="15.Tailored Quick View" el_class="demo-box" css=".vc_custom_1503731855557{margin-bottom: 30px !important;}"]Shoppers love to get a good visual sense of the product before purchasing. Provide a beautiful user experience while driving all eyeballs to the products you're offering.[/CleverFeatureBox][CleverFeatureBox type="image" image="2506" style="after-box" align="text-center" box_bg_type="color" box_bg_color="#f3f3f3" title="18.Instagram Shop" el_class="demo-box"]Sale your products over your Instagram Feed. Add more shoppable links by clicking on your Instagram Feed tab.[/CleverFeatureBox][/vc_column][/vc_row][vc_row full_width="stretch_row" css=".vc_custom_1503997262026{padding-top: 100px !important;padding-bottom: 40px !important;}" el_class="mobile-padding-top-30 mobile-padding-bottom-30"][vc_column][vc_custom_heading text="Shop Layouts" font_container="tag:h2|font_size:55px|text_align:center|line_height:1" use_theme_fonts="yes" el_class="bold"][vc_custom_heading text="Do not have time to start from scratch? Install a template in just minutes and start customising it." font_container="tag:p|font_size:18|text_align:center" use_theme_fonts="yes"][/vc_column][/vc_row][vc_row full_width="stretch_row" css=".vc_custom_1503733158409{padding-top: 40px !important;padding-bottom: 50px !important;}"][vc_column width="1/3"][CleverDemoBox type="image" style="inline" image="2527" title="Shop Layouts 01" link="url:http%3A%2F%2Fkodo.wp3.zootemplate.com%2Fshop%2F|||" animation_type=""][CleverDemoBox type="image" style="inline" image="2530" title="Shop Layouts 04" link="url:http%3A%2F%2Fkodo.wp3.zootemplate.com%2Fshop%2F|||" animation_type=""][/vc_column][vc_column width="1/3"][CleverDemoBox type="image" style="inline" image="2528" title="Shop Layouts 02" link="url:http%3A%2F%2Fkodo.wp3.zootemplate.com%2Fshop%2F|||" animation_type=""][/vc_column][vc_column width="1/3"][CleverDemoBox type="image" style="inline" image="2529" title="Shop Layouts 03" link="url:http%3A%2F%2Fkodo.wp3.zootemplate.com%2Fshop%2F|||" animation_type=""][/vc_column][/vc_row][vc_row full_width="stretch_row" css=".vc_custom_1503997255604{padding-top: 100px !important;padding-bottom: 40px !important;}" el_class="mobile-padding-top-30 mobile-padding-bottom-30"][vc_column][vc_custom_heading text="Product Detail Layout" font_container="tag:h2|font_size:55px|text_align:center|line_height:1" use_theme_fonts="yes" el_class="bold"][vc_custom_heading text="Kodo is designed to make your life easier. Every product layout has been optimized to fit perfectly with your needs." font_container="tag:p|font_size:18|text_align:center" use_theme_fonts="yes"][/vc_column][/vc_row][vc_row full_width="stretch_row" css=".vc_custom_1503733158409{padding-top: 40px !important;padding-bottom: 50px !important;}"][vc_column width="1/3"][CleverDemoBox type="image" style="inline" image="2656" title="Vertical Gallery" link="url:http%3A%2F%2Fkodo.wp3.zootemplate.com%2Fproduct%2Fprinted-summer-dress%2F|||" animation_type=""][CleverDemoBox type="image" style="inline" image="2662" title="Carousel Layout" link="url:http%3A%2F%2Fkodo.wp3.zootemplate.com%2Fproduct%2Fdenim-bermuda-shorts%2F|||" animation_type=""][CleverDemoBox type="image" style="inline" image="2677" title="Product Images Swatch" link="url:http%3A%2F%2Fkodo.wp3.zootemplate.com%2Fproduct%2Fcombined-lace-skirt%2F|||" animation_type=""][/vc_column][vc_column width="1/3"][CleverDemoBox type="image" style="inline" image="2658" title="Horizontal Gallery" link="url:http%3A%2F%2Fkodo.wp3.zootemplate.com%2Fproduct%2Fturtleneck-sweater%2F|||" animation_type=""][CleverDemoBox type="image" style="inline" image="2668" title="Product Colors Swatch " link="url:http%3A%2F%2Fkodo.wp3.zootemplate.com%2Fproduct%2Ft-shirt-frilled-sleeves%2F|||" animation_type=""][CleverDemoBox type="image" style="inline" image="2691" title="Product Gallery Swatch" link="url:http%3A%2F%2Fkodo.wp3.zootemplate.com%2Fproduct%2Fpainter-petite-top%2F|||" animation_type=""][/vc_column][vc_column width="1/3"][CleverDemoBox type="image" style="inline" image="2660" title="Sticky Layout" link="url:http%3A%2F%2Fkodo.wp3.zootemplate.com%2Fproduct%2Fcanada-terrazzo-scarf%2F|||" animation_type=""][CleverDemoBox type="image" style="inline" image="2675" title="Product Size Swatch" link="url:http%3A%2F%2Fkodo.wp3.zootemplate.com%2Fproduct%2Fcotton-jersey-top%2F|||" animation_type=""][/vc_column][/vc_row][vc_row full_width="stretch_row" css=".vc_custom_1503997272961{padding-top: 100px !important;padding-bottom: 40px !important;}" el_class="mobile-padding-top-30 mobile-padding-bottom-30"][vc_column][vc_custom_heading text="Blog Layout" font_container="tag:h2|font_size:55px|text_align:center|line_height:1" use_theme_fonts="yes" el_class="bold"][vc_custom_heading text="Show your posts in different ways by using blog layouts." font_container="tag:p|font_size:18|text_align:center" use_theme_fonts="yes"][/vc_column][/vc_row][vc_row full_width="stretch_row" css=".vc_custom_1503733158409{padding-top: 40px !important;padding-bottom: 50px !important;}"][vc_column width="1/3"][CleverDemoBox type="image" style="inline" image="2534" title="Blog Layout 01" link="url:http%3A%2F%2Fkodo.wp3.zootemplate.com%2Fcategory%2Fblog%2F|||" animation_type=""][/vc_column][vc_column width="1/3"][CleverDemoBox type="image" style="inline" image="2547" title="Blog Layout 02" link="url:http%3A%2F%2Fkodo.wp3.zootemplate.com%2Fcategory%2Fblog%2F|||" animation_type=""][/vc_column][vc_column width="1/3"][CleverDemoBox type="image" style="inline" image="2535" title="Blog Layout 03" link="url:http%3A%2F%2Fkodo.wp3.zootemplate.com%2Ffashion-wakes-up-to-the-older-woman%2F|||" animation_type=""][/vc_column][/vc_row][vc_row full_width="stretch_row" css=".vc_custom_1503997396459{padding-top: 100px !important;padding-bottom: 40px !important;}" el_id="support-section" el_class="support-section mobile-padding-top-30 mobile-padding-bottom-50"][vc_column][vc_custom_heading text="Get Support" font_container="tag:h2|font_size:55px|text_align:center|line_height:1" use_theme_fonts="yes" el_class="bold"][vc_custom_heading text="Find answers to all of your questions here." font_container="tag:p|font_size:18|text_align:center" use_theme_fonts="yes"][/vc_column][/vc_row][vc_row css=".vc_custom_1503982709871{padding-bottom: 80px !important;}"][vc_column width="1/3"][CleverFeatureBox type="image" image="2543" style="before" align="text-center" box_bg_type="color" box_bg_color="#f5f5f5" title="Documentation" link="url:http%3A%2F%2Fdoc.zootemplate.com%2Fzoo-kodo%2F||target:%20_blank|" el_class="style-3"]We provide full documentation so you can learn how to setup this theme step by step and use it?s options and features.[/CleverFeatureBox][/vc_column][vc_column width="1/3"][CleverFeatureBox type="image" image="2543" style="before" align="text-center" box_bg_type="color" box_bg_color="#f5f5f5" title="Video Tutorials" link="url:http%3A%2F%2Fdoc.zootemplate.com%2Fzoo-kodo%2F%23%2Finstallation%3Fid%3Dtheme-installation||target:%20_blank|" el_class="style-3"]Watch our video tutorials, step by step instructions to set up the theme.[/CleverFeatureBox][/vc_column][vc_column width="1/3"][CleverFeatureBox type="image" image="2545" style="before" align="text-center" box_bg_type="color" box_bg_color="#f5f5f5" title="Help Desk" link="url:http%3A%2F%2Fsupport.zooextension.com||target:%20_blank|" el_class="style-3"]Our team is ready to help you, for any problems you’ve got with the theme.[/CleverFeatureBox][/vc_column][/vc_row]]]></content:encoded>
		<excerpt:encoded><![CDATA[]]></excerpt:encoded>
		<wp:post_id>2428</wp:post_id>
		<wp:post_date><![CDATA[2017-08-23 07:36:14]]></wp:post_date>
		<wp:post_date_gmt><![CDATA[2017-08-23 07:36:14]]></wp:post_date_gmt>
		<wp:comment_status><![CDATA[closed]]></wp:comment_status>
		<wp:ping_status><![CDATA[closed]]></wp:ping_status>
		<wp:post_name><![CDATA[home-12]]></wp:post_name>
		<wp:status><![CDATA[publish]]></wp:status>
		<wp:post_parent>0</wp:post_parent>
		<wp:menu_order>0</wp:menu_order>
		<wp:post_type><![CDATA[page]]></wp:post_type>
		<wp:post_password><![CDATA[]]></wp:post_password>
		<wp:is_sticky>0</wp:is_sticky>
		<wp:postmeta>
			<wp:meta_key><![CDATA[_vc_post_settings]]></wp:meta_key>
			<wp:meta_value><![CDATA[a:1:{s:10:"vc_grid_id";a:0:{}}]]></wp:meta_value>
		</wp:postmeta>
		<wp:postmeta>
			<wp:meta_key><![CDATA[_wpb_shortcodes_custom_css]]></wp:meta_key>
			<wp:meta_value><![CDATA[.vc_custom_1503995351530{margin-top: -110px !important;}.vc_custom_1503996480474{padding-top: 100px !important;padding-bottom: 40px !important;background-color: #f1f1f1 !important;}.vc_custom_1503996665385{padding-top: 40px !important;padding-bottom: 50px !important;background-color: #f1f1f1 !important;}.vc_custom_1503997059428{padding-top: 100px !important;padding-bottom: 40px !important;}.vc_custom_1503997262026{padding-top: 100px !important;padding-bottom: 40px !important;}.vc_custom_1503733158409{padding-top: 40px !important;padding-bottom: 50px !important;}.vc_custom_1503997255604{padding-top: 100px !important;padding-bottom: 40px !important;}.vc_custom_1503733158409{padding-top: 40px !important;padding-bottom: 50px !important;}.vc_custom_1503997272961{padding-top: 100px !important;padding-bottom: 40px !important;}.vc_custom_1503733158409{padding-top: 40px !important;padding-bottom: 50px !important;}.vc_custom_1503997396459{padding-top: 100px !important;padding-bottom: 40px !important;}.vc_custom_1503982709871{padding-bottom: 80px !important;}.vc_custom_1503731690514{border-bottom-width: 30px !important;}.vc_custom_1503731698948{margin-bottom: 30px !important;}.vc_custom_1503731706718{border-bottom-width: 30px !important;}.vc_custom_1503731717142{margin-bottom: 30px !important;}.vc_custom_1503731728189{margin-bottom: 30px !important;}.vc_custom_1503731737948{margin-bottom: 30px !important;}.vc_custom_1503731758751{margin-bottom: 30px !important;}.vc_custom_1503731767303{margin-bottom: 30px !important;}.vc_custom_1503731776246{margin-bottom: 30px !important;}.vc_custom_1503731782882{margin-bottom: 30px !important;}.vc_custom_1503731789983{margin-bottom: 30px !important;}.vc_custom_1503731797081{margin-bottom: 30px !important;}.vc_custom_1503731804667{margin-bottom: 30px !important;}.vc_custom_1503731826530{margin-bottom: 30px !important;}.vc_custom_1503731833670{margin-bottom: 30px !important;}.vc_custom_1503731841962{margin-bottom: 30px !important;}.vc_custom_1503731848764{margin-bottom: 30px !important;}.vc_custom_1503731855557{margin-bottom: 30px !important;}]]></wp:meta_value>
		</wp:postmeta>
		<wp:postmeta>
			<wp:meta_key><![CDATA[_vc_post_settings]]></wp:meta_key>
			<wp:meta_value><![CDATA[a:1:{s:10:"vc_grid_id";a:0:{}}]]></wp:meta_value>
		</wp:postmeta>
		<wp:postmeta>
			<wp:meta_key><![CDATA[slide_template]]></wp:meta_key>
			<wp:meta_value><![CDATA[default]]></wp:meta_value>
		</wp:postmeta>
		<wp:postmeta>
			<wp:meta_key><![CDATA[_wpb_vc_js_status]]></wp:meta_key>
			<wp:meta_value><![CDATA[true]]></wp:meta_value>
		</wp:postmeta>
		<wp:postmeta>
			<wp:meta_key><![CDATA[_wpb_shortcodes_custom_css]]></wp:meta_key>
			<wp:meta_value><![CDATA[.vc_custom_1503995351530{margin-top: -110px !important;}.vc_custom_1503996480474{padding-top: 100px !important;padding-bottom: 40px !important;background-color: #f1f1f1 !important;}.vc_custom_1503996665385{padding-top: 40px !important;padding-bottom: 50px !important;background-color: #f1f1f1 !important;}.vc_custom_1503997059428{padding-top: 100px !important;padding-bottom: 40px !important;}.vc_custom_1503997262026{padding-top: 100px !important;padding-bottom: 40px !important;}.vc_custom_1503733158409{padding-top: 40px !important;padding-bottom: 50px !important;}.vc_custom_1503997255604{padding-top: 100px !important;padding-bottom: 40px !important;}.vc_custom_1503733158409{padding-top: 40px !important;padding-bottom: 50px !important;}.vc_custom_1503997272961{padding-top: 100px !important;padding-bottom: 40px !important;}.vc_custom_1503733158409{padding-top: 40px !important;padding-bottom: 50px !important;}.vc_custom_1503997396459{padding-top: 100px !important;padding-bottom: 40px !important;}.vc_custom_1503982709871{padding-bottom: 80px !important;}.vc_custom_1503731690514{border-bottom-width: 30px !important;}.vc_custom_1503731698948{margin-bottom: 30px !important;}.vc_custom_1503731706718{border-bottom-width: 30px !important;}.vc_custom_1503731717142{margin-bottom: 30px !important;}.vc_custom_1503731728189{margin-bottom: 30px !important;}.vc_custom_1503731737948{margin-bottom: 30px !important;}.vc_custom_1503731758751{margin-bottom: 30px !important;}.vc_custom_1503731767303{margin-bottom: 30px !important;}.vc_custom_1503731776246{margin-bottom: 30px !important;}.vc_custom_1503731782882{margin-bottom: 30px !important;}.vc_custom_1503731789983{margin-bottom: 30px !important;}.vc_custom_1503731797081{margin-bottom: 30px !important;}.vc_custom_1503731804667{margin-bottom: 30px !important;}.vc_custom_1503731826530{margin-bottom: 30px !important;}.vc_custom_1503731833670{margin-bottom: 30px !important;}.vc_custom_1503731841962{margin-bottom: 30px !important;}.vc_custom_1503731848764{margin-bottom: 30px !important;}.vc_custom_1503731855557{margin-bottom: 30px !important;}]]></wp:meta_value>
		</wp:postmeta>
		<wp:postmeta>
			<wp:meta_key><![CDATA[_the_champ_meta]]></wp:meta_key>
			<wp:meta_value><![CDATA[a:5:{s:7:"sharing";i:0;s:16:"vertical_sharing";i:0;s:7:"counter";i:0;s:16:"vertical_counter";i:0;s:11:"fb_comments";i:0;}]]></wp:meta_value>
		</wp:postmeta>
		<wp:postmeta>
			<wp:meta_key><![CDATA[zoo_site_page_toc]]></wp:meta_key>
			<wp:meta_value><![CDATA[0]]></wp:meta_value>
		</wp:postmeta>
		<wp:postmeta>
			<wp:meta_key><![CDATA[zoo_single_page_padding_top]]></wp:meta_key>
			<wp:meta_value><![CDATA[inherit]]></wp:meta_value>
		</wp:postmeta>
		<wp:postmeta>
			<wp:meta_key><![CDATA[zoo_single_page_padding_bottom]]></wp:meta_key>
			<wp:meta_value><![CDATA[inherit]]></wp:meta_value>
		</wp:postmeta>
		<wp:postmeta>
			<wp:meta_key><![CDATA[zoo_site_layout]]></wp:meta_key>
			<wp:meta_value><![CDATA[inherit]]></wp:meta_value>
		</wp:postmeta>
		<wp:postmeta>
			<wp:meta_key><![CDATA[zoo_site_layout_box_shadow]]></wp:meta_key>
			<wp:meta_value><![CDATA[1]]></wp:meta_value>
		</wp:postmeta>
		<wp:postmeta>
			<wp:meta_key><![CDATA[zoo_site_background_color]]></wp:meta_key>
			<wp:meta_value><![CDATA[#fff]]></wp:meta_value>
		</wp:postmeta>
		<wp:postmeta>
			<wp:meta_key><![CDATA[zoo_site_background_size]]></wp:meta_key>
			<wp:meta_value><![CDATA[cover]]></wp:meta_value>
		</wp:postmeta>
		<wp:postmeta>
			<wp:meta_key><![CDATA[zoo_site_background_repeat]]></wp:meta_key>
			<wp:meta_value><![CDATA[no-repeat]]></wp:meta_value>
		</wp:postmeta>
		<wp:postmeta>
			<wp:meta_key><![CDATA[zoo_site_background_position]]></wp:meta_key>
			<wp:meta_value><![CDATA[center center]]></wp:meta_value>
		</wp:postmeta>
		<wp:postmeta>
			<wp:meta_key><![CDATA[zoo_site_background_attachment]]></wp:meta_key>
			<wp:meta_value><![CDATA[scroll]]></wp:meta_value>
		</wp:postmeta>
		<wp:postmeta>
			<wp:meta_key><![CDATA[zoo_header_custom_menu]]></wp:meta_key>
			<wp:meta_value><![CDATA[landing-page]]></wp:meta_value>
		</wp:postmeta>
		<wp:postmeta>
			<wp:meta_key><![CDATA[zoo_hide_tag_line]]></wp:meta_key>
			<wp:meta_value><![CDATA[0]]></wp:meta_value>
		</wp:postmeta>
		<wp:postmeta>
			<wp:meta_key><![CDATA[zoo_disable_title]]></wp:meta_key>
			<wp:meta_value><![CDATA[1]]></wp:meta_value>
		</wp:postmeta>
		<wp:postmeta>
			<wp:meta_key><![CDATA[zoo_disable_breadcrumbs]]></wp:meta_key>
			<wp:meta_value><![CDATA[1]]></wp:meta_value>
		</wp:postmeta>
		<wp:postmeta>
			<wp:meta_key><![CDATA[zoo_header_top]]></wp:meta_key>
			<wp:meta_value><![CDATA[1]]></wp:meta_value>
		</wp:postmeta>
		<wp:postmeta>
			<wp:meta_key><![CDATA[zoo_header_layout]]></wp:meta_key>
			<wp:meta_value><![CDATA[landing-header]]></wp:meta_value>
		</wp:postmeta>
		<wp:postmeta>
			<wp:meta_key><![CDATA[zoo_header_hide_border_bottom]]></wp:meta_key>
			<wp:meta_value><![CDATA[1]]></wp:meta_value>
		</wp:postmeta>
		<wp:postmeta>
			<wp:meta_key><![CDATA[zoo_header_transparent]]></wp:meta_key>
			<wp:meta_value><![CDATA[1]]></wp:meta_value>
		</wp:postmeta>
		<wp:postmeta>
			<wp:meta_key><![CDATA[zoo_header_fullwidth]]></wp:meta_key>
			<wp:meta_value><![CDATA[0]]></wp:meta_value>
		</wp:postmeta>
		<wp:postmeta>
			<wp:meta_key><![CDATA[zoo_show_newsletter]]></wp:meta_key>
			<wp:meta_value><![CDATA[0]]></wp:meta_value>
		</wp:postmeta>
		<wp:postmeta>
			<wp:meta_key><![CDATA[zoo_top_footer]]></wp:meta_key>
			<wp:meta_value><![CDATA[1]]></wp:meta_value>
		</wp:postmeta>
		<wp:postmeta>
			<wp:meta_key><![CDATA[zoo_main_footer]]></wp:meta_key>
			<wp:meta_value><![CDATA[0]]></wp:meta_value>
		</wp:postmeta>
		<wp:postmeta>
			<wp:meta_key><![CDATA[zoo_footer_layout]]></wp:meta_key>
			<wp:meta_value><![CDATA[style5]]></wp:meta_value>
		</wp:postmeta>
		<wp:postmeta>
			<wp:meta_key><![CDATA[zoo_top_footer_color]]></wp:meta_key>
			<wp:meta_value><![CDATA[#ffffff]]></wp:meta_value>
		</wp:postmeta>
		<wp:postmeta>
			<wp:meta_key><![CDATA[zoo_top_footer_link_color]]></wp:meta_key>
			<wp:meta_value><![CDATA[#ffffff]]></wp:meta_value>
		</wp:postmeta>
		<wp:postmeta>
			<wp:meta_key><![CDATA[zoo_top_footer_link_color_hover]]></wp:meta_key>
			<wp:meta_value><![CDATA[#0ad155]]></wp:meta_value>
		</wp:postmeta>
		<wp:postmeta>
			<wp:meta_key><![CDATA[zoo_top_footer_block_title_color]]></wp:meta_key>
			<wp:meta_value><![CDATA[#ffffff]]></wp:meta_value>
		</wp:postmeta>
		<wp:postmeta>
			<wp:meta_key><![CDATA[zoo_top_footer_field_background_color]]></wp:meta_key>
			<wp:meta_value><![CDATA[#ffffff]]></wp:meta_value>
		</wp:postmeta>
		<wp:postmeta>
			<wp:meta_key><![CDATA[zoo_top_footer_background_color]]></wp:meta_key>
			<wp:meta_value><![CDATA[#f5f5f5]]></wp:meta_value>
		</wp:postmeta>
		<wp:postmeta>
			<wp:meta_key><![CDATA[zoo_main_footer_color]]></wp:meta_key>
			<wp:meta_value><![CDATA[#ffffff]]></wp:meta_value>
		</wp:postmeta>
		<wp:postmeta>
			<wp:meta_key><![CDATA[zoo_main_footer_link_color]]></wp:meta_key>
			<wp:meta_value><![CDATA[#ffffff]]></wp:meta_value>
		</wp:postmeta>
		<wp:postmeta>
			<wp:meta_key><![CDATA[zoo_main_footer_link_color_hover]]></wp:meta_key>
			<wp:meta_value><![CDATA[#0ad155]]></wp:meta_value>
		</wp:postmeta>
		<wp:postmeta>
			<wp:meta_key><![CDATA[zoo_main_footer_block_title_color]]></wp:meta_key>
			<wp:meta_value><![CDATA[#ffffff]]></wp:meta_value>
		</wp:postmeta>
		<wp:postmeta>
			<wp:meta_key><![CDATA[zoo_main_footer_field_background_color]]></wp:meta_key>
			<wp:meta_value><![CDATA[#ffffff]]></wp:meta_value>
		</wp:postmeta>
		<wp:postmeta>
			<wp:meta_key><![CDATA[zoo_main_footer_background_color]]></wp:meta_key>
			<wp:meta_value><![CDATA[#fff]]></wp:meta_value>
		</wp:postmeta>
		<wp:postmeta>
			<wp:meta_key><![CDATA[zoo_copyright_footer_color]]></wp:meta_key>
			<wp:meta_value><![CDATA[#ffffff]]></wp:meta_value>
		</wp:postmeta>
		<wp:postmeta>
			<wp:meta_key><![CDATA[zoo_copyright_footer_link_color]]></wp:meta_key>
			<wp:meta_value><![CDATA[#ffffff]]></wp:meta_value>
		</wp:postmeta>
		<wp:postmeta>
			<wp:meta_key><![CDATA[zoo_copyright_footer_link_color_hover]]></wp:meta_key>
			<wp:meta_value><![CDATA[#0ad155]]></wp:meta_value>
		</wp:postmeta>
		<wp:postmeta>
			<wp:meta_key><![CDATA[zoo_copyright_footer_border_color]]></wp:meta_key>
			<wp:meta_value><![CDATA[#ffffff]]></wp:meta_value>
		</wp:postmeta>
		<wp:postmeta>
			<wp:meta_key><![CDATA[zoo_copyright_footer_background_color]]></wp:meta_key>
			<wp:meta_value><![CDATA[#fff]]></wp:meta_value>
		</wp:postmeta>
		<wp:postmeta>
			<wp:meta_key><![CDATA[zoo_footer_social]]></wp:meta_key>
			<wp:meta_value><![CDATA[1]]></wp:meta_value>
		</wp:postmeta>
		<wp:postmeta>
			<wp:meta_key><![CDATA[zoo_footer_background_size]]></wp:meta_key>
			<wp:meta_value><![CDATA[cover]]></wp:meta_value>
		</wp:postmeta>
		<wp:postmeta>
			<wp:meta_key><![CDATA[zoo_footer_background_repeat]]></wp:meta_key>
			<wp:meta_value><![CDATA[no-repeat]]></wp:meta_value>
		</wp:postmeta>
		<wp:postmeta>
			<wp:meta_key><![CDATA[zoo_footer_background_position]]></wp:meta_key>
			<wp:meta_value><![CDATA[center center]]></wp:meta_value>
		</wp:postmeta>
		<wp:postmeta>
			<wp:meta_key><![CDATA[zoo_footer_background_attachment]]></wp:meta_key>
			<wp:meta_value><![CDATA[scroll]]></wp:meta_value>
		</wp:postmeta>
		<wp:postmeta>
			<wp:meta_key><![CDATA[zoo_color_primary]]></wp:meta_key>
			<wp:meta_value><![CDATA[#0ad155]]></wp:meta_value>
		</wp:postmeta>
		<wp:postmeta>
			<wp:meta_key><![CDATA[zoo_color_link_hover]]></wp:meta_key>
			<wp:meta_value><![CDATA[#0ad155]]></wp:meta_value>
		</wp:postmeta>
		<wp:postmeta>
			<wp:meta_key><![CDATA[zoo_color_btn_primary]]></wp:meta_key>
			<wp:meta_value><![CDATA[#ffffff]]></wp:meta_value>
		</wp:postmeta>
		<wp:postmeta>
			<wp:meta_key><![CDATA[zoo_color_btn_primary_border]]></wp:meta_key>
			<wp:meta_value><![CDATA[#252525]]></wp:meta_value>
		</wp:postmeta>
		<wp:postmeta>
			<wp:meta_key><![CDATA[zoo_color_btn_primary_background]]></wp:meta_key>
			<wp:meta_value><![CDATA[#252525]]></wp:meta_value>
		</wp:postmeta>
		<wp:postmeta>
			<wp:meta_key><![CDATA[zoo_color_btn_primary_hover]]></wp:meta_key>
			<wp:meta_value><![CDATA[#ffffff]]></wp:meta_value>
		</wp:postmeta>
		<wp:postmeta>
			<wp:meta_key><![CDATA[zoo_color_btn_primary_border_hover]]></wp:meta_key>
			<wp:meta_value><![CDATA[#0ad155]]></wp:meta_value>
		</wp:postmeta>
		<wp:postmeta>
			<wp:meta_key><![CDATA[zoo_color_btn_primary_background_hover]]></wp:meta_key>
			<wp:meta_value><![CDATA[#0ad155]]></wp:meta_value>
		</wp:postmeta>
		<wp:postmeta>
			<wp:meta_key><![CDATA[zoo_color_btn_secondary]]></wp:meta_key>
			<wp:meta_value><![CDATA[#ffffff]]></wp:meta_value>
		</wp:postmeta>
		<wp:postmeta>
			<wp:meta_key><![CDATA[zoo_color_btn_secondary_border]]></wp:meta_key>
			<wp:meta_value><![CDATA[#0ad155]]></wp:meta_value>
		</wp:postmeta>
		<wp:postmeta>
			<wp:meta_key><![CDATA[zoo_color_btn_secondary_background]]></wp:meta_key>
			<wp:meta_value><![CDATA[#0ad155]]></wp:meta_value>
		</wp:postmeta>
		<wp:postmeta>
			<wp:meta_key><![CDATA[zoo_color_btn_secondary_hover]]></wp:meta_key>
			<wp:meta_value><![CDATA[#ffffff]]></wp:meta_value>
		</wp:postmeta>
		<wp:postmeta>
			<wp:meta_key><![CDATA[zoo_color_btn_secondary_border_hover]]></wp:meta_key>
			<wp:meta_value><![CDATA[#252525]]></wp:meta_value>
		</wp:postmeta>
		<wp:postmeta>
			<wp:meta_key><![CDATA[zoo_color_btn_secondary_background_hover]]></wp:meta_key>
			<wp:meta_value><![CDATA[#252525]]></wp:meta_value>
		</wp:postmeta>
		<wp:postmeta>
			<wp:meta_key><![CDATA[zoo_footer_top_hide_border]]></wp:meta_key>
			<wp:meta_value><![CDATA[0]]></wp:meta_value>
		</wp:postmeta>
		<wp:postmeta>
			<wp:meta_key><![CDATA[zoo_footer_main_hide_border]]></wp:meta_key>
			<wp:meta_value><![CDATA[1]]></wp:meta_value>
		</wp:postmeta>
		<wp:postmeta>
			<wp:meta_key><![CDATA[zoo_footer_copyright_hide_border]]></wp:meta_key>
			<wp:meta_value><![CDATA[1]]></wp:meta_value>
		</wp:postmeta>
		<wp:postmeta>
			<wp:meta_key><![CDATA[_wxr_import_user_slug]]></wp:meta_key>
			<wp:meta_value><![CDATA[admin]]></wp:meta_value>
		</wp:postmeta>
		<wp:postmeta>
			<wp:meta_key><![CDATA[_edit_last]]></wp:meta_key>
			<wp:meta_value><![CDATA[1]]></wp:meta_value>
		</wp:postmeta>
		<wp:postmeta>
			<wp:meta_key><![CDATA[zoo_page_cover]]></wp:meta_key>
			<wp:meta_value><![CDATA[inherit]]></wp:meta_value>
		</wp:postmeta>
		<wp:postmeta>
			<wp:meta_key><![CDATA[zoo_logo_page]]></wp:meta_key>
			<wp:meta_value><![CDATA[2279]]></wp:meta_value>
		</wp:postmeta>
		<wp:postmeta>
			<wp:meta_key><![CDATA[zoo_sticky_logo_page]]></wp:meta_key>
			<wp:meta_value><![CDATA[1885]]></wp:meta_value>
		</wp:postmeta>
		<wp:postmeta>
			<wp:meta_key><![CDATA[zoo_footer_background_image]]></wp:meta_key>
			<wp:meta_value><![CDATA[2580]]></wp:meta_value>
		</wp:postmeta>
	</item>
</channel>
</rss>
