<?xml version="1.0" encoding="UTF-8" ?>
<!-- This is a WordPress eXtended RSS file generated by WordPress as an export of your site. -->
<!-- It contains information about your site's posts, pages, comments, categories, and other content. -->
<!-- You may use this file to transfer that content from one site to another. -->
<!-- This file is not intended to serve as a complete backup of your site. -->

<!-- To import this information into a WordPress site follow these steps: -->
<!-- 1. Log in to that site as an administrator. -->
<!-- 2. Go to Tools: Import in the WordPress admin panel. -->
<!-- 3. Install the "WordPress" importer from the list. -->
<!-- 4. Activate & Run Importer. -->
<!-- 5. Upload this file using the form provided on that page. -->
<!-- 6. You will first be asked to map the authors in this export file to users -->
<!--    on the site. For each author, you may choose to map to an -->
<!--    existing user on the site or to create a new user. -->
<!-- 7. WordPress will then import each of the posts, pages, comments, categories, etc. -->
<!--    contained in this file into your site. -->

<!-- generator="WordPress/5.2.2" created="2019-08-01 08:03" -->
<rss version="2.0"
	xmlns:excerpt="http://wordpress.org/export/1.2/excerpt/"
	xmlns:content="http://purl.org/rss/1.0/modules/content/"
	xmlns:wfw="http://wellformedweb.org/CommentAPI/"
	xmlns:dc="http://purl.org/dc/elements/1.1/"
	xmlns:wp="http://wordpress.org/export/1.2/"
>

<channel>
	<title>Kodo</title>
	<link>http://kodo.wp1.zootemplate.com</link>
	<description>Just another WordPress site</description>
	<pubDate>Thu, 01 Aug 2019 08:03:59 +0000</pubDate>
	<language>en-US</language>
	<wp:wxr_version>1.2</wp:wxr_version>
	<wp:base_site_url>http://kodo.wp1.zootemplate.com</wp:base_site_url>
	<wp:base_blog_url>http://kodo.wp1.zootemplate.com</wp:base_blog_url>

	<wp:author><wp:author_id>2</wp:author_id><wp:author_login><![CDATA[clever]]></wp:author_login><wp:author_email><![CDATA[clever@gmail.com]]></wp:author_email><wp:author_display_name><![CDATA[clever]]></wp:author_display_name><wp:author_first_name><![CDATA[Nguyen]]></wp:author_first_name><wp:author_last_name><![CDATA[Toan]]></wp:author_last_name></wp:author>


	<generator>https://wordpress.org/?v=5.2.2</generator>

	<item>
		<title>Home 1</title>
		<link>http://kodo.wp1.zootemplate.com/home-1/</link>
		<pubDate>Fri, 28 Jul 2017 08:03:20 +0000</pubDate>
		<dc:creator><![CDATA[clever]]></dc:creator>
		<guid isPermaLink="false">http://wp.rivertheme.com/zoo-kodo/?page_id=1882</guid>
		<description></description>
		<content:encoded><![CDATA[The Blockbusters We shine a spotlight on ss18/s runway hits, from gucci to <br>Maison margiela and valentino.SHOP THE SALENew Collection Fall 2017 We shine a spotlight on ss18/s runway hits, from gucci to <br>Maison margiela and valentino.SHOP THE SALE    
        <a href="http://kodo.wp1.zootemplate.com/product-category/accessories/" title="Accessories">
                    <img src="http://kodo.wp1.zootemplate.com/wp-content/uploads/2017/07/kodo-image-1.jpg" alt="Accessories"/>
					<h3>Accessories</h3>                
        </a>
        <a href="http://kodo.wp1.zootemplate.com/product-category/men-t-shirt/" title="Shop T-Shirts">
                    <img src="http://kodo.wp1.zootemplate.com/wp-content/uploads/2017/07/kodo-image-2.jpg" alt="Shop T-Shirts"/>
					<h3>Shop T-Shirts</h3>                
        </a>
        <a href="http://kodo.wp1.zootemplate.com/product-category/necklake/pants/" title="Shop Pants">
                    <img src="http://kodo.wp1.zootemplate.com/wp-content/uploads/2017/07/kodo-image-3.jpg" alt="Shop Pants"/>
					<h3>Shop Pants</h3>                
        </a>
        <a href="http://kodo.wp1.zootemplate.com/product-category/men-t-shirt/" title="T-Shirt Man">
                    <img src="http://kodo.wp1.zootemplate.com/wp-content/uploads/2017/07/kodo-image-4.jpg" alt="T-Shirt Man"/>
					<h3>T-Shirt Man</h3>                
        </a>
        <a href="http://kodo.wp1.zootemplate.com/product-category/necklake/" title="Special Prices">
                    <img src="http://kodo.wp1.zootemplate.com/wp-content/uploads/2017/07/kodo-image-5.jpg" alt="Special Prices"/>
					<h3>Special Prices</h3>                
        </a>
			<h2>Shop The New Collection</h2>		
    <ul>
        <li>
	Sale!
            <a href="http://kodo.wp1.zootemplate.com/product/t-shirt-frilled-sleeves/" title="T-shirt Frilled Sleeves"
              >
				<img width="300" height="300" src="http://kodo.wp1.zootemplate.com/wp-content/uploads/2017/07/product-kodo-1-300x300.jpg" alt="" srcset="http://kodo.wp1.zootemplate.com/wp-content/uploads/2017/07/product-kodo-1-300x300.jpg 300w, http://kodo.wp1.zootemplate.com/wp-content/uploads/2017/07/product-kodo-1-150x150.jpg 150w, http://kodo.wp1.zootemplate.com/wp-content/uploads/2017/07/product-kodo-1-450x450.jpg 450w, http://kodo.wp1.zootemplate.com/wp-content/uploads/2017/07/product-kodo-1-120x120.jpg 120w, http://kodo.wp1.zootemplate.com/wp-content/uploads/2017/07/product-kodo-1-30x30.jpg 30w" sizes="(max-width: 300px) 100vw, 300px" /><img width="300" height="300" src="http://kodo.wp1.zootemplate.com/wp-content/uploads/2017/07/product-kodo-3-300x300.jpg" alt="" srcset="http://kodo.wp1.zootemplate.com/wp-content/uploads/2017/07/product-kodo-3-300x300.jpg 300w, http://kodo.wp1.zootemplate.com/wp-content/uploads/2017/07/product-kodo-3-150x150.jpg 150w, http://kodo.wp1.zootemplate.com/wp-content/uploads/2017/07/product-kodo-3-450x450.jpg 450w, http://kodo.wp1.zootemplate.com/wp-content/uploads/2017/07/product-kodo-3-120x120.jpg 120w, http://kodo.wp1.zootemplate.com/wp-content/uploads/2017/07/product-kodo-3-30x30.jpg 30w" sizes="(max-width: 300px) 100vw, 300px" />            </a>
		            Out of Stock
			<a href="#" rel="nofollow" data-id="99" title="Add to wishlist" data-label-added="Product Added"> Add to wishlist</a><a href="#" title="Quick view" data-productID="99"> Quick view</a><h3><a href="http://kodo.wp1.zootemplate.com/product/t-shirt-frilled-sleeves/" title="T-shirt Frilled Sleeves">T-shirt Frilled Sleeves</a></h3>
	&#36;120.00 &ndash; &#36;160.00
                                <input type="hidden" name="attribute_pa_color"
                                       data-attribute_name="attribute_pa_color"
                                       value="black">
                                <input type="hidden" name="attribute_pa_color"
                                       data-attribute_name="attribute_pa_color"
                                       value="orange">
                                <input type="hidden" name="attribute_pa_color"
                                       data-attribute_name="attribute_pa_color"
                                       value="white">
                                <input type="hidden" name="attribute_pa_color"
                                       data-attribute_name="attribute_pa_color"
                                       value="yellow">
<a href="http://kodo.wp1.zootemplate.com/product/t-shirt-frilled-sleeves/" data-quantity="1" title="Select options" data-product_id="99" data-product_sku="" aria-label="Select options for &ldquo;T-shirt Frilled Sleeves&rdquo;" rel="nofollow">Select options</a></li>
<li>
	Sale!
            <a href="http://kodo.wp1.zootemplate.com/product/lose-ovearsized-shirt/" title="Lose Ovearsized Shirt"
              >
				<img width="300" height="300" src="http://kodo.wp1.zootemplate.com/wp-content/uploads/2017/07/product-kodo-2-300x300.jpg" alt="" srcset="http://kodo.wp1.zootemplate.com/wp-content/uploads/2017/07/product-kodo-2-300x300.jpg 300w, http://kodo.wp1.zootemplate.com/wp-content/uploads/2017/07/product-kodo-2-150x150.jpg 150w, http://kodo.wp1.zootemplate.com/wp-content/uploads/2017/07/product-kodo-2-450x450.jpg 450w, http://kodo.wp1.zootemplate.com/wp-content/uploads/2017/07/product-kodo-2-120x120.jpg 120w, http://kodo.wp1.zootemplate.com/wp-content/uploads/2017/07/product-kodo-2-30x30.jpg 30w" sizes="(max-width: 300px) 100vw, 300px" /><img width="300" height="300" src="http://kodo.wp1.zootemplate.com/wp-content/uploads/2017/07/product-kodo-13-300x300.jpg" alt="" srcset="http://kodo.wp1.zootemplate.com/wp-content/uploads/2017/07/product-kodo-13-300x300.jpg 300w, http://kodo.wp1.zootemplate.com/wp-content/uploads/2017/07/product-kodo-13-150x150.jpg 150w, http://kodo.wp1.zootemplate.com/wp-content/uploads/2017/07/product-kodo-13-450x450.jpg 450w, http://kodo.wp1.zootemplate.com/wp-content/uploads/2017/07/product-kodo-13-120x120.jpg 120w, http://kodo.wp1.zootemplate.com/wp-content/uploads/2017/07/product-kodo-13-30x30.jpg 30w" sizes="(max-width: 300px) 100vw, 300px" />            </a>
		<a href="#" rel="nofollow" data-id="96" title="Add to wishlist" data-label-added="Product Added"> Add to wishlist</a><a href="#" title="Quick view" data-productID="96"> Quick view</a><h3><a href="http://kodo.wp1.zootemplate.com/product/lose-ovearsized-shirt/" title="Lose Ovearsized Shirt">Lose Ovearsized Shirt</a></h3>
	<del>&#36;124.00</del> <ins>&#36;119.00</ins>
<a href="/cleversoft/kodo/wp-admin/admin-ajax.php?add-to-cart=96" data-quantity="1" title="Add to cart" data-product_id="96" data-product_sku="" aria-label="Add &ldquo;Lose Ovearsized Shirt&rdquo; to your cart" rel="nofollow">Add to cart</a></li>
<li>
	            <a href="http://kodo.wp1.zootemplate.com/product/cotton-jersey-top/" title="Cotton-Jersey Top"
              >
				<img width="300" height="300" src="http://kodo.wp1.zootemplate.com/wp-content/uploads/2017/07/product-kodo-3-300x300.jpg" alt="" srcset="http://kodo.wp1.zootemplate.com/wp-content/uploads/2017/07/product-kodo-3-300x300.jpg 300w, http://kodo.wp1.zootemplate.com/wp-content/uploads/2017/07/product-kodo-3-150x150.jpg 150w, http://kodo.wp1.zootemplate.com/wp-content/uploads/2017/07/product-kodo-3-450x450.jpg 450w, http://kodo.wp1.zootemplate.com/wp-content/uploads/2017/07/product-kodo-3-120x120.jpg 120w, http://kodo.wp1.zootemplate.com/wp-content/uploads/2017/07/product-kodo-3-30x30.jpg 30w" sizes="(max-width: 300px) 100vw, 300px" /><img width="300" height="300" src="http://kodo.wp1.zootemplate.com/wp-content/uploads/2017/07/product-kodo-8-300x300.jpg" alt="" srcset="http://kodo.wp1.zootemplate.com/wp-content/uploads/2017/07/product-kodo-8-300x300.jpg 300w, http://kodo.wp1.zootemplate.com/wp-content/uploads/2017/07/product-kodo-8-150x150.jpg 150w, http://kodo.wp1.zootemplate.com/wp-content/uploads/2017/07/product-kodo-8-450x450.jpg 450w, http://kodo.wp1.zootemplate.com/wp-content/uploads/2017/07/product-kodo-8-120x120.jpg 120w, http://kodo.wp1.zootemplate.com/wp-content/uploads/2017/07/product-kodo-8-30x30.jpg 30w" sizes="(max-width: 300px) 100vw, 300px" />            </a>
		<a href="#" rel="nofollow" data-id="93" title="Add to wishlist" data-label-added="Product Added"> Add to wishlist</a><a href="#" title="Quick view" data-productID="93"> Quick view</a><h3><a href="http://kodo.wp1.zootemplate.com/product/cotton-jersey-top/" title="Cotton-Jersey Top">Cotton-Jersey Top</a></h3>
	&#36;260.00 &ndash; &#36;350.00
                                                L                                            
                                <input type="hidden" name="attribute_pa_size"
                                       data-attribute_name="attribute_pa_size"
                                       value="l">
                                                S                                            
                                <input type="hidden" name="attribute_pa_size"
                                       data-attribute_name="attribute_pa_size"
                                       value="s">
                                                XL                                            
                                <input type="hidden" name="attribute_pa_size"
                                       data-attribute_name="attribute_pa_size"
                                       value="xl">
            <a href="http://kodo.wp1.zootemplate.com/product/cotton-jersey-top/" data-quantity="1" title="Select options" data-product_id="93" data-product_sku="SKU 001" aria-label="Select options for &ldquo;Cotton-Jersey Top&rdquo;" rel="nofollow">Select options</a></li>
<li>
	            <a href="http://kodo.wp1.zootemplate.com/product/cotton-bermuda-shorts/" title="Cotton Bermuda Shorts"
              >
				<img width="300" height="300" src="http://kodo.wp1.zootemplate.com/wp-content/uploads/2017/07/product-kodo-4-300x300.jpg" alt="" srcset="http://kodo.wp1.zootemplate.com/wp-content/uploads/2017/07/product-kodo-4-300x300.jpg 300w, http://kodo.wp1.zootemplate.com/wp-content/uploads/2017/07/product-kodo-4-150x150.jpg 150w, http://kodo.wp1.zootemplate.com/wp-content/uploads/2017/07/product-kodo-4-450x450.jpg 450w, http://kodo.wp1.zootemplate.com/wp-content/uploads/2017/07/product-kodo-4-120x120.jpg 120w, http://kodo.wp1.zootemplate.com/wp-content/uploads/2017/07/product-kodo-4-30x30.jpg 30w" sizes="(max-width: 300px) 100vw, 300px" /><img width="300" height="300" src="http://kodo.wp1.zootemplate.com/wp-content/uploads/2017/07/product-kodo-11-300x300.jpg" alt="" srcset="http://kodo.wp1.zootemplate.com/wp-content/uploads/2017/07/product-kodo-11-300x300.jpg 300w, http://kodo.wp1.zootemplate.com/wp-content/uploads/2017/07/product-kodo-11-150x150.jpg 150w, http://kodo.wp1.zootemplate.com/wp-content/uploads/2017/07/product-kodo-11-450x450.jpg 450w, http://kodo.wp1.zootemplate.com/wp-content/uploads/2017/07/product-kodo-11-120x120.jpg 120w, http://kodo.wp1.zootemplate.com/wp-content/uploads/2017/07/product-kodo-11-30x30.jpg 30w" sizes="(max-width: 300px) 100vw, 300px" />            </a>
		<a href="#" rel="nofollow" data-id="90" title="Add to wishlist" data-label-added="Product Added"> Add to wishlist</a><a href="#" title="Quick view" data-productID="90"> Quick view</a><h3><a href="http://kodo.wp1.zootemplate.com/product/cotton-bermuda-shorts/" title="Cotton Bermuda Shorts">Cotton Bermuda Shorts</a></h3>
	&#36;99.00
<a href="/cleversoft/kodo/wp-admin/admin-ajax.php?add-to-cart=90" data-quantity="1" title="Add to cart" data-product_id="90" data-product_sku="" aria-label="Add &ldquo;Cotton Bermuda Shorts&rdquo; to your cart" rel="nofollow">Add to cart</a></li>
<li>
	            <a href="http://kodo.wp1.zootemplate.com/product/combined-lace-skirt/" title="Combined Lace Skirt"
              >
				<img width="300" height="300" src="http://kodo.wp1.zootemplate.com/wp-content/uploads/2017/07/product-kodo-5-300x300.jpg" alt="" srcset="http://kodo.wp1.zootemplate.com/wp-content/uploads/2017/07/product-kodo-5-300x300.jpg 300w, http://kodo.wp1.zootemplate.com/wp-content/uploads/2017/07/product-kodo-5-150x150.jpg 150w, http://kodo.wp1.zootemplate.com/wp-content/uploads/2017/07/product-kodo-5-450x450.jpg 450w, http://kodo.wp1.zootemplate.com/wp-content/uploads/2017/07/product-kodo-5-120x120.jpg 120w, http://kodo.wp1.zootemplate.com/wp-content/uploads/2017/07/product-kodo-5-30x30.jpg 30w" sizes="(max-width: 300px) 100vw, 300px" /><img width="300" height="300" src="http://kodo.wp1.zootemplate.com/wp-content/uploads/2017/07/product-kodo-10-300x300.jpg" alt="" srcset="http://kodo.wp1.zootemplate.com/wp-content/uploads/2017/07/product-kodo-10-300x300.jpg 300w, http://kodo.wp1.zootemplate.com/wp-content/uploads/2017/07/product-kodo-10-150x150.jpg 150w, http://kodo.wp1.zootemplate.com/wp-content/uploads/2017/07/product-kodo-10-450x450.jpg 450w, http://kodo.wp1.zootemplate.com/wp-content/uploads/2017/07/product-kodo-10-120x120.jpg 120w, http://kodo.wp1.zootemplate.com/wp-content/uploads/2017/07/product-kodo-10-30x30.jpg 30w" sizes="(max-width: 300px) 100vw, 300px" />            </a>
		<a href="#" rel="nofollow" data-id="87" title="Add to wishlist" data-label-added="Product Added"> Add to wishlist</a><a href="#" title="Quick view" data-productID="87"> Quick view</a><h3><a href="http://kodo.wp1.zootemplate.com/product/combined-lace-skirt/" title="Combined Lace Skirt">Combined Lace Skirt</a></h3>
	&#36;145.00 &ndash; &#36;160.00
                                                                            <img src="http://kodo.wp3.zootemplate.com/wp-content/uploads/2017/07/product-kodo-31-150x150.jpg"
                                             title="Black"
                                             alt="Black"/>
                                <input type="hidden" name="attribute_pa_image"
                                       data-attribute_name="attribute_pa_image"
                                       value="dress">
                                                                            <img src="http://kodo.wp3.zootemplate.com/wp-content/uploads/2017/07/product-kodo-35-150x150.jpg"
                                             title="Orange"
                                             alt="Orange"/>
                                <input type="hidden" name="attribute_pa_image"
                                       data-attribute_name="attribute_pa_image"
                                       value="orange-dress">
                                                                            <img src="http://kodo.wp3.zootemplate.com/wp-content/uploads/2017/07/product-kodo-34-150x150.jpg"
                                             title="White"
                                             alt="White"/>
                                <input type="hidden" name="attribute_pa_image"
                                       data-attribute_name="attribute_pa_image"
                                       value="white-dress">
                                                                            <img src="http://kodo.wp3.zootemplate.com/wp-content/uploads/2017/07/product-kodo-39-150x150.jpg"
                                             title="Yellow"
                                             alt="Yellow"/>
                                <input type="hidden" name="attribute_pa_image"
                                       data-attribute_name="attribute_pa_image"
                                       value="yellow-dress">
            <a href="http://kodo.wp1.zootemplate.com/product/combined-lace-skirt/" data-quantity="1" title="Select options" data-product_id="87" data-product_sku="" aria-label="Select options for &ldquo;Combined Lace Skirt&rdquo;" rel="nofollow">Select options</a></li>
<li>
	            <a href="http://kodo.wp1.zootemplate.com/product/long-camouflage/" title="Long Camouflage"
              >
				<img width="300" height="300" src="http://kodo.wp1.zootemplate.com/wp-content/uploads/2017/07/product-kodo-6-300x300.jpg" alt="" srcset="http://kodo.wp1.zootemplate.com/wp-content/uploads/2017/07/product-kodo-6-300x300.jpg 300w, http://kodo.wp1.zootemplate.com/wp-content/uploads/2017/07/product-kodo-6-150x150.jpg 150w, http://kodo.wp1.zootemplate.com/wp-content/uploads/2017/07/product-kodo-6-450x450.jpg 450w, http://kodo.wp1.zootemplate.com/wp-content/uploads/2017/07/product-kodo-6-120x120.jpg 120w, http://kodo.wp1.zootemplate.com/wp-content/uploads/2017/07/product-kodo-6-30x30.jpg 30w" sizes="(max-width: 300px) 100vw, 300px" /><img width="300" height="300" src="http://kodo.wp1.zootemplate.com/wp-content/uploads/2017/07/product-kodo-8-300x300.jpg" alt="" srcset="http://kodo.wp1.zootemplate.com/wp-content/uploads/2017/07/product-kodo-8-300x300.jpg 300w, http://kodo.wp1.zootemplate.com/wp-content/uploads/2017/07/product-kodo-8-150x150.jpg 150w, http://kodo.wp1.zootemplate.com/wp-content/uploads/2017/07/product-kodo-8-450x450.jpg 450w, http://kodo.wp1.zootemplate.com/wp-content/uploads/2017/07/product-kodo-8-120x120.jpg 120w, http://kodo.wp1.zootemplate.com/wp-content/uploads/2017/07/product-kodo-8-30x30.jpg 30w" sizes="(max-width: 300px) 100vw, 300px" />            </a>
		<a href="#" rel="nofollow" data-id="83" title="Add to wishlist" data-label-added="Product Added"> Add to wishlist</a><a href="#" title="Quick view" data-productID="83"> Quick view</a><h3><a href="http://kodo.wp1.zootemplate.com/product/long-camouflage/" title="Long Camouflage">Long Camouflage</a></h3>
	&#36;199.00
<a href="/cleversoft/kodo/wp-admin/admin-ajax.php?add-to-cart=83" data-quantity="1" title="Add to cart" data-product_id="83" data-product_sku="" aria-label="Add &ldquo;Long Camouflage&rdquo; to your cart" rel="nofollow">Add to cart</a></li>
    </ul>
			<h2>Shop Limited Edition.</h2>		
		<p>You want it – we’ve got it! we launch up to 100 new styles every day so whatever<br />you’re looking fot. Kodo is 24/7 fashion its best</p>		
			<a href="#"  > Find Our More </a>		
			<a href="#"  > Shop the sale </a>		
			<h2>Shop The New Collection</h2>		
    <ul>
        <li>
	Sale!
            <a href="http://kodo.wp1.zootemplate.com/product/t-shirt-frilled-sleeves/" title="T-shirt Frilled Sleeves"
              >
				<img width="300" height="300" src="http://kodo.wp1.zootemplate.com/wp-content/uploads/2017/07/product-kodo-1-300x300.jpg" alt="" srcset="http://kodo.wp1.zootemplate.com/wp-content/uploads/2017/07/product-kodo-1-300x300.jpg 300w, http://kodo.wp1.zootemplate.com/wp-content/uploads/2017/07/product-kodo-1-150x150.jpg 150w, http://kodo.wp1.zootemplate.com/wp-content/uploads/2017/07/product-kodo-1-450x450.jpg 450w, http://kodo.wp1.zootemplate.com/wp-content/uploads/2017/07/product-kodo-1-120x120.jpg 120w, http://kodo.wp1.zootemplate.com/wp-content/uploads/2017/07/product-kodo-1-30x30.jpg 30w" sizes="(max-width: 300px) 100vw, 300px" /><img width="300" height="300" src="http://kodo.wp1.zootemplate.com/wp-content/uploads/2017/07/product-kodo-3-300x300.jpg" alt="" srcset="http://kodo.wp1.zootemplate.com/wp-content/uploads/2017/07/product-kodo-3-300x300.jpg 300w, http://kodo.wp1.zootemplate.com/wp-content/uploads/2017/07/product-kodo-3-150x150.jpg 150w, http://kodo.wp1.zootemplate.com/wp-content/uploads/2017/07/product-kodo-3-450x450.jpg 450w, http://kodo.wp1.zootemplate.com/wp-content/uploads/2017/07/product-kodo-3-120x120.jpg 120w, http://kodo.wp1.zootemplate.com/wp-content/uploads/2017/07/product-kodo-3-30x30.jpg 30w" sizes="(max-width: 300px) 100vw, 300px" />            </a>
		            Out of Stock
			<a href="#" rel="nofollow" data-id="99" title="Add to wishlist" data-label-added="Product Added"> Add to wishlist</a><a href="#" title="Quick view" data-productID="99"> Quick view</a><h3><a href="http://kodo.wp1.zootemplate.com/product/t-shirt-frilled-sleeves/" title="T-shirt Frilled Sleeves">T-shirt Frilled Sleeves</a></h3>
	&#36;120.00 &ndash; &#36;160.00
                                <input type="hidden" name="attribute_pa_color"
                                       data-attribute_name="attribute_pa_color"
                                       value="black">
                                <input type="hidden" name="attribute_pa_color"
                                       data-attribute_name="attribute_pa_color"
                                       value="orange">
                                <input type="hidden" name="attribute_pa_color"
                                       data-attribute_name="attribute_pa_color"
                                       value="white">
                                <input type="hidden" name="attribute_pa_color"
                                       data-attribute_name="attribute_pa_color"
                                       value="yellow">
            <a href="http://kodo.wp1.zootemplate.com/product/t-shirt-frilled-sleeves/" data-quantity="1" title="Select options" data-product_id="99" data-product_sku="" aria-label="Select options for &ldquo;T-shirt Frilled Sleeves&rdquo;" rel="nofollow">Select options</a></li>
<li>
	Sale!
            <a href="http://kodo.wp1.zootemplate.com/product/lose-ovearsized-shirt/" title="Lose Ovearsized Shirt"
              >
				<img width="300" height="300" src="http://kodo.wp1.zootemplate.com/wp-content/uploads/2017/07/product-kodo-2-300x300.jpg" alt="" srcset="http://kodo.wp1.zootemplate.com/wp-content/uploads/2017/07/product-kodo-2-300x300.jpg 300w, http://kodo.wp1.zootemplate.com/wp-content/uploads/2017/07/product-kodo-2-150x150.jpg 150w, http://kodo.wp1.zootemplate.com/wp-content/uploads/2017/07/product-kodo-2-450x450.jpg 450w, http://kodo.wp1.zootemplate.com/wp-content/uploads/2017/07/product-kodo-2-120x120.jpg 120w, http://kodo.wp1.zootemplate.com/wp-content/uploads/2017/07/product-kodo-2-30x30.jpg 30w" sizes="(max-width: 300px) 100vw, 300px" /><img width="300" height="300" src="http://kodo.wp1.zootemplate.com/wp-content/uploads/2017/07/product-kodo-13-300x300.jpg" alt="" srcset="http://kodo.wp1.zootemplate.com/wp-content/uploads/2017/07/product-kodo-13-300x300.jpg 300w, http://kodo.wp1.zootemplate.com/wp-content/uploads/2017/07/product-kodo-13-150x150.jpg 150w, http://kodo.wp1.zootemplate.com/wp-content/uploads/2017/07/product-kodo-13-450x450.jpg 450w, http://kodo.wp1.zootemplate.com/wp-content/uploads/2017/07/product-kodo-13-120x120.jpg 120w, http://kodo.wp1.zootemplate.com/wp-content/uploads/2017/07/product-kodo-13-30x30.jpg 30w" sizes="(max-width: 300px) 100vw, 300px" />            </a>
		<a href="#" rel="nofollow" data-id="96" title="Add to wishlist" data-label-added="Product Added"> Add to wishlist</a><a href="#" title="Quick view" data-productID="96"> Quick view</a><h3><a href="http://kodo.wp1.zootemplate.com/product/lose-ovearsized-shirt/" title="Lose Ovearsized Shirt">Lose Ovearsized Shirt</a></h3>
	<del>&#36;124.00</del> <ins>&#36;119.00</ins>
<a href="/cleversoft/kodo/wp-admin/admin-ajax.php?add-to-cart=96" data-quantity="1" title="Add to cart" data-product_id="96" data-product_sku="" aria-label="Add &ldquo;Lose Ovearsized Shirt&rdquo; to your cart" rel="nofollow">Add to cart</a></li>
<li>
	            <a href="http://kodo.wp1.zootemplate.com/product/cotton-jersey-top/" title="Cotton-Jersey Top"
              >
				<img width="300" height="300" src="http://kodo.wp1.zootemplate.com/wp-content/uploads/2017/07/product-kodo-3-300x300.jpg" alt="" srcset="http://kodo.wp1.zootemplate.com/wp-content/uploads/2017/07/product-kodo-3-300x300.jpg 300w, http://kodo.wp1.zootemplate.com/wp-content/uploads/2017/07/product-kodo-3-150x150.jpg 150w, http://kodo.wp1.zootemplate.com/wp-content/uploads/2017/07/product-kodo-3-450x450.jpg 450w, http://kodo.wp1.zootemplate.com/wp-content/uploads/2017/07/product-kodo-3-120x120.jpg 120w, http://kodo.wp1.zootemplate.com/wp-content/uploads/2017/07/product-kodo-3-30x30.jpg 30w" sizes="(max-width: 300px) 100vw, 300px" /><img width="300" height="300" src="http://kodo.wp1.zootemplate.com/wp-content/uploads/2017/07/product-kodo-8-300x300.jpg" alt="" srcset="http://kodo.wp1.zootemplate.com/wp-content/uploads/2017/07/product-kodo-8-300x300.jpg 300w, http://kodo.wp1.zootemplate.com/wp-content/uploads/2017/07/product-kodo-8-150x150.jpg 150w, http://kodo.wp1.zootemplate.com/wp-content/uploads/2017/07/product-kodo-8-450x450.jpg 450w, http://kodo.wp1.zootemplate.com/wp-content/uploads/2017/07/product-kodo-8-120x120.jpg 120w, http://kodo.wp1.zootemplate.com/wp-content/uploads/2017/07/product-kodo-8-30x30.jpg 30w" sizes="(max-width: 300px) 100vw, 300px" />            </a>
		<a href="#" rel="nofollow" data-id="93" title="Add to wishlist" data-label-added="Product Added"> Add to wishlist</a><a href="#" title="Quick view" data-productID="93"> Quick view</a><h3><a href="http://kodo.wp1.zootemplate.com/product/cotton-jersey-top/" title="Cotton-Jersey Top">Cotton-Jersey Top</a></h3>
	&#36;260.00 &ndash; &#36;350.00
                                                L                                            
                                <input type="hidden" name="attribute_pa_size"
                                       data-attribute_name="attribute_pa_size"
                                       value="l">
                                                S                                            
                                <input type="hidden" name="attribute_pa_size"
                                       data-attribute_name="attribute_pa_size"
                                       value="s">
                                                XL                                            
                                <input type="hidden" name="attribute_pa_size"
                                       data-attribute_name="attribute_pa_size"
                                       value="xl">
            <a href="http://kodo.wp1.zootemplate.com/product/cotton-jersey-top/" data-quantity="1" title="Select options" data-product_id="93" data-product_sku="SKU 001" aria-label="Select options for &ldquo;Cotton-Jersey Top&rdquo;" rel="nofollow">Select options</a></li>
<li>
	            <a href="http://kodo.wp1.zootemplate.com/product/cotton-bermuda-shorts/" title="Cotton Bermuda Shorts"
              >
				<img width="300" height="300" src="http://kodo.wp1.zootemplate.com/wp-content/uploads/2017/07/product-kodo-4-300x300.jpg" alt="" srcset="http://kodo.wp1.zootemplate.com/wp-content/uploads/2017/07/product-kodo-4-300x300.jpg 300w, http://kodo.wp1.zootemplate.com/wp-content/uploads/2017/07/product-kodo-4-150x150.jpg 150w, http://kodo.wp1.zootemplate.com/wp-content/uploads/2017/07/product-kodo-4-450x450.jpg 450w, http://kodo.wp1.zootemplate.com/wp-content/uploads/2017/07/product-kodo-4-120x120.jpg 120w, http://kodo.wp1.zootemplate.com/wp-content/uploads/2017/07/product-kodo-4-30x30.jpg 30w" sizes="(max-width: 300px) 100vw, 300px" /><img width="300" height="300" src="http://kodo.wp1.zootemplate.com/wp-content/uploads/2017/07/product-kodo-11-300x300.jpg" alt="" srcset="http://kodo.wp1.zootemplate.com/wp-content/uploads/2017/07/product-kodo-11-300x300.jpg 300w, http://kodo.wp1.zootemplate.com/wp-content/uploads/2017/07/product-kodo-11-150x150.jpg 150w, http://kodo.wp1.zootemplate.com/wp-content/uploads/2017/07/product-kodo-11-450x450.jpg 450w, http://kodo.wp1.zootemplate.com/wp-content/uploads/2017/07/product-kodo-11-120x120.jpg 120w, http://kodo.wp1.zootemplate.com/wp-content/uploads/2017/07/product-kodo-11-30x30.jpg 30w" sizes="(max-width: 300px) 100vw, 300px" />            </a>
		<a href="#" rel="nofollow" data-id="90" title="Add to wishlist" data-label-added="Product Added"> Add to wishlist</a><a href="#" title="Quick view" data-productID="90"> Quick view</a><h3><a href="http://kodo.wp1.zootemplate.com/product/cotton-bermuda-shorts/" title="Cotton Bermuda Shorts">Cotton Bermuda Shorts</a></h3>
	&#36;99.00
<a href="/cleversoft/kodo/wp-admin/admin-ajax.php?add-to-cart=90" data-quantity="1" title="Add to cart" data-product_id="90" data-product_sku="" aria-label="Add &ldquo;Cotton Bermuda Shorts&rdquo; to your cart" rel="nofollow">Add to cart</a></li>
<li>
	            <a href="http://kodo.wp1.zootemplate.com/product/combined-lace-skirt/" title="Combined Lace Skirt"
              >
				<img width="300" height="300" src="http://kodo.wp1.zootemplate.com/wp-content/uploads/2017/07/product-kodo-5-300x300.jpg" alt="" srcset="http://kodo.wp1.zootemplate.com/wp-content/uploads/2017/07/product-kodo-5-300x300.jpg 300w, http://kodo.wp1.zootemplate.com/wp-content/uploads/2017/07/product-kodo-5-150x150.jpg 150w, http://kodo.wp1.zootemplate.com/wp-content/uploads/2017/07/product-kodo-5-450x450.jpg 450w, http://kodo.wp1.zootemplate.com/wp-content/uploads/2017/07/product-kodo-5-120x120.jpg 120w, http://kodo.wp1.zootemplate.com/wp-content/uploads/2017/07/product-kodo-5-30x30.jpg 30w" sizes="(max-width: 300px) 100vw, 300px" /><img width="300" height="300" src="http://kodo.wp1.zootemplate.com/wp-content/uploads/2017/07/product-kodo-10-300x300.jpg" alt="" srcset="http://kodo.wp1.zootemplate.com/wp-content/uploads/2017/07/product-kodo-10-300x300.jpg 300w, http://kodo.wp1.zootemplate.com/wp-content/uploads/2017/07/product-kodo-10-150x150.jpg 150w, http://kodo.wp1.zootemplate.com/wp-content/uploads/2017/07/product-kodo-10-450x450.jpg 450w, http://kodo.wp1.zootemplate.com/wp-content/uploads/2017/07/product-kodo-10-120x120.jpg 120w, http://kodo.wp1.zootemplate.com/wp-content/uploads/2017/07/product-kodo-10-30x30.jpg 30w" sizes="(max-width: 300px) 100vw, 300px" />            </a>
		<a href="#" rel="nofollow" data-id="87" title="Add to wishlist" data-label-added="Product Added"> Add to wishlist</a><a href="#" title="Quick view" data-productID="87"> Quick view</a><h3><a href="http://kodo.wp1.zootemplate.com/product/combined-lace-skirt/" title="Combined Lace Skirt">Combined Lace Skirt</a></h3>
	&#36;145.00 &ndash; &#36;160.00
                                                                            <img src="http://kodo.wp3.zootemplate.com/wp-content/uploads/2017/07/product-kodo-31-150x150.jpg"
                                             title="Black"
                                             alt="Black"/>
                                <input type="hidden" name="attribute_pa_image"
                                       data-attribute_name="attribute_pa_image"
                                       value="dress">
                                                                            <img src="http://kodo.wp3.zootemplate.com/wp-content/uploads/2017/07/product-kodo-35-150x150.jpg"
                                             title="Orange"
                                             alt="Orange"/>
                                <input type="hidden" name="attribute_pa_image"
                                       data-attribute_name="attribute_pa_image"
                                       value="orange-dress">
                                                                            <img src="http://kodo.wp3.zootemplate.com/wp-content/uploads/2017/07/product-kodo-34-150x150.jpg"
                                             title="White"
                                             alt="White"/>
                                <input type="hidden" name="attribute_pa_image"
                                       data-attribute_name="attribute_pa_image"
                                       value="white-dress">
                                                                            <img src="http://kodo.wp3.zootemplate.com/wp-content/uploads/2017/07/product-kodo-39-150x150.jpg"
                                             title="Yellow"
                                             alt="Yellow"/>
                                <input type="hidden" name="attribute_pa_image"
                                       data-attribute_name="attribute_pa_image"
                                       value="yellow-dress">
            <a href="http://kodo.wp1.zootemplate.com/product/combined-lace-skirt/" data-quantity="1" title="Select options" data-product_id="87" data-product_sku="" aria-label="Select options for &ldquo;Combined Lace Skirt&rdquo;" rel="nofollow">Select options</a></li>
<li>
	            <a href="http://kodo.wp1.zootemplate.com/product/long-camouflage/" title="Long Camouflage"
              >
				<img width="300" height="300" src="http://kodo.wp1.zootemplate.com/wp-content/uploads/2017/07/product-kodo-6-300x300.jpg" alt="" srcset="http://kodo.wp1.zootemplate.com/wp-content/uploads/2017/07/product-kodo-6-300x300.jpg 300w, http://kodo.wp1.zootemplate.com/wp-content/uploads/2017/07/product-kodo-6-150x150.jpg 150w, http://kodo.wp1.zootemplate.com/wp-content/uploads/2017/07/product-kodo-6-450x450.jpg 450w, http://kodo.wp1.zootemplate.com/wp-content/uploads/2017/07/product-kodo-6-120x120.jpg 120w, http://kodo.wp1.zootemplate.com/wp-content/uploads/2017/07/product-kodo-6-30x30.jpg 30w" sizes="(max-width: 300px) 100vw, 300px" /><img width="300" height="300" src="http://kodo.wp1.zootemplate.com/wp-content/uploads/2017/07/product-kodo-8-300x300.jpg" alt="" srcset="http://kodo.wp1.zootemplate.com/wp-content/uploads/2017/07/product-kodo-8-300x300.jpg 300w, http://kodo.wp1.zootemplate.com/wp-content/uploads/2017/07/product-kodo-8-150x150.jpg 150w, http://kodo.wp1.zootemplate.com/wp-content/uploads/2017/07/product-kodo-8-450x450.jpg 450w, http://kodo.wp1.zootemplate.com/wp-content/uploads/2017/07/product-kodo-8-120x120.jpg 120w, http://kodo.wp1.zootemplate.com/wp-content/uploads/2017/07/product-kodo-8-30x30.jpg 30w" sizes="(max-width: 300px) 100vw, 300px" />            </a>
		<a href="#" rel="nofollow" data-id="83" title="Add to wishlist" data-label-added="Product Added"> Add to wishlist</a><a href="#" title="Quick view" data-productID="83"> Quick view</a><h3><a href="http://kodo.wp1.zootemplate.com/product/long-camouflage/" title="Long Camouflage">Long Camouflage</a></h3>
	&#36;199.00
<a href="/cleversoft/kodo/wp-admin/admin-ajax.php?add-to-cart=83" data-quantity="1" title="Add to cart" data-product_id="83" data-product_sku="" aria-label="Add &ldquo;Long Camouflage&rdquo; to your cart" rel="nofollow">Add to cart</a></li>
    </ul>
			<h2>Read Our Top Stories</h2>		
                        <article id="post-2585">
                                                                        <a href="http://kodo.wp1.zootemplate.com/2017/07/18/fashion-wakes-up-to-the-older-woman/"
                                       title="Fashion Wakes Up To The Older Woman">
                                        <img width="300" height="200" src="http://kodo.wp1.zootemplate.com/wp-content/uploads/2017/07/kodo-blog-3-300x200.jpg" alt="" srcset="http://kodo.wp1.zootemplate.com/wp-content/uploads/2017/07/kodo-blog-3-300x200.jpg 300w, http://kodo.wp1.zootemplate.com/wp-content/uploads/2017/07/kodo-blog-3-768x512.jpg 768w, http://kodo.wp1.zootemplate.com/wp-content/uploads/2017/07/kodo-blog-3-120x80.jpg 120w, http://kodo.wp1.zootemplate.com/wp-content/uploads/2017/07/kodo-blog-3-600x400.jpg 600w, http://kodo.wp1.zootemplate.com/wp-content/uploads/2017/07/kodo-blog-3-30x20.jpg 30w, http://kodo.wp1.zootemplate.com/wp-content/uploads/2017/07/kodo-blog-3.jpg 850w" sizes="(max-width: 300px) 100vw, 300px" />                                    </a>
                                <h3><a href="http://kodo.wp1.zootemplate.com/2017/07/18/fashion-wakes-up-to-the-older-woman/" rel="bookmark">Fashion Wakes Up To The Older Woman</a></h3>                                <ul>
                                                                            <li>
                                                July 18, 2017                                        </li>
                                                                    </ul>
                                            </article>
                            <article id="post-1178">
                                                                        <a href="http://kodo.wp1.zootemplate.com/2013/01/11/no-makeup-would-you-go-au/"
                                       title="No Makeup: Would You Go Au">
                                        <img width="300" height="200" src="http://kodo.wp1.zootemplate.com/wp-content/uploads/2017/07/kodo-blog-2-300x200.jpg" alt="" srcset="http://kodo.wp1.zootemplate.com/wp-content/uploads/2017/07/kodo-blog-2-300x200.jpg 300w, http://kodo.wp1.zootemplate.com/wp-content/uploads/2017/07/kodo-blog-2-768x512.jpg 768w, http://kodo.wp1.zootemplate.com/wp-content/uploads/2017/07/kodo-blog-2-120x80.jpg 120w, http://kodo.wp1.zootemplate.com/wp-content/uploads/2017/07/kodo-blog-2-600x400.jpg 600w, http://kodo.wp1.zootemplate.com/wp-content/uploads/2017/07/kodo-blog-2-30x20.jpg 30w, http://kodo.wp1.zootemplate.com/wp-content/uploads/2017/07/kodo-blog-2.jpg 850w" sizes="(max-width: 300px) 100vw, 300px" />                                    </a>
                                <h3><a href="http://kodo.wp1.zootemplate.com/2013/01/11/no-makeup-would-you-go-au/" rel="bookmark">No Makeup: Would You Go Au</a></h3>                                <ul>
                                                                            <li>
                                                January 11, 2013                                        </li>
                                                                    </ul>
                                            </article>
                            <article id="post-1177">
                                                                        <a href="http://kodo.wp1.zootemplate.com/2013/01/10/uk-rekindles-passion-for-swimming/"
                                       title="UK Rekindles Passion For Swimming">
                                        <img width="300" height="200" src="http://kodo.wp1.zootemplate.com/wp-content/uploads/2017/07/kodo-blog-1-300x200.jpg" alt="" srcset="http://kodo.wp1.zootemplate.com/wp-content/uploads/2017/07/kodo-blog-1-300x200.jpg 300w, http://kodo.wp1.zootemplate.com/wp-content/uploads/2017/07/kodo-blog-1-768x512.jpg 768w, http://kodo.wp1.zootemplate.com/wp-content/uploads/2017/07/kodo-blog-1-120x80.jpg 120w, http://kodo.wp1.zootemplate.com/wp-content/uploads/2017/07/kodo-blog-1-600x400.jpg 600w, http://kodo.wp1.zootemplate.com/wp-content/uploads/2017/07/kodo-blog-1-30x20.jpg 30w, http://kodo.wp1.zootemplate.com/wp-content/uploads/2017/07/kodo-blog-1.jpg 850w" sizes="(max-width: 300px) 100vw, 300px" />                                    </a>
                                <h3><a href="http://kodo.wp1.zootemplate.com/2013/01/10/uk-rekindles-passion-for-swimming/" rel="bookmark">UK Rekindles Passion For Swimming</a></h3>                                <ul>
                                                                            <li>
                                                January 10, 2013                                        </li>
                                                                    </ul>
                                            </article>
                                                            <a href="//instagram.com/p/B0gaDXvAi-N/">
                                                                                    470
                                                                                    46
                                                                                                                        17 hours ago
                                    <img src="//instagram.fhan3-1.fna.fbcdn.net/vp/d8431bd05bcf09a4b9b2a7a0c76d08c8/5DC93F19/t51.2885-15/e35/s320x320/66851575_885312651835825_6981638817324029575_n.jpg?_nc_ht=instagram.fhan3-1.fna.fbcdn.net"  alt="“I knew something was wrong when I started coveting my baby daughter’s play mixer,” says @materialkitchen co-founder Eunice Byun. Toymakers, Eunice realized, had mastered both form and function, but the kitchenware industry hadn’t. So she and longtime friend David Nguyen partnered to start a company to make what she wasn’t seeing: high-quality cooking tools that inspire you to use them. They launched with a seven-piece set, The Fundamentals, in 2018. ??‍???‍???‍???‍?❤️" />
                                </a>
                                                            <a href="//instagram.com/p/B0Y5E0Cgbkz/">
                                                                                    735
                                                                                    27
                                                                                                                        3 days ago
                                    <img src="//instagram.fhan3-1.fna.fbcdn.net/vp/0ced21c8f62bfcf110389900d9b5f67c/5DD0B23F/t51.2885-15/e35/c0.74.598.598a/s320x320/67574636_2335996103288357_6192669803473329259_n.jpg?_nc_ht=instagram.fhan3-1.fna.fbcdn.net"  alt="“I started making jewelry when I was 5—and I sold it door-to-door,” says @amarilo co-designer Ali Heiss. Ali’s young hustle came full circle recently when she and business partner Stella Simona were contacted by one of those childhood customers to design an anniversary gift. “People buy from us because they connect with the intimacy of the brand,” says Stella. “A lot of our customers have told us that our pieces reminded them of family heirlooms.”" />
                                </a>
                                                            <a href="//instagram.com/p/B0WHgdhgj1K/">
                                                                                    576
                                                                                    22
                                                                                                                        4 days ago
                                    <img src="//instagram.fhan3-1.fna.fbcdn.net/vp/729d014ecdd93d9a1153ec294d80a8e6/5DD1162D/t51.2885-15/e35/c0.52.1440.1440a/s320x320/66396304_391150224869880_5758474100904224601_n.jpg?_nc_ht=instagram.fhan3-1.fna.fbcdn.net"  alt="“I want people who carry @mingrayofficial bags to be approached from across the room at a party because someone has to know *where* their bag is from,” says Ming Ray, who founded her eponymous line of handbags in 2015. With their bold, structured silhouettes and utterly fanciful details (butterflies, smiling clouds and shooting stars, to name a few), it’s safe to say Ming’s wish will be granted many times over ?⭐️?" />
                                </a>
                                                            <a href="//instagram.com/p/B0TjHVdA8ML/">
                                                                                    683
                                                                                    19
                                                                                                                        5 days ago
                                    <img src="//instagram.fhan3-1.fna.fbcdn.net/vp/b8bec47c2ebbfb19a60d1e77392f608d/5DDEA910/t51.2885-15/e35/c0.137.1440.1440a/s320x320/65938560_489257981870538_4954519277470893596_n.jpg?_nc_ht=instagram.fhan3-1.fna.fbcdn.net"  alt="“A year ago, Olivia Wilde texted me,” stylist Karla Welch remembers, “and said, ‘You gotta make a tank top!’ And I was like, ‘Funnily enough … I am.’ ” That tank top—a classic scoop neck—is the latest style in @xkarla’s collection of timeless essentials. No surprise, Karla thought of everything: “It’s long, it covers your bra straps, it has a bit of stretch so it doesn’t bag out, and it’s thick enough so you can’t see your belly button through it.” One more key piece of info about this wardrobe essential? It’s available *today*. Click the product tag above and @shop on." />
                                </a>
                                                            <a href="//instagram.com/p/B0RIfIWA5ix/">
                                                                                    545
                                                                                    15
                                                                                                                        6 days ago
                                    <img src="//instagram.fhan3-1.fna.fbcdn.net/vp/fa0eba7346fa8c490f6ba71ecf52eaa0/5DE47E7B/t51.2885-15/e35/c57.0.1326.1326a/s320x320/66396031_499630847472679_2612060123372543385_n.jpg?_nc_ht=instagram.fhan3-1.fna.fbcdn.net"  alt="“I had no idea how to work with skincare ingredients,” says @thebodystone co-founder Kate McLeod of her first steps into the beauty space in 2015. Kate, a former pastry chef, had a vision for a hydrating product that started as a solid and melted into the skin. So she used everything she knew about chocolate from her time as a baker and applied it to cocoa butter, eventually landing on her dream formula. The result? A product that moisturizes your skin...and smells *delicious*." />
                                </a>
                                                            <a href="//instagram.com/p/B0OeooSAMee/">
                                                                                    495
                                                                                    20
                                                                                                                        1 week ago
                                    <img src="//instagram.fhan3-1.fna.fbcdn.net/vp/9387d241d598b43709e5e3a320493208/5DD24C55/t51.2885-15/e35/c0.135.1082.1082/s320x320/66504973_521810111961334_4615585109651174774_n.jpg?_nc_ht=instagram.fhan3-1.fna.fbcdn.net"  alt="Natural-skin-care brand @agentnateur started small—as in “launched on a $300 investment” small. That’s how much founder Jena Covello paid to buy the supplies that would become the first batch of deodorant she sold. “There wasn’t any luxury natural deodorant that worked, so I started making it myself,” she says. “I wanted to create something that looked beautiful and smelled incredible.” Since starting the brand in 2015, Jena has gone on to create more than a dozen additional @agentnateur products, from eye serum to shaving oil to hyaluronic toner." />
                                </a>]]></content:encoded>
		<excerpt:encoded><![CDATA[]]></excerpt:encoded>
		<wp:post_id>1882</wp:post_id>
		<wp:post_date><![CDATA[2017-07-28 08:03:20]]></wp:post_date>
		<wp:post_date_gmt><![CDATA[2017-07-28 08:03:20]]></wp:post_date_gmt>
		<wp:comment_status><![CDATA[closed]]></wp:comment_status>
		<wp:ping_status><![CDATA[closed]]></wp:ping_status>
		<wp:post_name><![CDATA[home-1]]></wp:post_name>
		<wp:status><![CDATA[publish]]></wp:status>
		<wp:post_parent>0</wp:post_parent>
		<wp:menu_order>0</wp:menu_order>
		<wp:post_type><![CDATA[page]]></wp:post_type>
		<wp:post_password><![CDATA[]]></wp:post_password>
		<wp:is_sticky>0</wp:is_sticky>
		<wp:postmeta>
			<wp:meta_key><![CDATA[_wpb_shortcodes_custom_css]]></wp:meta_key>
			<wp:meta_value><![CDATA[.vc_custom_1501563083072{padding-top: 20px !important;padding-bottom: 20px !important;}.vc_custom_1501571355672{padding-top: 55px !important;padding-bottom: 40px !important;}.vc_custom_1519268016544{padding-top: 95px !important;padding-bottom: 148px !important;background-image: url(http://kodo.wp3.zootemplate.com/wp-content/uploads/2017/07/kodo-image-6.jpg?id=1959) !important;background-position: center !important;background-repeat: no-repeat !important;background-size: cover !important;}.vc_custom_1501556436346{padding-top: 45px !important;}.vc_custom_1501562201396{padding-top: 30px !important;padding-bottom: 30px !important;}]]></wp:meta_value>
		</wp:postmeta>
		<wp:postmeta>
			<wp:meta_key><![CDATA[slide_template]]></wp:meta_key>
			<wp:meta_value><![CDATA[default]]></wp:meta_value>
		</wp:postmeta>
		<wp:postmeta>
			<wp:meta_key><![CDATA[_wpb_vc_js_status]]></wp:meta_key>
			<wp:meta_value><![CDATA[true]]></wp:meta_value>
		</wp:postmeta>
		<wp:postmeta>
			<wp:meta_key><![CDATA[_the_champ_meta]]></wp:meta_key>
			<wp:meta_value><![CDATA[a:5:{s:7:"sharing";i:0;s:16:"vertical_sharing";i:0;s:7:"counter";i:0;s:16:"vertical_counter";i:0;s:11:"fb_comments";i:0;}]]></wp:meta_value>
		</wp:postmeta>
		<wp:postmeta>
			<wp:meta_key><![CDATA[zoo_site_layout]]></wp:meta_key>
			<wp:meta_value><![CDATA[inherit]]></wp:meta_value>
		</wp:postmeta>
		<wp:postmeta>
			<wp:meta_key><![CDATA[zoo_site_layout_box_shadow]]></wp:meta_key>
			<wp:meta_value><![CDATA[1]]></wp:meta_value>
		</wp:postmeta>
		<wp:postmeta>
			<wp:meta_key><![CDATA[zoo_site_background_color]]></wp:meta_key>
			<wp:meta_value><![CDATA[#fff]]></wp:meta_value>
		</wp:postmeta>
		<wp:postmeta>
			<wp:meta_key><![CDATA[zoo_site_background_size]]></wp:meta_key>
			<wp:meta_value><![CDATA[cover]]></wp:meta_value>
		</wp:postmeta>
		<wp:postmeta>
			<wp:meta_key><![CDATA[zoo_site_background_repeat]]></wp:meta_key>
			<wp:meta_value><![CDATA[no-repeat]]></wp:meta_value>
		</wp:postmeta>
		<wp:postmeta>
			<wp:meta_key><![CDATA[zoo_site_background_position]]></wp:meta_key>
			<wp:meta_value><![CDATA[center center]]></wp:meta_value>
		</wp:postmeta>
		<wp:postmeta>
			<wp:meta_key><![CDATA[zoo_site_background_attachment]]></wp:meta_key>
			<wp:meta_value><![CDATA[scroll]]></wp:meta_value>
		</wp:postmeta>
		<wp:postmeta>
			<wp:meta_key><![CDATA[zoo_header_custom_menu]]></wp:meta_key>
			<wp:meta_value><![CDATA[none]]></wp:meta_value>
		</wp:postmeta>
		<wp:postmeta>
			<wp:meta_key><![CDATA[zoo_hide_tag_line]]></wp:meta_key>
			<wp:meta_value><![CDATA[0]]></wp:meta_value>
		</wp:postmeta>
		<wp:postmeta>
			<wp:meta_key><![CDATA[zoo_disable_title]]></wp:meta_key>
			<wp:meta_value><![CDATA[1]]></wp:meta_value>
		</wp:postmeta>
		<wp:postmeta>
			<wp:meta_key><![CDATA[zoo_disable_breadcrumbs]]></wp:meta_key>
			<wp:meta_value><![CDATA[1]]></wp:meta_value>
		</wp:postmeta>
		<wp:postmeta>
			<wp:meta_key><![CDATA[zoo_header_top]]></wp:meta_key>
			<wp:meta_value><![CDATA[0]]></wp:meta_value>
		</wp:postmeta>
		<wp:postmeta>
			<wp:meta_key><![CDATA[zoo_header_layout]]></wp:meta_key>
			<wp:meta_value><![CDATA[stack-center]]></wp:meta_value>
		</wp:postmeta>
		<wp:postmeta>
			<wp:meta_key><![CDATA[zoo_header_hide_border_bottom]]></wp:meta_key>
			<wp:meta_value><![CDATA[1]]></wp:meta_value>
		</wp:postmeta>
		<wp:postmeta>
			<wp:meta_key><![CDATA[zoo_header_transparent]]></wp:meta_key>
			<wp:meta_value><![CDATA[0]]></wp:meta_value>
		</wp:postmeta>
		<wp:postmeta>
			<wp:meta_key><![CDATA[zoo_header_fullwidth]]></wp:meta_key>
			<wp:meta_value><![CDATA[0]]></wp:meta_value>
		</wp:postmeta>
		<wp:postmeta>
			<wp:meta_key><![CDATA[zoo_show_newsletter]]></wp:meta_key>
			<wp:meta_value><![CDATA[0]]></wp:meta_value>
		</wp:postmeta>
		<wp:postmeta>
			<wp:meta_key><![CDATA[zoo_top_footer]]></wp:meta_key>
			<wp:meta_value><![CDATA[1]]></wp:meta_value>
		</wp:postmeta>
		<wp:postmeta>
			<wp:meta_key><![CDATA[zoo_main_footer]]></wp:meta_key>
			<wp:meta_value><![CDATA[0]]></wp:meta_value>
		</wp:postmeta>
		<wp:postmeta>
			<wp:meta_key><![CDATA[zoo_footer_layout]]></wp:meta_key>
			<wp:meta_value><![CDATA[style3]]></wp:meta_value>
		</wp:postmeta>
		<wp:postmeta>
			<wp:meta_key><![CDATA[zoo_main_footer_color]]></wp:meta_key>
			<wp:meta_value><![CDATA[#777777]]></wp:meta_value>
		</wp:postmeta>
		<wp:postmeta>
			<wp:meta_key><![CDATA[zoo_main_footer_link_color]]></wp:meta_key>
			<wp:meta_value><![CDATA[#777777]]></wp:meta_value>
		</wp:postmeta>
		<wp:postmeta>
			<wp:meta_key><![CDATA[zoo_main_footer_link_color_hover]]></wp:meta_key>
			<wp:meta_value><![CDATA[#dc2f47]]></wp:meta_value>
		</wp:postmeta>
		<wp:postmeta>
			<wp:meta_key><![CDATA[zoo_main_footer_block_title_color]]></wp:meta_key>
			<wp:meta_value><![CDATA[#222222]]></wp:meta_value>
		</wp:postmeta>
		<wp:postmeta>
			<wp:meta_key><![CDATA[zoo_main_footer_background_color]]></wp:meta_key>
			<wp:meta_value><![CDATA[#fff]]></wp:meta_value>
		</wp:postmeta>
		<wp:postmeta>
			<wp:meta_key><![CDATA[zoo_main_footer_field_background_color]]></wp:meta_key>
			<wp:meta_value><![CDATA[#f5f5f5]]></wp:meta_value>
		</wp:postmeta>
		<wp:postmeta>
			<wp:meta_key><![CDATA[zoo_footer_color]]></wp:meta_key>
			<wp:meta_value><![CDATA[#777777]]></wp:meta_value>
		</wp:postmeta>
		<wp:postmeta>
			<wp:meta_key><![CDATA[zoo_footer_link_color]]></wp:meta_key>
			<wp:meta_value><![CDATA[#777777]]></wp:meta_value>
		</wp:postmeta>
		<wp:postmeta>
			<wp:meta_key><![CDATA[zoo_footer_link_color_hover]]></wp:meta_key>
			<wp:meta_value><![CDATA[#dc2f47]]></wp:meta_value>
		</wp:postmeta>
		<wp:postmeta>
			<wp:meta_key><![CDATA[zoo_footer_border_color]]></wp:meta_key>
			<wp:meta_value><![CDATA[#ffffff]]></wp:meta_value>
		</wp:postmeta>
		<wp:postmeta>
			<wp:meta_key><![CDATA[zoo_footer_background_color]]></wp:meta_key>
			<wp:meta_value><![CDATA[#fff]]></wp:meta_value>
		</wp:postmeta>
		<wp:postmeta>
			<wp:meta_key><![CDATA[_wpb_shortcodes_custom_css]]></wp:meta_key>
			<wp:meta_value><![CDATA[.vc_custom_1501563083072{padding-top: 20px !important;padding-bottom: 20px !important;}.vc_custom_1501571355672{padding-top: 55px !important;padding-bottom: 40px !important;}.vc_custom_1519268016544{padding-top: 95px !important;padding-bottom: 148px !important;background-image: url(http://kodo.wp3.zootemplate.com/wp-content/uploads/2017/07/kodo-image-6.jpg?id=1959) !important;background-position: center !important;background-repeat: no-repeat !important;background-size: cover !important;}.vc_custom_1501556436346{padding-top: 45px !important;}.vc_custom_1501562201396{padding-top: 30px !important;padding-bottom: 30px !important;}]]></wp:meta_value>
		</wp:postmeta>
		<wp:postmeta>
			<wp:meta_key><![CDATA[zoo_single_page_padding_top]]></wp:meta_key>
			<wp:meta_value><![CDATA[inherit]]></wp:meta_value>
		</wp:postmeta>
		<wp:postmeta>
			<wp:meta_key><![CDATA[zoo_single_page_padding_bottom]]></wp:meta_key>
			<wp:meta_value><![CDATA[0]]></wp:meta_value>
		</wp:postmeta>
		<wp:postmeta>
			<wp:meta_key><![CDATA[zoo_site_page_toc]]></wp:meta_key>
			<wp:meta_value><![CDATA[0]]></wp:meta_value>
		</wp:postmeta>
		<wp:postmeta>
			<wp:meta_key><![CDATA[_wxr_import_user_slug]]></wp:meta_key>
			<wp:meta_value><![CDATA[admin]]></wp:meta_value>
		</wp:postmeta>
		<wp:postmeta>
			<wp:meta_key><![CDATA[_edit_last]]></wp:meta_key>
			<wp:meta_value><![CDATA[1]]></wp:meta_value>
		</wp:postmeta>
		<wp:postmeta>
			<wp:meta_key><![CDATA[zoo_footer_social]]></wp:meta_key>
			<wp:meta_value><![CDATA[0]]></wp:meta_value>
		</wp:postmeta>
		<wp:postmeta>
			<wp:meta_key><![CDATA[zoo_footer_top_hide_border]]></wp:meta_key>
			<wp:meta_value><![CDATA[0]]></wp:meta_value>
		</wp:postmeta>
		<wp:postmeta>
			<wp:meta_key><![CDATA[zoo_footer_main_hide_border]]></wp:meta_key>
			<wp:meta_value><![CDATA[0]]></wp:meta_value>
		</wp:postmeta>
		<wp:postmeta>
			<wp:meta_key><![CDATA[zoo_footer_copyright_hide_border]]></wp:meta_key>
			<wp:meta_value><![CDATA[0]]></wp:meta_value>
		</wp:postmeta>
		<wp:postmeta>
			<wp:meta_key><![CDATA[zoo_footer_background_size]]></wp:meta_key>
			<wp:meta_value><![CDATA[auto]]></wp:meta_value>
		</wp:postmeta>
		<wp:postmeta>
			<wp:meta_key><![CDATA[zoo_footer_background_repeat]]></wp:meta_key>
			<wp:meta_value><![CDATA[no-repeat]]></wp:meta_value>
		</wp:postmeta>
		<wp:postmeta>
			<wp:meta_key><![CDATA[zoo_footer_background_position]]></wp:meta_key>
			<wp:meta_value><![CDATA[left top]]></wp:meta_value>
		</wp:postmeta>
		<wp:postmeta>
			<wp:meta_key><![CDATA[zoo_footer_background_attachment]]></wp:meta_key>
			<wp:meta_value><![CDATA[scroll]]></wp:meta_value>
		</wp:postmeta>
		<wp:postmeta>
			<wp:meta_key><![CDATA[zoo_page_cover]]></wp:meta_key>
			<wp:meta_value><![CDATA[inherit]]></wp:meta_value>
		</wp:postmeta>
		<wp:postmeta>
			<wp:meta_key><![CDATA[zoo_meta_page_header_template]]></wp:meta_key>
			<wp:meta_value><![CDATA[header-stack-center-layout-1563936721]]></wp:meta_value>
		</wp:postmeta>
		<wp:postmeta>
			<wp:meta_key><![CDATA[zoo_meta_page_footer_template]]></wp:meta_key>
			<wp:meta_value><![CDATA[footer-copyright-center-1564105133]]></wp:meta_value>
		</wp:postmeta>
		<wp:postmeta>
			<wp:meta_key><![CDATA[_elementor_edit_mode]]></wp:meta_key>
			<wp:meta_value><![CDATA[builder]]></wp:meta_value>
		</wp:postmeta>
		<wp:postmeta>
			<wp:meta_key><![CDATA[_elementor_template_type]]></wp:meta_key>
			<wp:meta_value><![CDATA[post]]></wp:meta_value>
		</wp:postmeta>
		<wp:postmeta>
			<wp:meta_key><![CDATA[_elementor_version]]></wp:meta_key>
			<wp:meta_value><![CDATA[2.6.6]]></wp:meta_value>
		</wp:postmeta>
		<wp:postmeta>
			<wp:meta_key><![CDATA[_wp_page_template]]></wp:meta_key>
			<wp:meta_value><![CDATA[default]]></wp:meta_value>
		</wp:postmeta>
		<wp:postmeta>
			<wp:meta_key><![CDATA[_elementor_elements_usage]]></wp:meta_key>
			<wp:meta_value><![CDATA[a:10:{s:13:"clever-slider";i:1;s:6:"column";i:13;s:7:"section";i:8;s:30:"clever-product-category-banner";i:5;s:7:"heading";i:4;s:23:"clever-product-carousel";i:2;s:11:"text-editor";i:1;s:13:"clever-button";i:2;s:12:"clever-posts";i:1;s:16:"clever-instagram";i:1;}]]></wp:meta_value>
		</wp:postmeta>
		<wp:postmeta>
			<wp:meta_key><![CDATA[_elementor_data]]></wp:meta_key>
			<wp:meta_value><![CDATA[[{"id":"76a3f02","elType":"section","settings":{"stretch_section":"section-stretched","layout":"full_width"},"elements":[{"id":"62cae8f","elType":"column","settings":{"_column_size":100,"padding":{"unit":"px","top":"0","right":"0","bottom":"0","left":"0","isLinked":true}},"elements":[{"id":"d830699","elType":"widget","settings":{"slides":[{"heading":"The Blockbusters ","description":"We shine a spotlight on ss18\/s runway hits, from gucci to <br>Maison margiela and valentino.","button_text":"SHOP THE SALE","background_color":"#3d70b2","_id":"acda933","background_image":{"url":"http:\/\/kodo.wp1.zootemplate.com\/wp-content\/uploads\/2017\/09\/kodo-slide-1-3.jpg","id":2604},"background_video":"","background_video_sound":"","background_size":"cover","background_ken_burns":"","zoom_direction":"in","background_overlay":"yes","background_overlay_color":"","background_overlay_blend_mode":"","background_animation":"inherit","background_transition_duration":1000,"button_style":"normal","link":{"url":"","is_external":"","nofollow":""},"link_click":"slide","content_animation":"inherit","content_transition_duration":500,"custom_style":"yes","content_max_width":{"unit":"%","size":"100","sizes":[]},"content_max_width_tablet":{"unit":"%","size":"","sizes":[]},"content_max_width_mobile":{"unit":"%","size":"","sizes":[]},"slides_padding":{"unit":"px","top":"","right":"","bottom":"","left":"","isLinked":true},"slides_padding_tablet":{"unit":"px","top":"","right":"","bottom":"","left":"","isLinked":true},"slides_padding_mobile":{"unit":"px","top":"","right":"","bottom":"","left":"","isLinked":true},"horizontal_position":"","horizontal_position_tablet":"","horizontal_position_mobile":"","vertical_position":"","vertical_position_tablet":"","vertical_position_mobile":"","text_align":"left","text_align_tablet":"","text_align_mobile":"","heading_color":"","des_color":"","button_color":"","button_bg":"","button_color_hover":"","button_bg_hover":"","enable":"","min_width":{"unit":"px","size":767,"sizes":[]},"max_width":{"unit":"px","size":1024,"sizes":[]},"hidden":"","width":{"unit":"%","size":100,"sizes":[]},"font_size":{"unit":"px","size":16,"sizes":[]},"line_height":{"unit":"px","size":16,"sizes":[]},"margin":{"unit":"px","top":"","right":"","bottom":"","left":"","isLinked":true},"padding":{"unit":"px","top":"","right":"","bottom":"","left":"","isLinked":true},"align":""},{"heading":"New Collection Fall 2017 ","description":"We shine a spotlight on ss18\/s runway hits, from gucci to <br>Maison margiela and valentino.","button_text":"SHOP THE SALE","background_color":"#3d70b2","_id":"690b3d6","background_image":{"url":"http:\/\/kodo.wp1.zootemplate.com\/wp-content\/uploads\/2017\/09\/kodo-slide-2-3.jpg","id":2603},"background_video":"","background_video_sound":"","background_size":"cover","background_ken_burns":"","zoom_direction":"in","background_overlay":"yes","background_overlay_color":"","background_overlay_blend_mode":"","background_animation":"inherit","background_transition_duration":1000,"button_style":"normal","link":{"url":"","is_external":"","nofollow":""},"link_click":"slide","content_animation":"inherit","content_transition_duration":500,"custom_style":"yes","content_max_width":{"unit":"%","size":"100","sizes":[]},"content_max_width_tablet":{"unit":"%","size":"","sizes":[]},"content_max_width_mobile":{"unit":"%","size":"","sizes":[]},"slides_padding":{"unit":"px","top":"","right":"","bottom":"","left":"","isLinked":true},"slides_padding_tablet":{"unit":"px","top":"","right":"","bottom":"","left":"","isLinked":true},"slides_padding_mobile":{"unit":"px","top":"","right":"","bottom":"","left":"","isLinked":true},"horizontal_position":"","horizontal_position_tablet":"","horizontal_position_mobile":"","vertical_position":"","vertical_position_tablet":"","vertical_position_mobile":"","text_align":"left","text_align_tablet":"","text_align_mobile":"","heading_color":"","des_color":"","button_color":"","button_bg":"","button_color_hover":"","button_bg_hover":"","enable":"","min_width":{"unit":"px","size":767,"sizes":[]},"max_width":{"unit":"px","size":1024,"sizes":[]},"hidden":"","width":{"unit":"%","size":100,"sizes":[]},"font_size":{"unit":"px","size":16,"sizes":[]},"line_height":{"unit":"px","size":16,"sizes":[]},"margin":{"unit":"px","top":"","right":"","bottom":"","left":"","isLinked":true},"padding":{"unit":"px","top":"","right":"","bottom":"","left":"","isLinked":true},"align":""}],"slides_height":{"unit":"px","size":660,"sizes":[]},"slides_width":{"unit":"px","size":1240,"sizes":[]},"transition":"fade","heading_typography_typography":"custom","heading_typography_font_size":{"unit":"px","size":56,"sizes":[]},"heading_typography_font_weight":"500","description_typography_typography":"custom","button_size":"md","button_typography_typography":"custom","button_border_width":{"unit":"px","size":2,"sizes":[]},"dots_style":"line","description_spacing":{"unit":"px","size":35,"sizes":[]},"description_typography_font_size":{"unit":"px","size":18,"sizes":[]},"button_typography_font_size":{"unit":"px","size":14,"sizes":[]},"button_typography_font_weight":"600","button_background_color":"#252525","button_border_color":"#dc2f47","button_hover_text_color":"#dc2f47","button_hover_background_color":"#ffffff","button_hover_border_color":"#dc2f47","arrows_size":{"unit":"px","size":60,"sizes":[]},"heading_color":"#252525","description_color":"#252525","button_padding":{"unit":"px","top":"16","right":"25","bottom":"15","left":"25","isLinked":false},"heading_typography_font_size_mobile":{"unit":"px","size":28,"sizes":[]},"description_typography_font_size_mobile":{"unit":"px","size":16,"sizes":[]}},"elements":[],"widgetType":"clever-slider"}],"isInner":false}],"isInner":false},{"id":"9faea1e","elType":"section","settings":{"structure":"50","stretch_section":"section-stretched","layout":"full_width","margin":{"unit":"px","top":"10","right":0,"bottom":"0","left":0,"isLinked":false},"padding":{"unit":"px","top":"0","right":"10","bottom":"60","left":"10","isLinked":false}},"elements":[{"id":"f3567c2","elType":"column","settings":{"_column_size":20,"_inline_size":null,"_inline_size_mobile":50,"_inline_size_tablet":33.33},"elements":[{"id":"63a18a1","elType":"widget","settings":{"cat":"accessories","image":{"url":"http:\/\/kodo.wp1.zootemplate.com\/wp-content\/uploads\/2017\/07\/kodo-image-1.jpg","id":1968},"title":"Accessories","show_des":"","show_count":"","button_label":"","text_align":"center","dimensions":{"unit":"px","top":"0","right":"60","bottom":"20","left":"60","isLinked":false},"content_bg_background":"classic","content_bg_color":"#252525","title_color":"#ffffff","title_typography_typography":"custom","title_typography_font_size":{"unit":"px","size":16,"sizes":[]},"title_typography_font_weight":"400","title_typography_text_transform":"none","dimensions_tablet":{"unit":"px","top":"20","right":"20","bottom":"20","left":"20","isLinked":true},"dimensions_mobile":{"unit":"px","top":"10","right":"10","bottom":"10","left":"10","isLinked":true}},"elements":[],"widgetType":"clever-product-category-banner"}],"isInner":false},{"id":"56b6e93","elType":"column","settings":{"_column_size":20,"_inline_size":null,"_inline_size_mobile":50,"_inline_size_tablet":33.33},"elements":[{"id":"5be145c","elType":"widget","settings":{"cat":"men-t-shirt","image":{"url":"http:\/\/kodo.wp1.zootemplate.com\/wp-content\/uploads\/2017\/07\/kodo-image-2.jpg","id":1967},"title":"Shop T-Shirts","show_des":"","show_count":"","button_label":"","text_align":"center","dimensions":{"unit":"px","top":"0","right":"60","bottom":"20","left":"60","isLinked":false},"content_bg_background":"classic","content_bg_color":"#252525","title_color":"#ffffff","title_typography_typography":"custom","title_typography_font_size":{"unit":"px","size":16,"sizes":[]},"title_typography_font_weight":"400","title_typography_text_transform":"none","dimensions_tablet":{"unit":"px","top":"20","right":"20","bottom":"20","left":"20","isLinked":true},"dimensions_mobile":{"unit":"px","top":"10","right":"10","bottom":"10","left":"10","isLinked":true}},"elements":[],"widgetType":"clever-product-category-banner"}],"isInner":false},{"id":"4819846","elType":"column","settings":{"_column_size":20,"_inline_size":null,"_inline_size_mobile":50,"_inline_size_tablet":33.3},"elements":[{"id":"21b5fe7","elType":"widget","settings":{"cat":"pants","image":{"url":"http:\/\/kodo.wp1.zootemplate.com\/wp-content\/uploads\/2017\/07\/kodo-image-3.jpg","id":1966},"title":"Shop Pants","show_des":"","show_count":"","button_label":"","text_align":"center","dimensions":{"unit":"px","top":"0","right":"60","bottom":"20","left":"60","isLinked":false},"content_bg_background":"classic","content_bg_color":"#252525","title_color":"#ffffff","title_typography_typography":"custom","title_typography_font_size":{"unit":"px","size":16,"sizes":[]},"title_typography_font_weight":"400","title_typography_text_transform":"none","dimensions_tablet":{"unit":"px","top":"20","right":"20","bottom":"20","left":"20","isLinked":true},"dimensions_mobile":{"unit":"px","top":"10","right":"10","bottom":"10","left":"10","isLinked":true}},"elements":[],"widgetType":"clever-product-category-banner"}],"isInner":false},{"id":"2e225c2","elType":"column","settings":{"_column_size":20,"_inline_size":null,"_inline_size_mobile":50,"_inline_size_tablet":50},"elements":[{"id":"2dcb833","elType":"widget","settings":{"cat":"men-t-shirt","image":{"url":"http:\/\/kodo.wp1.zootemplate.com\/wp-content\/uploads\/2017\/07\/kodo-image-4.jpg","id":1965},"title":"T-Shirt Man","show_des":"","show_count":"","button_label":"","text_align":"center","dimensions":{"unit":"px","top":"0","right":"60","bottom":"20","left":"60","isLinked":false},"content_bg_background":"classic","content_bg_color":"#252525","title_color":"#ffffff","title_typography_typography":"custom","title_typography_font_size":{"unit":"px","size":16,"sizes":[]},"title_typography_font_weight":"400","title_typography_text_transform":"none","dimensions_tablet":{"unit":"px","top":"20","right":"20","bottom":"20","left":"20","isLinked":true},"dimensions_mobile":{"unit":"px","top":"10","right":"10","bottom":"10","left":"10","isLinked":true}},"elements":[],"widgetType":"clever-product-category-banner"}],"isInner":false},{"id":"a8c0fa1","elType":"column","settings":{"_column_size":20,"_inline_size":null,"_inline_size_mobile":100,"_inline_size_tablet":50},"elements":[{"id":"7a4be78","elType":"widget","settings":{"cat":"necklake","image":{"url":"http:\/\/kodo.wp1.zootemplate.com\/wp-content\/uploads\/2017\/07\/kodo-image-5.jpg","id":1964},"title":"Special Prices","show_des":"","show_count":"","button_label":"","text_align":"center","dimensions":{"unit":"px","top":"0","right":"60","bottom":"20","left":"60","isLinked":false},"content_bg_background":"classic","content_bg_color":"#252525","title_color":"#ffffff","title_typography_typography":"custom","title_typography_font_size":{"unit":"px","size":16,"sizes":[]},"title_typography_font_weight":"400","title_typography_text_transform":"none","dimensions_tablet":{"unit":"px","top":"20","right":"20","bottom":"20","left":"20","isLinked":true},"dimensions_mobile":{"unit":"px","top":"10","right":"10","bottom":"10","left":"10","isLinked":true}},"elements":[],"widgetType":"clever-product-category-banner"}],"isInner":false}],"isInner":false},{"id":"b5cab4f","elType":"section","settings":{"margin":{"unit":"px","top":"0","right":0,"bottom":"60","left":0,"isLinked":false}},"elements":[{"id":"131174b","elType":"column","settings":{"_column_size":100,"padding_mobile":{"unit":"px","top":"0","right":"0","bottom":"0","left":"0","isLinked":true}},"elements":[{"id":"1000451","elType":"widget","settings":{"title":"Shop The New Collection","align":"center","title_color":"#252525","typography_typography":"custom","typography_font_size":{"unit":"px","size":35,"sizes":[]},"typography_font_weight":"500","_padding":{"unit":"px","top":"0","right":"0","bottom":"10","left":"0","isLinked":false}},"elements":[],"widgetType":"heading"},{"id":"cd8f3ed","elType":"widget","settings":{"title":"","slides_to_show":{"unit":"px","size":3,"sizes":[]},"show_pag":""},"elements":[],"widgetType":"clever-product-carousel"}],"isInner":false}],"isInner":false},{"id":"2b67472","elType":"section","settings":{"stretch_section":"section-stretched","layout":"full_width","background_background":"classic","background_color":"#cccccc","background_image":{"url":"http:\/\/kodo.wp1.zootemplate.com\/wp-content\/uploads\/2017\/08\/parallax-image-01.jpg","id":2562},"background_position":"center center","background_attachment":"fixed","background_repeat":"no-repeat","background_size":"cover","margin":{"unit":"px","top":"0","right":0,"bottom":"70","left":0,"isLinked":false},"padding":{"unit":"px","top":"130","right":"0","bottom":"130","left":"0","isLinked":false}},"elements":[{"id":"03a9129","elType":"column","settings":{"_column_size":100},"elements":[{"id":"9660a77","elType":"widget","settings":{"title":"Shop Limited Edition.","align":"center","title_color":"#ffffff","typography_typography":"custom","typography_font_size":{"unit":"px","size":60,"sizes":[]},"typography_font_weight":"500","typography_font_size_mobile":{"unit":"px","size":32,"sizes":[]}},"elements":[],"widgetType":"heading"},{"id":"4ff8425","elType":"widget","settings":{"editor":"<p>You want it \u2013 we\u2019ve got it! we launch up to 100 new styles every day so whatever<br \/>you\u2019re looking fot. Kodo is 24\/7 fashion its best<\/p>","align":"center","text_color":"#ffffff","_margin":{"unit":"px","top":"0","right":"0","bottom":"-20","left":"0","isLinked":false},"typography_typography":"custom","typography_font_size_mobile":{"unit":"px","size":16,"sizes":[]}},"elements":[],"widgetType":"text-editor"},{"id":"bbe5e08","elType":"section","settings":{"structure":"20"},"elements":[{"id":"64afc10","elType":"column","settings":{"_column_size":50,"_inline_size":null,"_inline_size_mobile":50,"padding_mobile":{"unit":"px","top":"0","right":"10","bottom":"0","left":"0","isLinked":false}},"elements":[{"id":"fa4800b","elType":"widget","settings":{"button_label":"Find Our More","text_align":"right","button_color":"#000000","button_bg":"#ffffff","button_typography_typography":"custom","button_typography_font_size":{"unit":"px","size":14,"sizes":[]},"border_radius":{"unit":"px","top":"0","right":"0","bottom":"0","left":"0","isLinked":false},"dimensions":{"unit":"px","top":"18","right":"25","bottom":"18","left":"25","isLinked":false},"button_color_hover":"#dc2f47","button_bg_hover":"#dc2f47","button_border_hover":"#dc2f47","dimensions_mobile":{"unit":"px","top":"15","right":"15","bottom":"15","left":"15","isLinked":true}},"elements":[],"widgetType":"clever-button"}],"isInner":true},{"id":"24d2d1f","elType":"column","settings":{"_column_size":50,"_inline_size":null,"_inline_size_mobile":50,"padding_mobile":{"unit":"px","top":"0","right":"0","bottom":"0","left":"10","isLinked":false}},"elements":[{"id":"5f41058","elType":"widget","settings":{"button_label":"Shop the sale","button_style":"outline","text_align":"left","button_color":"#ffffff","button_typography_typography":"custom","button_typography_font_size":{"unit":"px","size":14,"sizes":[]},"border_radius":{"unit":"px","top":"0","right":"0","bottom":"0","left":"0","isLinked":false},"dimensions":{"unit":"px","top":"18","right":"25","bottom":"18","left":"25","isLinked":false},"button_bg_hover":"#dc2f47","dimensions_mobile":{"unit":"px","top":"15","right":"15","bottom":"15","left":"15","isLinked":true}},"elements":[],"widgetType":"clever-button"}],"isInner":true}],"isInner":true}],"isInner":false}],"isInner":false},{"id":"ae401ea","elType":"section","settings":{"margin":{"unit":"px","top":"0","right":0,"bottom":"60","left":0,"isLinked":false}},"elements":[{"id":"7aeda92","elType":"column","settings":{"_column_size":100,"padding_mobile":{"unit":"px","top":"0","right":"0","bottom":"0","left":"0","isLinked":true},"padding":{"unit":"px","top":"0","right":"0","bottom":"0","left":"0","isLinked":true}},"elements":[{"id":"3dc4b46","elType":"widget","settings":{"title":"Shop The New Collection","align":"center","title_color":"#252525","typography_typography":"custom","typography_font_size":{"unit":"px","size":35,"sizes":[]},"typography_font_weight":"500","_padding":{"unit":"px","top":"0","right":"0","bottom":"10","left":"0","isLinked":false}},"elements":[],"widgetType":"heading"},{"id":"ae2e09d","elType":"widget","settings":{"title":"","show_pag":""},"elements":[],"widgetType":"clever-product-carousel"}],"isInner":false}],"isInner":false},{"id":"0a8810f","elType":"section","settings":{"margin":{"unit":"px","top":"0","right":0,"bottom":"60","left":0,"isLinked":false}},"elements":[{"id":"1725dcd","elType":"column","settings":{"_column_size":100,"padding":{"unit":"px","top":"0","right":"0","bottom":"0","left":"0","isLinked":false}},"elements":[{"id":"9a72363","elType":"widget","settings":{"title":"Read Our Top Stories","align":"center","title_color":"#252525","typography_typography":"custom","typography_font_size":{"unit":"px","size":35,"sizes":[]},"typography_font_weight":"500","_padding":{"unit":"px","top":"0","right":"0","bottom":"20","left":"0","isLinked":false}},"elements":[],"widgetType":"heading"},{"id":"4ffff21","elType":"widget","settings":{"output_type":"none","show_date_post":"true","col_tablet":3},"elements":[],"widgetType":"clever-posts"}],"isInner":false}],"isInner":false},{"id":"0f940df","elType":"section","settings":{"stretch_section":"section-stretched","layout":"full_width"},"elements":[{"id":"4eec730","elType":"column","settings":{"_column_size":100,"padding":{"unit":"px","top":"0","right":"0","bottom":"0","left":"0","isLinked":true}},"elements":[{"id":"316b112","elType":"widget","settings":{"title":"","username":"shop","number":6,"columns":{"unit":"col","size":6,"sizes":[]}},"elements":[],"widgetType":"clever-instagram"}],"isInner":false}],"isInner":false}]]]></wp:meta_value>
		</wp:postmeta>
	</item>
</channel>
</rss>
