<?xml version="1.0" encoding="UTF-8" ?>
<!-- This is a WordPress eXtended RSS file generated by WordPress as an export of your site. -->
<!-- It contains information about your site's posts, pages, comments, categories, and other content. -->
<!-- You may use this file to transfer that content from one site to another. -->
<!-- This file is not intended to serve as a complete backup of your site. -->

<!-- To import this information into a WordPress site follow these steps: -->
<!-- 1. Log in to that site as an administrator. -->
<!-- 2. Go to Tools: Import in the WordPress admin panel. -->
<!-- 3. Install the "WordPress" importer from the list. -->
<!-- 4. Activate & Run Importer. -->
<!-- 5. Upload this file using the form provided on that page. -->
<!-- 6. You will first be asked to map the authors in this export file to users -->
<!--    on the site. For each author, you may choose to map to an -->
<!--    existing user on the site or to create a new user. -->
<!-- 7. WordPress will then import each of the posts, pages, comments, categories, etc. -->
<!--    contained in this file into your site. -->

<!-- generator="WordPress/5.6" created="2021-02-03 09:15" -->
<rss version="2.0"
	xmlns:excerpt="http://wordpress.org/export/1.2/excerpt/"
	xmlns:content="http://purl.org/rss/1.0/modules/content/"
	xmlns:wfw="http://wellformedweb.org/CommentAPI/"
	xmlns:dc="http://purl.org/dc/elements/1.1/"
	xmlns:wp="http://wordpress.org/export/1.2/"
>

<channel>
	<title>Kodo</title>
	<link>http://kodo.wp1.zootemplate.com</link>
	<description>Just another WordPress site</description>
	<pubDate>Wed, 03 Feb 2021 09:15:52 +0000</pubDate>
	<language>en-US</language>
	<wp:wxr_version>1.2</wp:wxr_version>
	<wp:base_site_url>http://kodo.wp1.zootemplate.com</wp:base_site_url>
	<wp:base_blog_url>http://kodo.wp1.zootemplate.com</wp:base_blog_url>

	<wp:author><wp:author_id>2</wp:author_id><wp:author_login><![CDATA[clever]]></wp:author_login><wp:author_email><![CDATA[clever@gmail.com]]></wp:author_email><wp:author_display_name><![CDATA[clever]]></wp:author_display_name><wp:author_first_name><![CDATA[Nguyen]]></wp:author_first_name><wp:author_last_name><![CDATA[Toan]]></wp:author_last_name></wp:author>


	<generator>https://wordpress.org/?v=5.6</generator>

	<item>
		<title>Home 11</title>
		<link>http://kodo.wp1.zootemplate.com/home-11/</link>
		<pubDate>Tue, 22 Aug 2017 17:07:42 +0000</pubDate>
		<dc:creator><![CDATA[clever]]></dc:creator>
		<guid isPermaLink="false">http://wp.rivertheme.com/zoo-kodo/?page_id=2356</guid>
		<description></description>
		<content:encoded><![CDATA[https://www.youtube.com/watch?v=ZVNO-fib6fg
<img width="650" height="450" src="http://kodo.wp1.zootemplate.com/wp-content/uploads/2017/08/kodo-image-97.jpg" alt="" srcset="http://kodo.wp1.zootemplate.com/wp-content/uploads/2017/08/kodo-image-97.jpg 650w, http://kodo.wp1.zootemplate.com/wp-content/uploads/2017/08/kodo-image-97-300x208.jpg 300w, http://kodo.wp1.zootemplate.com/wp-content/uploads/2017/08/kodo-image-97-120x83.jpg 120w, http://kodo.wp1.zootemplate.com/wp-content/uploads/2017/08/kodo-image-97-600x415.jpg 600w, http://kodo.wp1.zootemplate.com/wp-content/uploads/2017/08/kodo-image-97-30x21.jpg 30w" sizes="(max-width: 650px) 100vw, 650px">
<h2>Easy, Safe Flights</h2>
<h2>01.</h2>
Lorem ipsum dolor sit amet, consectetur adipiscing elit, sed do eiusmod tempor incididunt ut labore et dolore magna aliqua. Ut enim ad minim veniam quis nostrud.

<a title="Learn More" href="#" target=" _blank" rel="noopener noreferrer">Learn More</a>
<h2>Powerful Controller</h2>
<h2>02.</h2>
Lorem ipsum dolor sit amet, consectetur adipiscing elit, sed do eiusmod tempor incididunt ut labore et dolore magna aliqua. Ut enim ad minim veniam quis nostrud.

<a title="Learn More" href="#" target=" _blank" rel="noopener noreferrer">Learn More</a>

<img width="650" height="450" src="http://kodo.wp1.zootemplate.com/wp-content/uploads/2017/08/kodo-image-98.jpg" alt="" srcset="http://kodo.wp1.zootemplate.com/wp-content/uploads/2017/08/kodo-image-98.jpg 650w, http://kodo.wp1.zootemplate.com/wp-content/uploads/2017/08/kodo-image-98-300x208.jpg 300w, http://kodo.wp1.zootemplate.com/wp-content/uploads/2017/08/kodo-image-98-120x83.jpg 120w, http://kodo.wp1.zootemplate.com/wp-content/uploads/2017/08/kodo-image-98-600x415.jpg 600w, http://kodo.wp1.zootemplate.com/wp-content/uploads/2017/08/kodo-image-98-30x21.jpg 30w" sizes="(max-width: 650px) 100vw, 650px">
<img width="650" height="450" src="http://kodo.wp1.zootemplate.com/wp-content/uploads/2017/08/kodo-image-99.jpg" alt="" srcset="http://kodo.wp1.zootemplate.com/wp-content/uploads/2017/08/kodo-image-99.jpg 650w, http://kodo.wp1.zootemplate.com/wp-content/uploads/2017/08/kodo-image-99-300x208.jpg 300w, http://kodo.wp1.zootemplate.com/wp-content/uploads/2017/08/kodo-image-99-120x83.jpg 120w, http://kodo.wp1.zootemplate.com/wp-content/uploads/2017/08/kodo-image-99-600x415.jpg 600w, http://kodo.wp1.zootemplate.com/wp-content/uploads/2017/08/kodo-image-99-30x21.jpg 30w" sizes="(max-width: 650px) 100vw, 650px">
<h2>Unmatched Propulsion</h2>
<h2>03.</h2>
Lorem ipsum dolor sit amet, consectetur adipiscing elit, sed do eiusmod tempor incididunt ut labore et dolore magna aliqua. Ut enim ad minim veniam quis nostrud.

<a title="Learn More" href="#" target=" _blank" rel="noopener noreferrer">Learn More</a>

<img width="480" height="480" src="http://kodo.wp1.zootemplate.com/wp-content/uploads/2017/08/kodo-image-100.jpg" alt="" srcset="http://kodo.wp1.zootemplate.com/wp-content/uploads/2017/08/kodo-image-100.jpg 480w, http://kodo.wp1.zootemplate.com/wp-content/uploads/2017/08/kodo-image-100-150x150.jpg 150w, http://kodo.wp1.zootemplate.com/wp-content/uploads/2017/08/kodo-image-100-300x300.jpg 300w, http://kodo.wp1.zootemplate.com/wp-content/uploads/2017/08/kodo-image-100-450x450.jpg 450w, http://kodo.wp1.zootemplate.com/wp-content/uploads/2017/08/kodo-image-100-120x120.jpg 120w, http://kodo.wp1.zootemplate.com/wp-content/uploads/2017/08/kodo-image-100-30x30.jpg 30w" sizes="(max-width: 480px) 100vw, 480px">
<img width="480" height="480" src="http://kodo.wp1.zootemplate.com/wp-content/uploads/2017/08/kodo-image-101.jpg" alt="" srcset="http://kodo.wp1.zootemplate.com/wp-content/uploads/2017/08/kodo-image-101.jpg 480w, http://kodo.wp1.zootemplate.com/wp-content/uploads/2017/08/kodo-image-101-150x150.jpg 150w, http://kodo.wp1.zootemplate.com/wp-content/uploads/2017/08/kodo-image-101-300x300.jpg 300w, http://kodo.wp1.zootemplate.com/wp-content/uploads/2017/08/kodo-image-101-450x450.jpg 450w, http://kodo.wp1.zootemplate.com/wp-content/uploads/2017/08/kodo-image-101-120x120.jpg 120w, http://kodo.wp1.zootemplate.com/wp-content/uploads/2017/08/kodo-image-101-30x30.jpg 30w" sizes="(max-width: 480px) 100vw, 480px">
<img width="480" height="480" src="http://kodo.wp1.zootemplate.com/wp-content/uploads/2017/08/kodo-image-102.jpg" alt="" srcset="http://kodo.wp1.zootemplate.com/wp-content/uploads/2017/08/kodo-image-102.jpg 480w, http://kodo.wp1.zootemplate.com/wp-content/uploads/2017/08/kodo-image-102-150x150.jpg 150w, http://kodo.wp1.zootemplate.com/wp-content/uploads/2017/08/kodo-image-102-300x300.jpg 300w, http://kodo.wp1.zootemplate.com/wp-content/uploads/2017/08/kodo-image-102-450x450.jpg 450w, http://kodo.wp1.zootemplate.com/wp-content/uploads/2017/08/kodo-image-102-120x120.jpg 120w, http://kodo.wp1.zootemplate.com/wp-content/uploads/2017/08/kodo-image-102-30x30.jpg 30w" sizes="(max-width: 480px) 100vw, 480px">
<img width="480" height="480" src="http://kodo.wp1.zootemplate.com/wp-content/uploads/2017/08/kodo-image-103.jpg" alt="" srcset="http://kodo.wp1.zootemplate.com/wp-content/uploads/2017/08/kodo-image-103.jpg 480w, http://kodo.wp1.zootemplate.com/wp-content/uploads/2017/08/kodo-image-103-150x150.jpg 150w, http://kodo.wp1.zootemplate.com/wp-content/uploads/2017/08/kodo-image-103-300x300.jpg 300w, http://kodo.wp1.zootemplate.com/wp-content/uploads/2017/08/kodo-image-103-450x450.jpg 450w, http://kodo.wp1.zootemplate.com/wp-content/uploads/2017/08/kodo-image-103-120x120.jpg 120w, http://kodo.wp1.zootemplate.com/wp-content/uploads/2017/08/kodo-image-103-30x30.jpg 30w" sizes="(max-width: 480px) 100vw, 480px">
<img width="650" height="450" src="http://kodo.wp1.zootemplate.com/wp-content/uploads/2017/08/kodo-image-108.jpg" alt="" srcset="http://kodo.wp1.zootemplate.com/wp-content/uploads/2017/08/kodo-image-108.jpg 650w, http://kodo.wp1.zootemplate.com/wp-content/uploads/2017/08/kodo-image-108-300x208.jpg 300w, http://kodo.wp1.zootemplate.com/wp-content/uploads/2017/08/kodo-image-108-120x83.jpg 120w, http://kodo.wp1.zootemplate.com/wp-content/uploads/2017/08/kodo-image-108-600x415.jpg 600w, http://kodo.wp1.zootemplate.com/wp-content/uploads/2017/08/kodo-image-108-30x21.jpg 30w" sizes="(max-width: 650px) 100vw, 650px">
<h2>Powerful Controller</h2>
<h2>04.</h2>
Lorem ipsum dolor sit amet, consectetur adipiscing elit, sed do eiusmod tempor incididunt ut labore et dolore magna aliqua. Ut enim ad minim veniam quis nostrud.

<a title="Learn More" href="#" target=" _blank" rel="noopener noreferrer">Learn More</a>

<img width="650" height="450" src="http://kodo.wp1.zootemplate.com/wp-content/uploads/2017/08/kodo-image-107.jpg" alt="" srcset="http://kodo.wp1.zootemplate.com/wp-content/uploads/2017/08/kodo-image-107.jpg 650w, http://kodo.wp1.zootemplate.com/wp-content/uploads/2017/08/kodo-image-107-300x208.jpg 300w, http://kodo.wp1.zootemplate.com/wp-content/uploads/2017/08/kodo-image-107-120x83.jpg 120w, http://kodo.wp1.zootemplate.com/wp-content/uploads/2017/08/kodo-image-107-600x415.jpg 600w, http://kodo.wp1.zootemplate.com/wp-content/uploads/2017/08/kodo-image-107-30x21.jpg 30w" sizes="(max-width: 650px) 100vw, 650px">
<h2>Easy, Safe Flights</h2>
<h2>05.</h2>
Lorem ipsum dolor sit amet, consectetur adipiscing elit, sed do eiusmod tempor incididunt ut labore et dolore magna aliqua. Ut enim ad minim veniam quis nostrud.

<a title="Learn More" href="#" target=" _blank" rel="noopener noreferrer">Learn More</a>

<img width="650" height="450" src="http://kodo.wp1.zootemplate.com/wp-content/uploads/2017/08/kodo-image-109.jpg" alt="" srcset="http://kodo.wp1.zootemplate.com/wp-content/uploads/2017/08/kodo-image-109.jpg 650w, http://kodo.wp1.zootemplate.com/wp-content/uploads/2017/08/kodo-image-109-300x208.jpg 300w, http://kodo.wp1.zootemplate.com/wp-content/uploads/2017/08/kodo-image-109-120x83.jpg 120w, http://kodo.wp1.zootemplate.com/wp-content/uploads/2017/08/kodo-image-109-600x415.jpg 600w, http://kodo.wp1.zootemplate.com/wp-content/uploads/2017/08/kodo-image-109-30x21.jpg 30w" sizes="(max-width: 650px) 100vw, 650px">
<h2>Unmatched Propulsion</h2>
<h2>06.</h2>
Lorem ipsum dolor sit amet, consectetur adipiscing elit, sed do eiusmod tempor incididunt ut labore et dolore magna aliqua. Ut enim ad minim veniam quis nostrud.

<a title="Learn More" href="#" target=" _blank" rel="noopener noreferrer">Learn More</a>
<h2>Vision Positioning System</h2>
Lorem ipsum dolor sit amet, consectetur adipiscing elit, sed do eiusmod
tempor incididunt ut labore et dolore magna aliqua. Ut enim ad minim
veniam quis nostrud.

Weight
<h2>1.26kg</h2>
Diagonal Size
<h2>3.5cm</h2>
Max Speed
<h2>5.2m/s</h2>
Flight Range
<h2>320m</h2>
Flight Time
<h2>27mi</h2>
<h2>AIRCRAFT</h2>
<ul>
 	<li>Weight (Battery &amp; Propellers Included)1216 g</li>
 	<li>Diagonal Size (Propellers Excluded)350 mm</li>
 	<li>Max Ascent Speed5 m/s</li>
 	<li>Max Descent Speed3 m/s</li>
 	<li>Max Speed16 m/s (ATTI mode)</li>
 	<li>Max Tilt Angle35°</li>
 	<li>Max Angular Speed150°/s</li>
 	<li>Max Service Ceiling Above Sea Level19685 feet (6000 m)</li>
 	<li>Max Flight TimeApprox. 25 minutes</li>
 	<li>Operating Temperature Range32° to 104°F (0° to 40°C)</li>
 	<li>Satellite Positioning SystemsGPS</li>
 	<li>Hover Accuracy RangeVertical:
±0.5 m
Horizontal:
±1.5 m</li>
</ul>
<h2>GIMBAL</h2>
<ul>
 	<li>Stabilization3-axis (pitch, roll, yaw)</li>
 	<li>Controllable RangePitch: -90° to +30°</li>
 	<li>Max Controllable Angular SpeedPitch: 90°/s</li>
 	<li>Angular Control Accuracy±0.02°</li>
</ul>
<h2>REMOTE CONTROLLER</h2>
<ul>
 	<li>Operating Frequency5.725 – 5.825 GHz, 922.7 – 927.7 MHz (Japan)</li>
 	<li>Max Transmission DistanceFCC: 1000 m
CE: 500 m
(outdoors and unobstructed, aircraft’s altitude at 400 feet (120 m))</li>
 	<li>Operating Current/Voltage600 mA@3.7V</li>
 	<li>Mobile Device HolderTablets and smart phones</li>
 	<li>Charging PortMicro USB</li>
</ul>
Kodo Drone Red Drone WIFI FPV con 4K 30fps &amp; 1080P Camera 3-Assi
Sospensione Cardanica RC Quadricottero

$360.00 <del style="font-size:20px; color:#999">$450.00 </del>Add to CartKodo Drone Grey Drone WIFI FPV con 4K 30fps &amp; 1080P Camera 3-Assi
Sospensione Cardanica RC Quadricottero

$380.00 <del style="font-size:20px; color:#999">$430.00 </del>Add to CartKodo Drone Brown Drone WIFI FPV con 4K 30fps &amp; 1080P Camera 3-Assi
Sospensione Cardanica RC Quadricottero

$340.00 <del style="font-size:20px; color:#999">$410.00 </del>Add to Cart]]></content:encoded>
		<excerpt:encoded><![CDATA[]]></excerpt:encoded>
		<wp:post_id>2356</wp:post_id>
		<wp:post_date><![CDATA[2017-08-22 17:07:42]]></wp:post_date>
		<wp:post_date_gmt><![CDATA[2017-08-22 17:07:42]]></wp:post_date_gmt>
		<wp:comment_status><![CDATA[closed]]></wp:comment_status>
		<wp:ping_status><![CDATA[closed]]></wp:ping_status>
		<wp:post_name><![CDATA[home-11]]></wp:post_name>
		<wp:status><![CDATA[publish]]></wp:status>
		<wp:post_parent>0</wp:post_parent>
		<wp:menu_order>0</wp:menu_order>
		<wp:post_type><![CDATA[page]]></wp:post_type>
		<wp:post_password><![CDATA[]]></wp:post_password>
		<wp:is_sticky>0</wp:is_sticky>
		<wp:postmeta>
			<wp:meta_key><![CDATA[_vc_post_settings]]></wp:meta_key>
			<wp:meta_value><![CDATA[a:1:{s:10:"vc_grid_id";a:0:{}}]]></wp:meta_value>
		</wp:postmeta>
		<wp:postmeta>
			<wp:meta_key><![CDATA[_wpb_shortcodes_custom_css]]></wp:meta_key>
			<wp:meta_value><![CDATA[.vc_custom_1503456609886{padding-top: 150px !important;padding-bottom: 25px !important;}.vc_custom_1503456619530{padding-top: 60px !important;padding-bottom: 25px !important;}.vc_custom_1503563948245{padding-top: 60px !important;padding-bottom: 165px !important;}.vc_custom_1503565683619{padding-top: 170px !important;padding-bottom: 110px !important;}.vc_custom_1503460788758{padding-top: 180px !important;padding-bottom: 180px !important;background-image: url(http://wp.rivertheme.com/zoo-kodo/wp-content/uploads/2017/08/kodo-image-104.jpg?id=2367) !important;background-position: center !important;background-repeat: no-repeat !important;background-size: cover !important;}.vc_custom_1503565786820{padding-top: 130px !important;padding-bottom: 80px !important;}.vc_custom_1503565855502{padding-bottom: 90px !important;}.vc_custom_1503456379215{padding-top: 35px !important;padding-left: 35px !important;}.vc_custom_1503456379215{padding-top: 35px !important;padding-left: 35px !important;}.vc_custom_1503456379215{padding-top: 35px !important;padding-left: 35px !important;}]]></wp:meta_value>
		</wp:postmeta>
		<wp:postmeta>
			<wp:meta_key><![CDATA[_vc_post_settings]]></wp:meta_key>
			<wp:meta_value><![CDATA[a:1:{s:10:"vc_grid_id";a:0:{}}]]></wp:meta_value>
		</wp:postmeta>
		<wp:postmeta>
			<wp:meta_key><![CDATA[slide_template]]></wp:meta_key>
			<wp:meta_value><![CDATA[default]]></wp:meta_value>
		</wp:postmeta>
		<wp:postmeta>
			<wp:meta_key><![CDATA[_wpb_vc_js_status]]></wp:meta_key>
			<wp:meta_value><![CDATA[true]]></wp:meta_value>
		</wp:postmeta>
		<wp:postmeta>
			<wp:meta_key><![CDATA[_wpb_shortcodes_custom_css]]></wp:meta_key>
			<wp:meta_value><![CDATA[.vc_custom_1503456609886{padding-top: 150px !important;padding-bottom: 25px !important;}.vc_custom_1503456619530{padding-top: 60px !important;padding-bottom: 25px !important;}.vc_custom_1503563948245{padding-top: 60px !important;padding-bottom: 165px !important;}.vc_custom_1503565683619{padding-top: 170px !important;padding-bottom: 110px !important;}.vc_custom_1503460788758{padding-top: 180px !important;padding-bottom: 180px !important;background-image: url(http://wp.rivertheme.com/zoo-kodo/wp-content/uploads/2017/08/kodo-image-104.jpg?id=2367) !important;background-position: center !important;background-repeat: no-repeat !important;background-size: cover !important;}.vc_custom_1503565786820{padding-top: 130px !important;padding-bottom: 80px !important;}.vc_custom_1503565855502{padding-bottom: 90px !important;}.vc_custom_1503456379215{padding-top: 35px !important;padding-left: 35px !important;}.vc_custom_1503456379215{padding-top: 35px !important;padding-left: 35px !important;}.vc_custom_1503456379215{padding-top: 35px !important;padding-left: 35px !important;}]]></wp:meta_value>
		</wp:postmeta>
		<wp:postmeta>
			<wp:meta_key><![CDATA[_the_champ_meta]]></wp:meta_key>
			<wp:meta_value><![CDATA[a:5:{s:7:"sharing";i:0;s:16:"vertical_sharing";i:0;s:7:"counter";i:0;s:16:"vertical_counter";i:0;s:11:"fb_comments";i:0;}]]></wp:meta_value>
		</wp:postmeta>
		<wp:postmeta>
			<wp:meta_key><![CDATA[zoo_site_page_toc]]></wp:meta_key>
			<wp:meta_value><![CDATA[0]]></wp:meta_value>
		</wp:postmeta>
		<wp:postmeta>
			<wp:meta_key><![CDATA[zoo_single_page_padding_top]]></wp:meta_key>
			<wp:meta_value><![CDATA[inherit]]></wp:meta_value>
		</wp:postmeta>
		<wp:postmeta>
			<wp:meta_key><![CDATA[zoo_single_page_padding_bottom]]></wp:meta_key>
			<wp:meta_value><![CDATA[inherit]]></wp:meta_value>
		</wp:postmeta>
		<wp:postmeta>
			<wp:meta_key><![CDATA[zoo_site_layout]]></wp:meta_key>
			<wp:meta_value><![CDATA[inherit]]></wp:meta_value>
		</wp:postmeta>
		<wp:postmeta>
			<wp:meta_key><![CDATA[zoo_site_layout_box_shadow]]></wp:meta_key>
			<wp:meta_value><![CDATA[1]]></wp:meta_value>
		</wp:postmeta>
		<wp:postmeta>
			<wp:meta_key><![CDATA[zoo_site_background_color]]></wp:meta_key>
			<wp:meta_value><![CDATA[#fff]]></wp:meta_value>
		</wp:postmeta>
		<wp:postmeta>
			<wp:meta_key><![CDATA[zoo_site_background_size]]></wp:meta_key>
			<wp:meta_value><![CDATA[cover]]></wp:meta_value>
		</wp:postmeta>
		<wp:postmeta>
			<wp:meta_key><![CDATA[zoo_site_background_repeat]]></wp:meta_key>
			<wp:meta_value><![CDATA[no-repeat]]></wp:meta_value>
		</wp:postmeta>
		<wp:postmeta>
			<wp:meta_key><![CDATA[zoo_site_background_position]]></wp:meta_key>
			<wp:meta_value><![CDATA[center center]]></wp:meta_value>
		</wp:postmeta>
		<wp:postmeta>
			<wp:meta_key><![CDATA[zoo_site_background_attachment]]></wp:meta_key>
			<wp:meta_value><![CDATA[scroll]]></wp:meta_value>
		</wp:postmeta>
		<wp:postmeta>
			<wp:meta_key><![CDATA[zoo_header_custom_menu]]></wp:meta_key>
			<wp:meta_value><![CDATA[none]]></wp:meta_value>
		</wp:postmeta>
		<wp:postmeta>
			<wp:meta_key><![CDATA[zoo_hide_tag_line]]></wp:meta_key>
			<wp:meta_value><![CDATA[0]]></wp:meta_value>
		</wp:postmeta>
		<wp:postmeta>
			<wp:meta_key><![CDATA[zoo_disable_title]]></wp:meta_key>
			<wp:meta_value><![CDATA[1]]></wp:meta_value>
		</wp:postmeta>
		<wp:postmeta>
			<wp:meta_key><![CDATA[zoo_disable_breadcrumbs]]></wp:meta_key>
			<wp:meta_value><![CDATA[1]]></wp:meta_value>
		</wp:postmeta>
		<wp:postmeta>
			<wp:meta_key><![CDATA[zoo_header_top]]></wp:meta_key>
			<wp:meta_value><![CDATA[1]]></wp:meta_value>
		</wp:postmeta>
		<wp:postmeta>
			<wp:meta_key><![CDATA[zoo_header_layout]]></wp:meta_key>
			<wp:meta_value><![CDATA[menu-center]]></wp:meta_value>
		</wp:postmeta>
		<wp:postmeta>
			<wp:meta_key><![CDATA[zoo_header_hide_border_bottom]]></wp:meta_key>
			<wp:meta_value><![CDATA[1]]></wp:meta_value>
		</wp:postmeta>
		<wp:postmeta>
			<wp:meta_key><![CDATA[zoo_header_transparent]]></wp:meta_key>
			<wp:meta_value><![CDATA[1]]></wp:meta_value>
		</wp:postmeta>
		<wp:postmeta>
			<wp:meta_key><![CDATA[zoo_header_fullwidth]]></wp:meta_key>
			<wp:meta_value><![CDATA[0]]></wp:meta_value>
		</wp:postmeta>
		<wp:postmeta>
			<wp:meta_key><![CDATA[zoo_show_newsletter]]></wp:meta_key>
			<wp:meta_value><![CDATA[0]]></wp:meta_value>
		</wp:postmeta>
		<wp:postmeta>
			<wp:meta_key><![CDATA[zoo_top_footer]]></wp:meta_key>
			<wp:meta_value><![CDATA[1]]></wp:meta_value>
		</wp:postmeta>
		<wp:postmeta>
			<wp:meta_key><![CDATA[zoo_main_footer]]></wp:meta_key>
			<wp:meta_value><![CDATA[0]]></wp:meta_value>
		</wp:postmeta>
		<wp:postmeta>
			<wp:meta_key><![CDATA[zoo_footer_layout]]></wp:meta_key>
			<wp:meta_value><![CDATA[style4]]></wp:meta_value>
		</wp:postmeta>
		<wp:postmeta>
			<wp:meta_key><![CDATA[zoo_top_footer_color]]></wp:meta_key>
			<wp:meta_value><![CDATA[#777]]></wp:meta_value>
		</wp:postmeta>
		<wp:postmeta>
			<wp:meta_key><![CDATA[zoo_top_footer_link_color]]></wp:meta_key>
			<wp:meta_value><![CDATA[#777]]></wp:meta_value>
		</wp:postmeta>
		<wp:postmeta>
			<wp:meta_key><![CDATA[zoo_top_footer_link_color_hover]]></wp:meta_key>
			<wp:meta_value><![CDATA[#dc2f47]]></wp:meta_value>
		</wp:postmeta>
		<wp:postmeta>
			<wp:meta_key><![CDATA[zoo_top_footer_block_title_color]]></wp:meta_key>
			<wp:meta_value><![CDATA[#222]]></wp:meta_value>
		</wp:postmeta>
		<wp:postmeta>
			<wp:meta_key><![CDATA[zoo_top_footer_field_background_color]]></wp:meta_key>
			<wp:meta_value><![CDATA[#f5f5f5]]></wp:meta_value>
		</wp:postmeta>
		<wp:postmeta>
			<wp:meta_key><![CDATA[zoo_top_footer_background_color]]></wp:meta_key>
			<wp:meta_value><![CDATA[#f5f5f5]]></wp:meta_value>
		</wp:postmeta>
		<wp:postmeta>
			<wp:meta_key><![CDATA[zoo_main_footer_color]]></wp:meta_key>
			<wp:meta_value><![CDATA[#777]]></wp:meta_value>
		</wp:postmeta>
		<wp:postmeta>
			<wp:meta_key><![CDATA[zoo_main_footer_link_color]]></wp:meta_key>
			<wp:meta_value><![CDATA[#777]]></wp:meta_value>
		</wp:postmeta>
		<wp:postmeta>
			<wp:meta_key><![CDATA[zoo_main_footer_link_color_hover]]></wp:meta_key>
			<wp:meta_value><![CDATA[#dc2f47]]></wp:meta_value>
		</wp:postmeta>
		<wp:postmeta>
			<wp:meta_key><![CDATA[zoo_main_footer_block_title_color]]></wp:meta_key>
			<wp:meta_value><![CDATA[#222]]></wp:meta_value>
		</wp:postmeta>
		<wp:postmeta>
			<wp:meta_key><![CDATA[zoo_main_footer_field_background_color]]></wp:meta_key>
			<wp:meta_value><![CDATA[#f5f5f5]]></wp:meta_value>
		</wp:postmeta>
		<wp:postmeta>
			<wp:meta_key><![CDATA[zoo_main_footer_background_color]]></wp:meta_key>
			<wp:meta_value><![CDATA[#fff]]></wp:meta_value>
		</wp:postmeta>
		<wp:postmeta>
			<wp:meta_key><![CDATA[zoo_copyright_footer_color]]></wp:meta_key>
			<wp:meta_value><![CDATA[#777]]></wp:meta_value>
		</wp:postmeta>
		<wp:postmeta>
			<wp:meta_key><![CDATA[zoo_copyright_footer_link_color]]></wp:meta_key>
			<wp:meta_value><![CDATA[#777]]></wp:meta_value>
		</wp:postmeta>
		<wp:postmeta>
			<wp:meta_key><![CDATA[zoo_copyright_footer_link_color_hover]]></wp:meta_key>
			<wp:meta_value><![CDATA[#dc2f47]]></wp:meta_value>
		</wp:postmeta>
		<wp:postmeta>
			<wp:meta_key><![CDATA[zoo_copyright_footer_border_color]]></wp:meta_key>
			<wp:meta_value><![CDATA[#ebebeb]]></wp:meta_value>
		</wp:postmeta>
		<wp:postmeta>
			<wp:meta_key><![CDATA[zoo_copyright_footer_background_color]]></wp:meta_key>
			<wp:meta_value><![CDATA[#fff]]></wp:meta_value>
		</wp:postmeta>
		<wp:postmeta>
			<wp:meta_key><![CDATA[_wxr_import_user_slug]]></wp:meta_key>
			<wp:meta_value><![CDATA[admin]]></wp:meta_value>
		</wp:postmeta>
		<wp:postmeta>
			<wp:meta_key><![CDATA[_edit_last]]></wp:meta_key>
			<wp:meta_value><![CDATA[1]]></wp:meta_value>
		</wp:postmeta>
		<wp:postmeta>
			<wp:meta_key><![CDATA[zoo_footer_social]]></wp:meta_key>
			<wp:meta_value><![CDATA[0]]></wp:meta_value>
		</wp:postmeta>
		<wp:postmeta>
			<wp:meta_key><![CDATA[zoo_footer_top_hide_border]]></wp:meta_key>
			<wp:meta_value><![CDATA[0]]></wp:meta_value>
		</wp:postmeta>
		<wp:postmeta>
			<wp:meta_key><![CDATA[zoo_footer_main_hide_border]]></wp:meta_key>
			<wp:meta_value><![CDATA[0]]></wp:meta_value>
		</wp:postmeta>
		<wp:postmeta>
			<wp:meta_key><![CDATA[zoo_footer_copyright_hide_border]]></wp:meta_key>
			<wp:meta_value><![CDATA[0]]></wp:meta_value>
		</wp:postmeta>
		<wp:postmeta>
			<wp:meta_key><![CDATA[zoo_footer_background_size]]></wp:meta_key>
			<wp:meta_value><![CDATA[auto]]></wp:meta_value>
		</wp:postmeta>
		<wp:postmeta>
			<wp:meta_key><![CDATA[zoo_footer_background_repeat]]></wp:meta_key>
			<wp:meta_value><![CDATA[no-repeat]]></wp:meta_value>
		</wp:postmeta>
		<wp:postmeta>
			<wp:meta_key><![CDATA[zoo_footer_background_position]]></wp:meta_key>
			<wp:meta_value><![CDATA[left top]]></wp:meta_value>
		</wp:postmeta>
		<wp:postmeta>
			<wp:meta_key><![CDATA[zoo_footer_background_attachment]]></wp:meta_key>
			<wp:meta_value><![CDATA[scroll]]></wp:meta_value>
		</wp:postmeta>
		<wp:postmeta>
			<wp:meta_key><![CDATA[zoo_logo_page]]></wp:meta_key>
			<wp:meta_value><![CDATA[2279]]></wp:meta_value>
		</wp:postmeta>
		<wp:postmeta>
			<wp:meta_key><![CDATA[zoo_sticky_logo_page]]></wp:meta_key>
			<wp:meta_value><![CDATA[1885]]></wp:meta_value>
		</wp:postmeta>
		<wp:postmeta>
			<wp:meta_key><![CDATA[zoo_meta_page_header_template]]></wp:meta_key>
			<wp:meta_value><![CDATA[header-menu-center-two-1564039159]]></wp:meta_value>
		</wp:postmeta>
		<wp:postmeta>
			<wp:meta_key><![CDATA[zoo_meta_page_footer_template]]></wp:meta_key>
			<wp:meta_value><![CDATA[footer-copyright-center-two-1564117298]]></wp:meta_value>
		</wp:postmeta>
		<wp:postmeta>
			<wp:meta_key><![CDATA[_elementor_edit_mode]]></wp:meta_key>
			<wp:meta_value><![CDATA[builder]]></wp:meta_value>
		</wp:postmeta>
		<wp:postmeta>
			<wp:meta_key><![CDATA[_elementor_template_type]]></wp:meta_key>
			<wp:meta_value><![CDATA[post]]></wp:meta_value>
		</wp:postmeta>
		<wp:postmeta>
			<wp:meta_key><![CDATA[_elementor_version]]></wp:meta_key>
			<wp:meta_value><![CDATA[2.6.6]]></wp:meta_value>
		</wp:postmeta>
		<wp:postmeta>
			<wp:meta_key><![CDATA[_wp_page_template]]></wp:meta_key>
			<wp:meta_value><![CDATA[default]]></wp:meta_value>
		</wp:postmeta>
		<wp:postmeta>
			<wp:meta_key><![CDATA[_elementor_elements_usage]]></wp:meta_key>
			<wp:meta_value><![CDATA[a:7:{s:5:"video";i:1;s:6:"column";i:22;s:7:"section";i:10;s:5:"image";i:10;s:7:"heading";i:26;s:11:"text-editor";i:10;s:13:"clever-slider";i:1;}]]></wp:meta_value>
		</wp:postmeta>
		<wp:postmeta>
			<wp:meta_key><![CDATA[_elementor_data]]></wp:meta_key>
			<wp:meta_value><![CDATA[[{"id":"eecf155","elType":"section","settings":{"stretch_section":"section-stretched","layout":"full_width","margin":{"unit":"px","top":"0","right":0,"bottom":"150","left":0,"isLinked":false}},"elements":[{"id":"b436bfd","elType":"column","settings":{"_column_size":100,"padding":{"unit":"px","top":"0","right":"0","bottom":"0","left":"0","isLinked":true}},"elements":[{"id":"c3d7a13","elType":"widget","settings":{"youtube_url":"https:\/\/www.youtube.com\/watch?v=ZVNO-fib6fg","vimeo_url":"https:\/\/vimeo.com\/235215203","dailymotion_url":"https:\/\/www.dailymotion.com\/video\/x6tqhqb","controls":"","yt_privacy":"yes","show_image_overlay":"yes","image_overlay":{"url":"http:\/\/kodo.wp1.zootemplate.com\/wp-content\/uploads\/2017\/09\/slide-video-bg.jpg","id":2595}},"elements":[],"widgetType":"video"}],"isInner":false}],"isInner":false},{"id":"d72d356","elType":"section","settings":{"content_position":"middle","structure":"20","margin":{"unit":"px","top":"0","right":0,"bottom":"85","left":0,"isLinked":false}},"elements":[{"id":"4c7d964","elType":"column","settings":{"_column_size":50,"_inline_size":null},"elements":[{"id":"3fbff38","elType":"widget","settings":{"image":{"url":"http:\/\/kodo.wp1.zootemplate.com\/wp-content\/uploads\/2017\/08\/kodo-image-97.jpg","id":2374}},"elements":[],"widgetType":"image"}],"isInner":false},{"id":"2a07fb2","elType":"column","settings":{"_column_size":50,"_inline_size":null},"elements":[{"id":"b23c3f1","elType":"widget","settings":{"title":"Easy, Safe Flights","title_color":"#252525","typography_typography":"custom","typography_font_size":{"unit":"px","size":48,"sizes":[]},"typography_font_weight":"400","_margin":{"unit":"px","top":"0","right":"0","bottom":"-30","left":"0","isLinked":false},"_z_index":1},"elements":[],"widgetType":"heading"},{"id":"aeda870","elType":"widget","settings":{"title":"01.","title_color":"#f3f3f3","typography_typography":"custom","typography_font_size":{"unit":"px","size":120,"sizes":[]},"typography_font_weight":"400","_margin":{"unit":"px","top":"-75","right":"0","bottom":"-10","left":"0","isLinked":false}},"elements":[],"widgetType":"heading"},{"id":"0e0963e","elType":"widget","settings":{"editor":"<p>Lorem ipsum dolor sit amet, consectetur adipiscing elit, sed do eiusmod tempor incididunt ut labore et dolore magna aliqua. Ut enim ad minim veniam quis nostrud.<br \/><br \/><br \/><a class=\"accent-color\" title=\"Learn More\" href=\"#\" target=\" _blank\">Learn More<\/a><\/p>"},"elements":[],"widgetType":"text-editor"}],"isInner":false}],"isInner":false},{"id":"dc62c09","elType":"section","settings":{"content_position":"middle","structure":"20","margin":{"unit":"px","top":"0","right":0,"bottom":"85","left":0,"isLinked":false}},"elements":[{"id":"a2b752b","elType":"column","settings":{"_column_size":50,"_inline_size":null},"elements":[{"id":"c748162","elType":"widget","settings":{"title":"Powerful Controller","title_color":"#252525","typography_typography":"custom","typography_font_size":{"unit":"px","size":48,"sizes":[]},"typography_font_weight":"400","_margin":{"unit":"px","top":"0","right":"0","bottom":"-30","left":"0","isLinked":false},"_z_index":1},"elements":[],"widgetType":"heading"},{"id":"f2cd1f2","elType":"widget","settings":{"title":"02.","title_color":"#f3f3f3","typography_typography":"custom","typography_font_size":{"unit":"px","size":120,"sizes":[]},"typography_font_weight":"400","_margin":{"unit":"px","top":"-75","right":"0","bottom":"-10","left":"0","isLinked":false}},"elements":[],"widgetType":"heading"},{"id":"2404722","elType":"widget","settings":{"editor":"<p>Lorem ipsum dolor sit amet, consectetur adipiscing elit, sed do eiusmod tempor incididunt ut labore et dolore magna aliqua. Ut enim ad minim veniam quis nostrud.<br \/><br \/><br \/><a class=\"accent-color\" title=\"Learn More\" href=\"#\" target=\" _blank\">Learn More<\/a><\/p>"},"elements":[],"widgetType":"text-editor"}],"isInner":false},{"id":"889d18b","elType":"column","settings":{"_column_size":50,"_inline_size":null},"elements":[{"id":"fb16dca","elType":"widget","settings":{"image":{"url":"http:\/\/kodo.wp1.zootemplate.com\/wp-content\/uploads\/2017\/08\/kodo-image-98.jpg","id":2373}},"elements":[],"widgetType":"image"}],"isInner":false}],"isInner":false},{"id":"702d4c0","elType":"section","settings":{"content_position":"middle","structure":"20","margin":{"unit":"px","top":"0","right":0,"bottom":"85","left":0,"isLinked":false}},"elements":[{"id":"324b894","elType":"column","settings":{"_column_size":50,"_inline_size":null},"elements":[{"id":"54813bf","elType":"widget","settings":{"image":{"url":"http:\/\/kodo.wp1.zootemplate.com\/wp-content\/uploads\/2017\/08\/kodo-image-99.jpg","id":2372}},"elements":[],"widgetType":"image"}],"isInner":false},{"id":"3fd7f6b","elType":"column","settings":{"_column_size":50,"_inline_size":null},"elements":[{"id":"8c9db1c","elType":"widget","settings":{"title":"Unmatched Propulsion","title_color":"#252525","typography_typography":"custom","typography_font_size":{"unit":"px","size":48,"sizes":[]},"typography_font_weight":"400","_margin":{"unit":"px","top":"0","right":"0","bottom":"-30","left":"0","isLinked":false},"_z_index":1},"elements":[],"widgetType":"heading"},{"id":"8d92287","elType":"widget","settings":{"title":"03.","title_color":"#f3f3f3","typography_typography":"custom","typography_font_size":{"unit":"px","size":120,"sizes":[]},"typography_font_weight":"400","_margin":{"unit":"px","top":"-75","right":"0","bottom":"-10","left":"0","isLinked":false}},"elements":[],"widgetType":"heading"},{"id":"0ed7661","elType":"widget","settings":{"editor":"<p>Lorem ipsum dolor sit amet, consectetur adipiscing elit, sed do eiusmod tempor incididunt ut labore et dolore magna aliqua. Ut enim ad minim veniam quis nostrud.<br \/><br \/><br \/><a class=\"accent-color\" title=\"Learn More\" href=\"#\" target=\" _blank\">Learn More<\/a><\/p>"},"elements":[],"widgetType":"text-editor"}],"isInner":false}],"isInner":false},{"id":"f8ed21e","elType":"section","settings":{"stretch_section":"section-stretched","layout":"full_width","structure":"40","margin":{"unit":"px","top":"0","right":0,"bottom":"120","left":0,"isLinked":false}},"elements":[{"id":"c7e14f7","elType":"column","settings":{"_column_size":25,"_inline_size":null,"padding":{"unit":"px","top":"0","right":"0","bottom":"0","left":"0","isLinked":true}},"elements":[{"id":"39aef60","elType":"widget","settings":{"image":{"url":"http:\/\/kodo.wp1.zootemplate.com\/wp-content\/uploads\/2017\/08\/kodo-image-100.jpg","id":2371}},"elements":[],"widgetType":"image"}],"isInner":false},{"id":"26a9bf8","elType":"column","settings":{"_column_size":25,"_inline_size":null,"padding":{"unit":"px","top":"0","right":"0","bottom":"0","left":"0","isLinked":true}},"elements":[{"id":"abe5701","elType":"widget","settings":{"image":{"url":"http:\/\/kodo.wp1.zootemplate.com\/wp-content\/uploads\/2017\/08\/kodo-image-101.jpg","id":2370}},"elements":[],"widgetType":"image"}],"isInner":false},{"id":"a31cd6c","elType":"column","settings":{"_column_size":25,"_inline_size":null,"padding":{"unit":"px","top":"0","right":"0","bottom":"0","left":"0","isLinked":true}},"elements":[{"id":"667be1b","elType":"widget","settings":{"image":{"url":"http:\/\/kodo.wp1.zootemplate.com\/wp-content\/uploads\/2017\/08\/kodo-image-102.jpg","id":2369}},"elements":[],"widgetType":"image"}],"isInner":false},{"id":"6cb1030","elType":"column","settings":{"_column_size":25,"_inline_size":null,"padding":{"unit":"px","top":"0","right":"0","bottom":"0","left":"0","isLinked":true}},"elements":[{"id":"dbf764c","elType":"widget","settings":{"image":{"url":"http:\/\/kodo.wp1.zootemplate.com\/wp-content\/uploads\/2017\/08\/kodo-image-103.jpg","id":2368}},"elements":[],"widgetType":"image"}],"isInner":false}],"isInner":false},{"id":"9aca38b","elType":"section","settings":{"stretch_section":"section-stretched","layout":"full_width","structure":"30","margin":{"unit":"px","top":"0","right":0,"bottom":"85","left":0,"isLinked":false}},"elements":[{"id":"6d6c09d","elType":"column","settings":{"_column_size":33,"_inline_size":null,"padding":{"unit":"px","top":"0","right":"15","bottom":"0","left":"15","isLinked":false}},"elements":[{"id":"b08ebe5","elType":"widget","settings":{"image":{"url":"http:\/\/kodo.wp1.zootemplate.com\/wp-content\/uploads\/2017\/08\/kodo-image-108.jpg","id":2364}},"elements":[],"widgetType":"image"},{"id":"b723755","elType":"widget","settings":{"title":"Powerful Controller","align":"center","title_color":"#252525","typography_typography":"custom","typography_font_size":{"unit":"px","size":40,"sizes":[]},"typography_font_weight":"400","_margin":{"unit":"px","top":"0","right":"0","bottom":"-30","left":"0","isLinked":false},"_z_index":1},"elements":[],"widgetType":"heading"},{"id":"98a9f08","elType":"widget","settings":{"title":"04.","align":"center","title_color":"#f3f3f3","typography_typography":"custom","typography_font_size":{"unit":"px","size":120,"sizes":[]},"typography_font_weight":"400","_margin":{"unit":"px","top":"-75","right":"0","bottom":"-10","left":"0","isLinked":false}},"elements":[],"widgetType":"heading"},{"id":"63b5b69","elType":"widget","settings":{"editor":"<p>Lorem ipsum dolor sit amet, consectetur adipiscing elit, sed do eiusmod tempor incididunt ut labore et dolore magna aliqua. Ut enim ad minim veniam quis nostrud.<br \/><br \/><br \/><a class=\"accent-color\" title=\"Learn More\" href=\"#\" target=\" _blank\">Learn More<\/a><\/p>","align":"center"},"elements":[],"widgetType":"text-editor"}],"isInner":false},{"id":"63e9a30","elType":"column","settings":{"_column_size":33,"_inline_size":null,"padding":{"unit":"px","top":"0","right":"15","bottom":"0","left":"15","isLinked":false}},"elements":[{"id":"8dbaa10","elType":"widget","settings":{"image":{"url":"http:\/\/kodo.wp1.zootemplate.com\/wp-content\/uploads\/2017\/08\/kodo-image-107.jpg","id":2365}},"elements":[],"widgetType":"image"},{"id":"3db737a","elType":"widget","settings":{"title":"Easy, Safe Flights","align":"center","title_color":"#252525","typography_typography":"custom","typography_font_size":{"unit":"px","size":40,"sizes":[]},"typography_font_weight":"400","_margin":{"unit":"px","top":"0","right":"0","bottom":"-30","left":"0","isLinked":false},"_z_index":1},"elements":[],"widgetType":"heading"},{"id":"a257702","elType":"widget","settings":{"title":"05.","align":"center","title_color":"#f3f3f3","typography_typography":"custom","typography_font_size":{"unit":"px","size":120,"sizes":[]},"typography_font_weight":"400","_margin":{"unit":"px","top":"-75","right":"0","bottom":"-10","left":"0","isLinked":false}},"elements":[],"widgetType":"heading"},{"id":"d8dacc8","elType":"widget","settings":{"editor":"<p>Lorem ipsum dolor sit amet, consectetur adipiscing elit, sed do eiusmod tempor incididunt ut labore et dolore magna aliqua. Ut enim ad minim veniam quis nostrud.<br \/><br \/><br \/><a class=\"accent-color\" title=\"Learn More\" href=\"#\" target=\" _blank\">Learn More<\/a><\/p>","align":"center"},"elements":[],"widgetType":"text-editor"}],"isInner":false},{"id":"2ae54b8","elType":"column","settings":{"_column_size":33,"_inline_size":null,"padding":{"unit":"px","top":"0","right":"15","bottom":"0","left":"15","isLinked":false}},"elements":[{"id":"fc19c1c","elType":"widget","settings":{"image":{"url":"http:\/\/kodo.wp1.zootemplate.com\/wp-content\/uploads\/2017\/08\/kodo-image-109.jpg","id":2363}},"elements":[],"widgetType":"image"},{"id":"79ac6f5","elType":"widget","settings":{"title":"Unmatched Propulsion","align":"center","title_color":"#252525","typography_typography":"custom","typography_font_size":{"unit":"px","size":40,"sizes":[]},"typography_font_weight":"400","_margin":{"unit":"px","top":"0","right":"0","bottom":"-30","left":"0","isLinked":false},"_z_index":1},"elements":[],"widgetType":"heading"},{"id":"5a72e9b","elType":"widget","settings":{"title":"06.","align":"center","title_color":"#f3f3f3","typography_typography":"custom","typography_font_size":{"unit":"px","size":120,"sizes":[]},"typography_font_weight":"400","_margin":{"unit":"px","top":"-75","right":"0","bottom":"-10","left":"0","isLinked":false}},"elements":[],"widgetType":"heading"},{"id":"8bef359","elType":"widget","settings":{"editor":"<p>Lorem ipsum dolor sit amet, consectetur adipiscing elit, sed do eiusmod tempor incididunt ut labore et dolore magna aliqua. Ut enim ad minim veniam quis nostrud.<br \/><br \/><br \/><a class=\"accent-color\" title=\"Learn More\" href=\"#\" target=\" _blank\">Learn More<\/a><\/p>","align":"center"},"elements":[],"widgetType":"text-editor"}],"isInner":false}],"isInner":false},{"id":"85a464f","elType":"section","settings":{"stretch_section":"section-stretched","content_width":{"unit":"px","size":1170,"sizes":[]},"background_background":"classic","background_image":{"url":"http:\/\/kodo.wp1.zootemplate.com\/wp-content\/uploads\/2017\/08\/kodo-image-104.jpg","id":2367},"background_position":"center center","background_repeat":"no-repeat","margin":{"unit":"px","top":"0","right":0,"bottom":"85","left":0,"isLinked":false},"padding":{"unit":"px","top":"180","right":"0","bottom":"160","left":"0","isLinked":false}},"elements":[{"id":"f1a22c5","elType":"column","settings":{"_column_size":100,"padding":{"unit":"px","top":"0","right":"0","bottom":"0","left":"0","isLinked":true},"padding_tablet":{"unit":"px","top":"0","right":"15","bottom":"0","left":"15","isLinked":false}},"elements":[{"id":"cc28fe5","elType":"widget","settings":{"title":"Vision Positioning System","title_color":"#000000","typography_typography":"custom","typography_font_size":{"unit":"px","size":48,"sizes":[]},"typography_font_weight":"500","typography_font_size_mobile":{"unit":"px","size":38,"sizes":[]}},"elements":[],"widgetType":"heading"},{"id":"5f625ee","elType":"widget","settings":{"editor":"<p>Lorem ipsum dolor sit amet, consectetur adipiscing elit, sed do eiusmod <br \/>tempor incididunt ut labore et dolore magna aliqua. Ut enim ad minim <br \/>veniam quis nostrud.<\/p>"},"elements":[],"widgetType":"text-editor"}],"isInner":false}],"isInner":false},{"id":"ec433ea","elType":"section","settings":{"structure":"40","background_background":"classic","background_image":{"url":"http:\/\/kodo.wp1.zootemplate.com\/wp-content\/uploads\/2017\/08\/kodo-image-106.jpg","id":2412},"background_position":"center center","background_repeat":"no-repeat","margin":{"unit":"px","top":"0","right":0,"bottom":"85","left":0,"isLinked":false}},"elements":[{"id":"b5a2c9a","elType":"column","settings":{"_column_size":25,"_inline_size":null,"padding":{"unit":"px","top":"0","right":"0","bottom":"0","left":"0","isLinked":true}},"elements":[{"id":"8239d41","elType":"widget","settings":{"title":"Weight","header_size":"p","title_color":"#999999","typography_typography":"custom","typography_font_size":{"unit":"px","size":16,"sizes":[]},"typography_font_weight":"400","_margin":{"unit":"px","top":"0","right":"0","bottom":"0","left":"0","isLinked":false}},"elements":[],"widgetType":"heading"},{"id":"8fa114d","elType":"widget","settings":{"title":"1.26kg","title_color":"#252525","typography_typography":"custom","typography_font_size":{"unit":"px","size":45,"sizes":[]},"_margin":{"unit":"px","top":"0","right":"0","bottom":"25","left":"0","isLinked":false},"_padding":{"unit":"px","top":"0","right":"0","bottom":"15","left":"0","isLinked":false},"_border_border":"solid","_border_width":{"unit":"px","top":"0","right":"0","bottom":"1","left":"0","isLinked":false},"_border_color":"#e5e5e5"},"elements":[],"widgetType":"heading"},{"id":"9853d9a","elType":"widget","settings":{"title":"Diagonal Size","header_size":"p","title_color":"#999999","typography_typography":"custom","typography_font_size":{"unit":"px","size":16,"sizes":[]},"typography_font_weight":"400","_margin":{"unit":"px","top":"0","right":"0","bottom":"0","left":"0","isLinked":false}},"elements":[],"widgetType":"heading"},{"id":"4513e0b","elType":"widget","settings":{"title":"3.5cm","title_color":"#252525","typography_typography":"custom","typography_font_size":{"unit":"px","size":45,"sizes":[]},"_margin":{"unit":"px","top":"0","right":"0","bottom":"25","left":"0","isLinked":false},"_padding":{"unit":"px","top":"0","right":"0","bottom":"15","left":"0","isLinked":false},"_border_border":"solid","_border_width":{"unit":"px","top":"0","right":"0","bottom":"1","left":"0","isLinked":false},"_border_color":"#e5e5e5"},"elements":[],"widgetType":"heading"},{"id":"59bdbc9","elType":"widget","settings":{"title":"Max Speed","header_size":"p","title_color":"#999999","typography_typography":"custom","typography_font_size":{"unit":"px","size":16,"sizes":[]},"typography_font_weight":"400","_margin":{"unit":"px","top":"0","right":"0","bottom":"0","left":"0","isLinked":false}},"elements":[],"widgetType":"heading"},{"id":"2442ee8","elType":"widget","settings":{"title":"5.2m\/s","title_color":"#252525","typography_typography":"custom","typography_font_size":{"unit":"px","size":45,"sizes":[]},"_margin":{"unit":"px","top":"0","right":"0","bottom":"25","left":"0","isLinked":false},"_padding":{"unit":"px","top":"0","right":"0","bottom":"15","left":"0","isLinked":false},"_border_border":"solid","_border_width":{"unit":"px","top":"0","right":"0","bottom":"1","left":"0","isLinked":false},"_border_color":"#e5e5e5"},"elements":[],"widgetType":"heading"}],"isInner":false},{"id":"b56e873","elType":"column","settings":{"_column_size":25,"_inline_size":null},"elements":[],"isInner":false},{"id":"a7b1114","elType":"column","settings":{"_column_size":25,"_inline_size":null},"elements":[],"isInner":false},{"id":"1e961a1","elType":"column","settings":{"_column_size":25,"_inline_size":null,"padding":{"unit":"px","top":"0","right":"0","bottom":"0","left":"0","isLinked":true}},"elements":[{"id":"49a31bf","elType":"widget","settings":{"title":"Flight Range","header_size":"p","align":"right","title_color":"#999999","typography_typography":"custom","typography_font_size":{"unit":"px","size":16,"sizes":[]},"typography_font_weight":"400","_margin":{"unit":"px","top":"0","right":"0","bottom":"0","left":"0","isLinked":false}},"elements":[],"widgetType":"heading"},{"id":"f87eb92","elType":"widget","settings":{"title":"320m","align":"right","title_color":"#252525","typography_typography":"custom","typography_font_size":{"unit":"px","size":45,"sizes":[]},"_margin":{"unit":"px","top":"0","right":"0","bottom":"25","left":"0","isLinked":false},"_padding":{"unit":"px","top":"0","right":"0","bottom":"15","left":"0","isLinked":false},"_border_border":"solid","_border_width":{"unit":"px","top":"0","right":"0","bottom":"1","left":"0","isLinked":false},"_border_color":"#e5e5e5"},"elements":[],"widgetType":"heading"},{"id":"2a13b96","elType":"widget","settings":{"title":"Flight Time","header_size":"p","align":"right","title_color":"#999999","typography_typography":"custom","typography_font_size":{"unit":"px","size":16,"sizes":[]},"typography_font_weight":"400","_margin":{"unit":"px","top":"0","right":"0","bottom":"0","left":"0","isLinked":false}},"elements":[],"widgetType":"heading"},{"id":"89e249b","elType":"widget","settings":{"title":"27mi","align":"right","title_color":"#252525","typography_typography":"custom","typography_font_size":{"unit":"px","size":45,"sizes":[]},"_margin":{"unit":"px","top":"0","right":"0","bottom":"25","left":"0","isLinked":false},"_padding":{"unit":"px","top":"0","right":"0","bottom":"15","left":"0","isLinked":false},"_border_border":"solid","_border_width":{"unit":"px","top":"0","right":"0","bottom":"1","left":"0","isLinked":false},"_border_color":"#e5e5e5"},"elements":[],"widgetType":"heading"}],"isInner":false}],"isInner":false},{"id":"07449e2","elType":"section","settings":{"structure":"20","margin":{"unit":"px","top":"0","right":0,"bottom":"85","left":0,"isLinked":false}},"elements":[{"id":"74a7c39","elType":"column","settings":{"_column_size":50,"_inline_size":null,"padding":{"unit":"px","top":"0","right":"15","bottom":"0","left":"0","isLinked":false}},"elements":[{"id":"f4507a9","elType":"widget","settings":{"title":"AIRCRAFT","title_color":"#0c0c0c","typography_typography":"custom","typography_font_size":{"unit":"px","size":24,"sizes":[]},"typography_font_weight":"600","typography_letter_spacing":{"unit":"px","size":0.5,"sizes":[]},"_margin":{"unit":"px","top":"0","right":"0","bottom":"10","left":"0","isLinked":false}},"elements":[],"widgetType":"heading"},{"id":"68081c1","elType":"widget","settings":{"editor":"<ul class=\"list-description\"><li><span class=\"text-left\" style=\"color: #00aeee;\">Weight (Battery &amp; Propellers Included)<\/span><span class=\"text-right\">1216 g<\/span><\/li><li><span class=\"text-left\" style=\"color: #00aeee;\">Diagonal Size (Propellers Excluded)<\/span><span class=\"text-right\">350 mm<\/span><\/li><li><span class=\"text-left\" style=\"color: #00aeee;\">Max Ascent Speed<\/span><span class=\"text-right\">5 m\/s<\/span><\/li><li><span class=\"text-left\" style=\"color: #00aeee;\">Max Descent Speed<\/span><span class=\"text-right\">3 m\/s<\/span><\/li><li><span class=\"text-left\" style=\"color: #00aeee;\">Max Speed<\/span><span class=\"text-right\">16 m\/s (ATTI mode)<\/span><\/li><li><span class=\"text-left\" style=\"color: #00aeee;\">Max Tilt Angle<\/span><span class=\"text-right\">35\u00b0<\/span><\/li><li><span class=\"text-left\" style=\"color: #00aeee;\">Max Angular Speed<\/span><span class=\"text-right\">150\u00b0\/s<\/span><\/li><li><span class=\"text-left\" style=\"color: #00aeee;\">Max Service Ceiling Above Sea Level<\/span><span class=\"text-right\">19685 feet (6000 m)<\/span><\/li><li><span class=\"text-left\" style=\"color: #00aeee;\">Max Flight Time<\/span><span class=\"text-right\">Approx. 25 minutes<\/span><\/li><li><span class=\"text-left\" style=\"color: #00aeee;\">Operating Temperature Range<\/span><span class=\"text-right\">32\u00b0 to 104\u00b0F (0\u00b0 to 40\u00b0C)<\/span><\/li><li><span class=\"text-left\" style=\"color: #00aeee;\">Satellite Positioning Systems<\/span><span class=\"text-right\">GPS<\/span><\/li><li><span class=\"text-left\" style=\"color: #00aeee;\">Hover Accuracy Range<\/span><span class=\"text-right\">Vertical:<br \/>\u00b10.5 m<br \/>Horizontal:<br \/>\u00b11.5 m<\/span><\/li><\/ul>","typography_typography":"custom","typography_font_size":{"unit":"px","size":14,"sizes":[]}},"elements":[],"widgetType":"text-editor"}],"isInner":false},{"id":"65cf4ba","elType":"column","settings":{"_column_size":50,"_inline_size":null,"padding":{"unit":"px","top":"0","right":"0","bottom":"0","left":"15","isLinked":false}},"elements":[{"id":"bc02108","elType":"widget","settings":{"title":"GIMBAL","title_color":"#0c0c0c","typography_typography":"custom","typography_font_size":{"unit":"px","size":24,"sizes":[]},"typography_font_weight":"600","typography_letter_spacing":{"unit":"px","size":0.5,"sizes":[]},"_margin":{"unit":"px","top":"0","right":"0","bottom":"10","left":"0","isLinked":false}},"elements":[],"widgetType":"heading"},{"id":"8f62ea1","elType":"widget","settings":{"editor":"<ul class=\"list-description\"><li><span class=\"text-left\" style=\"color: #00aeee;\">Stabilization<\/span><span class=\"text-right\">3-axis (pitch, roll, yaw)<\/span><\/li><li><span class=\"text-left\" style=\"color: #00aeee;\">Controllable Range<\/span><span class=\"text-right\">Pitch: -90\u00b0 to +30\u00b0<\/span><\/li><li><span class=\"text-left\" style=\"color: #00aeee;\">Max Controllable Angular Speed<\/span><span class=\"text-right\">Pitch: 90\u00b0\/s<\/span><\/li><li><span class=\"text-left\" style=\"color: #00aeee;\">Angular Control Accuracy<\/span><span class=\"text-right\">\u00b10.02\u00b0<\/span><\/li><\/ul>","typography_typography":"custom","typography_font_size":{"unit":"px","size":14,"sizes":[]}},"elements":[],"widgetType":"text-editor"},{"id":"0ee6530","elType":"widget","settings":{"title":"REMOTE CONTROLLER","title_color":"#0c0c0c","typography_typography":"custom","typography_font_size":{"unit":"px","size":24,"sizes":[]},"typography_font_weight":"600","typography_letter_spacing":{"unit":"px","size":0.5,"sizes":[]},"_margin":{"unit":"px","top":"0","right":"0","bottom":"10","left":"0","isLinked":false}},"elements":[],"widgetType":"heading"},{"id":"44585f4","elType":"widget","settings":{"editor":"<ul class=\"list-description\">\n<li><span class=\"text-left\" style=\"color: #00aeee;\">Operating Frequency<\/span><span class=\"text-right\">5.725 \u2013 5.825 GHz, 922.7 \u2013 927.7 MHz (Japan)<\/span><\/li>\n<li><span class=\"text-left\" style=\"color: #00aeee;\">Max Transmission Distance<\/span><span class=\"text-right\">FCC: 1000 m<br>\nCE: 500 m<br>\n(outdoors and unobstructed, aircraft\u2019s altitude at 400 feet (120 m))<\/span><\/li>\n<li><span class=\"text-left\" style=\"color: #00aeee;\">Operating Current\/Voltage<\/span><span class=\"text-right\">600 mA@3.7V<\/span><\/li>\n<li><span class=\"text-left\" style=\"color: #00aeee;\">Mobile Device Holder<\/span><span class=\"text-right\">Tablets and smart phones<\/span><\/li>\n<li><span class=\"text-left\" style=\"color: #00aeee;\">Charging Port<\/span><span class=\"text-right\">Micro USB<\/span><\/li>\n<\/ul>","typography_typography":"custom","typography_font_size":{"unit":"px","size":14,"sizes":[]},"typography_line_height":{"unit":"px","size":32,"sizes":[]}},"elements":[],"widgetType":"text-editor"}],"isInner":false}],"isInner":false},{"id":"e2875a0","elType":"section","settings":{"stretch_section":"section-stretched","layout":"full_width"},"elements":[{"id":"82fd177","elType":"column","settings":{"_column_size":100,"padding":{"unit":"px","top":"0","right":"0","bottom":"0","left":"0","isLinked":true}},"elements":[{"id":"376356a","elType":"widget","settings":{"slides":[{"heading":"Kodo Drone Red ","description":"Drone WIFI FPV con 4K 30fps & 1080P Camera 3-Assi <br>Sospensione Cardanica RC Quadricottero <br><br>\n<span class=\"accent-color\" style=\"font-size:34px\">$360.00 <\/span><del style=\"font-size:20px; color:#999\">$450.00 <\/del>","button_text":"Add to Cart","background_color":"#3d70b2","_id":"acda933","background_image":{"url":"http:\/\/kodo.wp1.zootemplate.com\/wp-content\/uploads\/2017\/09\/kodo-image-110.jpg","id":2596},"background_video":"","background_video_sound":"","background_size":"cover","background_ken_burns":"","zoom_direction":"in","background_overlay":"yes","background_overlay_color":"","background_overlay_blend_mode":"","background_animation":"inherit","background_transition_duration":1000,"button_style":"normal","link":{"url":"","is_external":"","nofollow":""},"link_click":"slide","content_animation":"inherit","content_transition_duration":500,"custom_style":"yes","content_max_width":{"unit":"%","size":"100","sizes":[]},"content_max_width_tablet":{"unit":"%","size":"","sizes":[]},"content_max_width_mobile":{"unit":"%","size":"","sizes":[]},"slides_padding":{"unit":"px","top":"","right":"","bottom":"","left":"","isLinked":true},"slides_padding_tablet":{"unit":"px","top":"","right":"","bottom":"","left":"","isLinked":true},"slides_padding_mobile":{"unit":"px","top":"","right":"","bottom":"","left":"","isLinked":true},"horizontal_position":"","horizontal_position_tablet":"","horizontal_position_mobile":"","vertical_position":"","vertical_position_tablet":"","vertical_position_mobile":"","text_align":"left","text_align_tablet":"","text_align_mobile":"","heading_color":"","des_color":"","button_color":"","button_bg":"","button_color_hover":"","button_bg_hover":"","enable":"","min_width":{"unit":"px","size":767,"sizes":[]},"max_width":{"unit":"px","size":1024,"sizes":[]},"hidden":"","width":{"unit":"%","size":100,"sizes":[]},"font_size":{"unit":"px","size":16,"sizes":[]},"line_height":{"unit":"px","size":16,"sizes":[]},"margin":{"unit":"px","top":"","right":"","bottom":"","left":"","isLinked":true},"padding":{"unit":"px","top":"","right":"","bottom":"","left":"","isLinked":true},"align":""},{"heading":"Kodo Drone Grey ","description":"Drone WIFI FPV con 4K 30fps & 1080P Camera 3-Assi <br>Sospensione Cardanica RC Quadricottero <br><br>\n<span class=\"accent-color\" style=\"font-size:34px\">$380.00 <\/span><del style=\"font-size:20px; color:#999\">$430.00 <\/del>","button_text":"Add to Cart","background_color":"#3d70b2","_id":"804ec1e","background_image":{"url":"http:\/\/kodo.wp1.zootemplate.com\/wp-content\/uploads\/2017\/09\/kodo-image-111.jpg","id":2597},"background_video":"","background_video_sound":"","background_size":"cover","background_ken_burns":"","zoom_direction":"in","background_overlay":"yes","background_overlay_color":"","background_overlay_blend_mode":"","background_animation":"inherit","background_transition_duration":1000,"button_style":"normal","link":{"url":"","is_external":"","nofollow":""},"link_click":"slide","content_animation":"inherit","content_transition_duration":500,"custom_style":"yes","content_max_width":{"unit":"%","size":"100","sizes":[]},"content_max_width_tablet":{"unit":"%","size":"","sizes":[]},"content_max_width_mobile":{"unit":"%","size":"","sizes":[]},"slides_padding":{"unit":"px","top":"","right":"","bottom":"","left":"","isLinked":true},"slides_padding_tablet":{"unit":"px","top":"","right":"","bottom":"","left":"","isLinked":true},"slides_padding_mobile":{"unit":"px","top":"","right":"","bottom":"","left":"","isLinked":true},"horizontal_position":"","horizontal_position_tablet":"","horizontal_position_mobile":"","vertical_position":"","vertical_position_tablet":"","vertical_position_mobile":"","text_align":"left","text_align_tablet":"","text_align_mobile":"","heading_color":"","des_color":"","button_color":"","button_bg":"","button_color_hover":"","button_bg_hover":"","enable":"","min_width":{"unit":"px","size":767,"sizes":[]},"max_width":{"unit":"px","size":1024,"sizes":[]},"hidden":"","width":{"unit":"%","size":100,"sizes":[]},"font_size":{"unit":"px","size":16,"sizes":[]},"line_height":{"unit":"px","size":16,"sizes":[]},"margin":{"unit":"px","top":"","right":"","bottom":"","left":"","isLinked":true},"padding":{"unit":"px","top":"","right":"","bottom":"","left":"","isLinked":true},"align":""},{"heading":"Kodo Drone Brown ","description":"Drone WIFI FPV con 4K 30fps & 1080P Camera 3-Assi <br>Sospensione Cardanica RC Quadricottero <br><br>\n<span class=\"accent-color\" style=\"font-size:34px\">$340.00 <\/span><del style=\"font-size:20px; color:#999\">$410.00 <\/del>","button_text":"Add to Cart","background_color":"#3d70b2","_id":"43a28be","background_image":{"url":"http:\/\/kodo.wp1.zootemplate.com\/wp-content\/uploads\/2017\/09\/kodo-image-112.jpg","id":2598},"background_video":"","background_video_sound":"","background_size":"cover","background_ken_burns":"","zoom_direction":"in","background_overlay":"yes","background_overlay_color":"","background_overlay_blend_mode":"","background_animation":"inherit","background_transition_duration":1000,"button_style":"normal","link":{"url":"","is_external":"","nofollow":""},"link_click":"slide","content_animation":"inherit","content_transition_duration":500,"custom_style":"yes","content_max_width":{"unit":"%","size":"100","sizes":[]},"content_max_width_tablet":{"unit":"%","size":"","sizes":[]},"content_max_width_mobile":{"unit":"%","size":"","sizes":[]},"slides_padding":{"unit":"px","top":"","right":"","bottom":"","left":"","isLinked":true},"slides_padding_tablet":{"unit":"px","top":"","right":"","bottom":"","left":"","isLinked":true},"slides_padding_mobile":{"unit":"px","top":"","right":"","bottom":"","left":"","isLinked":true},"horizontal_position":"","horizontal_position_tablet":"","horizontal_position_mobile":"","vertical_position":"","vertical_position_tablet":"","vertical_position_mobile":"","text_align":"left","text_align_tablet":"","text_align_mobile":"","heading_color":"","des_color":"","button_color":"","button_bg":"","button_color_hover":"","button_bg_hover":"","enable":"","min_width":{"unit":"px","size":767,"sizes":[]},"max_width":{"unit":"px","size":1024,"sizes":[]},"hidden":"","width":{"unit":"%","size":100,"sizes":[]},"font_size":{"unit":"px","size":16,"sizes":[]},"line_height":{"unit":"px","size":16,"sizes":[]},"margin":{"unit":"px","top":"","right":"","bottom":"","left":"","isLinked":true},"padding":{"unit":"px","top":"","right":"","bottom":"","left":"","isLinked":true},"align":""}],"slides_height":{"unit":"px","size":660,"sizes":[]},"slides_width":{"unit":"px","size":1240,"sizes":[]},"transition":"fade","heading_typography_typography":"custom","heading_typography_font_size":{"unit":"px","size":56,"sizes":[]},"heading_typography_font_weight":"500","description_typography_typography":"custom","button_size":"md","button_typography_typography":"custom","button_border_width":{"unit":"px","size":2,"sizes":[]},"dots_style":"line","description_spacing":{"unit":"px","size":35,"sizes":[]},"description_typography_font_size":{"unit":"px","size":18,"sizes":[]},"button_typography_font_size":{"unit":"px","size":14,"sizes":[]},"button_typography_font_weight":"600","button_background_color":"#252525","button_border_color":"#dc2f47","button_hover_text_color":"#dc2f47","button_hover_background_color":"#ffffff","button_hover_border_color":"#dc2f47","arrows_size":{"unit":"px","size":60,"sizes":[]},"heading_color":"#252525","description_color":"#252525","button_padding":{"unit":"px","top":"16","right":"25","bottom":"15","left":"25","isLinked":false},"heading_typography_font_size_mobile":{"unit":"px","size":28,"sizes":[]},"description_typography_font_size_mobile":{"unit":"px","size":16,"sizes":[]},"content_animation":"bounceInLeft","arrow_left_icon":"cs-font clever-icon-arrow-left-1","arrow_right_icon":"cs-font clever-icon-arrow-right-1"},"elements":[],"widgetType":"clever-slider"}],"isInner":false}],"isInner":false}]]]></wp:meta_value>
		</wp:postmeta>
		<wp:postmeta>
			<wp:meta_key><![CDATA[_oembed_dc2b4afd0dc2ac8f677300c51236d187]]></wp:meta_key>
			<wp:meta_value><![CDATA[<iframe title="Video Placeholder" width="992" height="558" src="https://www.youtube.com/embed/XHOmBV4js_E?enablejsapi=1" frameborder="0" allow="accelerometer; autoplay; encrypted-media; gyroscope; picture-in-picture" allowfullscreen id="yt-XHOmBV4js_E"></iframe>]]></wp:meta_value>
		</wp:postmeta>
		<wp:postmeta>
			<wp:meta_key><![CDATA[_oembed_time_dc2b4afd0dc2ac8f677300c51236d187]]></wp:meta_key>
			<wp:meta_value><![CDATA[1564394307]]></wp:meta_value>
		</wp:postmeta>
		<wp:postmeta>
			<wp:meta_key><![CDATA[_oembed_e1e1ef93f875033800e14b488621271c]]></wp:meta_key>
			<wp:meta_value><![CDATA[<iframe title="DJI – Introducing Phantom 4 Pro" width="992" height="558" src="https://www.youtube.com/embed/ZVNO-fib6fg?enablejsapi=1" frameborder="0" allow="accelerometer; autoplay; encrypted-media; gyroscope; picture-in-picture" allowfullscreen id="yt-ZVNO-fib6fg"></iframe>]]></wp:meta_value>
		</wp:postmeta>
		<wp:postmeta>
			<wp:meta_key><![CDATA[_oembed_time_e1e1ef93f875033800e14b488621271c]]></wp:meta_key>
			<wp:meta_value><![CDATA[1564394354]]></wp:meta_value>
		</wp:postmeta>
		<wp:postmeta>
			<wp:meta_key><![CDATA[clever_elementor_header_template]]></wp:meta_key>
			<wp:meta_value><![CDATA[header-eight]]></wp:meta_value>
		</wp:postmeta>
		<wp:postmeta>
			<wp:meta_key><![CDATA[clever_elementor_footer_template]]></wp:meta_key>
			<wp:meta_value><![CDATA[footer-five]]></wp:meta_value>
		</wp:postmeta>
	</item>
</channel>
</rss>
