<?xml version="1.0" encoding="UTF-8" ?>
<!-- This is a WordPress eXtended RSS file generated by WordPress as an export of your site. -->
<!-- It contains information about your site's posts, pages, comments, categories, and other content. -->
<!-- You may use this file to transfer that content from one site to another. -->
<!-- This file is not intended to serve as a complete backup of your site. -->

<!-- To import this information into a WordPress site follow these steps: -->
<!-- 1. Log in to that site as an administrator. -->
<!-- 2. Go to Tools: Import in the WordPress admin panel. -->
<!-- 3. Install the "WordPress" importer from the list. -->
<!-- 4. Activate & Run Importer. -->
<!-- 5. Upload this file using the form provided on that page. -->
<!-- 6. You will first be asked to map the authors in this export file to users -->
<!--    on the site. For each author, you may choose to map to an -->
<!--    existing user on the site or to create a new user. -->
<!-- 7. WordPress will then import each of the posts, pages, comments, categories, etc. -->
<!--    contained in this file into your site. -->

<!-- generator="WordPress/5.6" created="2021-02-03 09:15" -->
<rss version="2.0"
	xmlns:excerpt="http://wordpress.org/export/1.2/excerpt/"
	xmlns:content="http://purl.org/rss/1.0/modules/content/"
	xmlns:wfw="http://wellformedweb.org/CommentAPI/"
	xmlns:dc="http://purl.org/dc/elements/1.1/"
	xmlns:wp="http://wordpress.org/export/1.2/"
>

<channel>
	<title>Kodo</title>
	<link>http://kodo.wp1.zootemplate.com</link>
	<description>Just another WordPress site</description>
	<pubDate>Wed, 03 Feb 2021 09:15:11 +0000</pubDate>
	<language>en-US</language>
	<wp:wxr_version>1.2</wp:wxr_version>
	<wp:base_site_url>http://kodo.wp1.zootemplate.com</wp:base_site_url>
	<wp:base_blog_url>http://kodo.wp1.zootemplate.com</wp:base_blog_url>

	<wp:author><wp:author_id>2</wp:author_id><wp:author_login><![CDATA[clever]]></wp:author_login><wp:author_email><![CDATA[clever@gmail.com]]></wp:author_email><wp:author_display_name><![CDATA[clever]]></wp:author_display_name><wp:author_first_name><![CDATA[Nguyen]]></wp:author_first_name><wp:author_last_name><![CDATA[Toan]]></wp:author_last_name></wp:author>


	<generator>https://wordpress.org/?v=5.6</generator>

	<item>
		<title>Home 7</title>
		<link>http://kodo.wp1.zootemplate.com/home-7/</link>
		<pubDate>Fri, 11 Aug 2017 09:14:00 +0000</pubDate>
		<dc:creator><![CDATA[clever]]></dc:creator>
		<guid isPermaLink="false">http://wp.rivertheme.com/zoo-kodo/?page_id=2184</guid>
		<description></description>
		<content:encoded><![CDATA[<h2>Shop with Instagram</h2>		
		<p>New Style, New Color, Trending &amp; Unique for Fashion All product update in Instagram</p>]]></content:encoded>
		<excerpt:encoded><![CDATA[]]></excerpt:encoded>
		<wp:post_id>2184</wp:post_id>
		<wp:post_date><![CDATA[2017-08-11 09:14:00]]></wp:post_date>
		<wp:post_date_gmt><![CDATA[2017-08-11 09:14:00]]></wp:post_date_gmt>
		<wp:comment_status><![CDATA[closed]]></wp:comment_status>
		<wp:ping_status><![CDATA[closed]]></wp:ping_status>
		<wp:post_name><![CDATA[home-7]]></wp:post_name>
		<wp:status><![CDATA[publish]]></wp:status>
		<wp:post_parent>0</wp:post_parent>
		<wp:menu_order>0</wp:menu_order>
		<wp:post_type><![CDATA[page]]></wp:post_type>
		<wp:post_password><![CDATA[]]></wp:post_password>
		<wp:is_sticky>0</wp:is_sticky>
		<wp:postmeta>
			<wp:meta_key><![CDATA[_vc_post_settings]]></wp:meta_key>
			<wp:meta_value><![CDATA[a:1:{s:10:"vc_grid_id";a:0:{}}]]></wp:meta_value>
		</wp:postmeta>
		<wp:postmeta>
			<wp:meta_key><![CDATA[_wpb_shortcodes_custom_css]]></wp:meta_key>
			<wp:meta_value><![CDATA[.vc_custom_1502944246306{padding-top: 130px !important;padding-bottom: 135px !important;}]]></wp:meta_value>
		</wp:postmeta>
		<wp:postmeta>
			<wp:meta_key><![CDATA[_vc_post_settings]]></wp:meta_key>
			<wp:meta_value><![CDATA[a:1:{s:10:"vc_grid_id";a:0:{}}]]></wp:meta_value>
		</wp:postmeta>
		<wp:postmeta>
			<wp:meta_key><![CDATA[slide_template]]></wp:meta_key>
			<wp:meta_value><![CDATA[default]]></wp:meta_value>
		</wp:postmeta>
		<wp:postmeta>
			<wp:meta_key><![CDATA[_wpb_vc_js_status]]></wp:meta_key>
			<wp:meta_value><![CDATA[true]]></wp:meta_value>
		</wp:postmeta>
		<wp:postmeta>
			<wp:meta_key><![CDATA[_the_champ_meta]]></wp:meta_key>
			<wp:meta_value><![CDATA[a:5:{s:7:"sharing";i:0;s:16:"vertical_sharing";i:0;s:7:"counter";i:0;s:16:"vertical_counter";i:0;s:11:"fb_comments";i:0;}]]></wp:meta_value>
		</wp:postmeta>
		<wp:postmeta>
			<wp:meta_key><![CDATA[zoo_single_page_padding_top]]></wp:meta_key>
			<wp:meta_value><![CDATA[inherit]]></wp:meta_value>
		</wp:postmeta>
		<wp:postmeta>
			<wp:meta_key><![CDATA[zoo_single_page_padding_bottom]]></wp:meta_key>
			<wp:meta_value><![CDATA[inherit]]></wp:meta_value>
		</wp:postmeta>
		<wp:postmeta>
			<wp:meta_key><![CDATA[zoo_site_layout]]></wp:meta_key>
			<wp:meta_value><![CDATA[inherit]]></wp:meta_value>
		</wp:postmeta>
		<wp:postmeta>
			<wp:meta_key><![CDATA[zoo_site_layout_box_shadow]]></wp:meta_key>
			<wp:meta_value><![CDATA[1]]></wp:meta_value>
		</wp:postmeta>
		<wp:postmeta>
			<wp:meta_key><![CDATA[zoo_site_background_color]]></wp:meta_key>
			<wp:meta_value><![CDATA[#fff]]></wp:meta_value>
		</wp:postmeta>
		<wp:postmeta>
			<wp:meta_key><![CDATA[zoo_site_background_size]]></wp:meta_key>
			<wp:meta_value><![CDATA[cover]]></wp:meta_value>
		</wp:postmeta>
		<wp:postmeta>
			<wp:meta_key><![CDATA[zoo_site_background_repeat]]></wp:meta_key>
			<wp:meta_value><![CDATA[no-repeat]]></wp:meta_value>
		</wp:postmeta>
		<wp:postmeta>
			<wp:meta_key><![CDATA[zoo_site_background_position]]></wp:meta_key>
			<wp:meta_value><![CDATA[center center]]></wp:meta_value>
		</wp:postmeta>
		<wp:postmeta>
			<wp:meta_key><![CDATA[zoo_site_background_attachment]]></wp:meta_key>
			<wp:meta_value><![CDATA[scroll]]></wp:meta_value>
		</wp:postmeta>
		<wp:postmeta>
			<wp:meta_key><![CDATA[zoo_header_custom_menu]]></wp:meta_key>
			<wp:meta_value><![CDATA[none]]></wp:meta_value>
		</wp:postmeta>
		<wp:postmeta>
			<wp:meta_key><![CDATA[zoo_hide_tag_line]]></wp:meta_key>
			<wp:meta_value><![CDATA[0]]></wp:meta_value>
		</wp:postmeta>
		<wp:postmeta>
			<wp:meta_key><![CDATA[zoo_disable_title]]></wp:meta_key>
			<wp:meta_value><![CDATA[1]]></wp:meta_value>
		</wp:postmeta>
		<wp:postmeta>
			<wp:meta_key><![CDATA[zoo_disable_breadcrumbs]]></wp:meta_key>
			<wp:meta_value><![CDATA[1]]></wp:meta_value>
		</wp:postmeta>
		<wp:postmeta>
			<wp:meta_key><![CDATA[zoo_header_top]]></wp:meta_key>
			<wp:meta_value><![CDATA[1]]></wp:meta_value>
		</wp:postmeta>
		<wp:postmeta>
			<wp:meta_key><![CDATA[zoo_header_layout]]></wp:meta_key>
			<wp:meta_value><![CDATA[stack-center-2]]></wp:meta_value>
		</wp:postmeta>
		<wp:postmeta>
			<wp:meta_key><![CDATA[zoo_header_hide_border_bottom]]></wp:meta_key>
			<wp:meta_value><![CDATA[0]]></wp:meta_value>
		</wp:postmeta>
		<wp:postmeta>
			<wp:meta_key><![CDATA[zoo_header_transparent]]></wp:meta_key>
			<wp:meta_value><![CDATA[0]]></wp:meta_value>
		</wp:postmeta>
		<wp:postmeta>
			<wp:meta_key><![CDATA[zoo_header_fullwidth]]></wp:meta_key>
			<wp:meta_value><![CDATA[0]]></wp:meta_value>
		</wp:postmeta>
		<wp:postmeta>
			<wp:meta_key><![CDATA[zoo_show_newsletter]]></wp:meta_key>
			<wp:meta_value><![CDATA[0]]></wp:meta_value>
		</wp:postmeta>
		<wp:postmeta>
			<wp:meta_key><![CDATA[zoo_top_footer]]></wp:meta_key>
			<wp:meta_value><![CDATA[1]]></wp:meta_value>
		</wp:postmeta>
		<wp:postmeta>
			<wp:meta_key><![CDATA[zoo_main_footer]]></wp:meta_key>
			<wp:meta_value><![CDATA[0]]></wp:meta_value>
		</wp:postmeta>
		<wp:postmeta>
			<wp:meta_key><![CDATA[zoo_footer_layout]]></wp:meta_key>
			<wp:meta_value><![CDATA[style3]]></wp:meta_value>
		</wp:postmeta>
		<wp:postmeta>
			<wp:meta_key><![CDATA[zoo_main_footer_color]]></wp:meta_key>
			<wp:meta_value><![CDATA[#777]]></wp:meta_value>
		</wp:postmeta>
		<wp:postmeta>
			<wp:meta_key><![CDATA[zoo_main_footer_link_color]]></wp:meta_key>
			<wp:meta_value><![CDATA[#777]]></wp:meta_value>
		</wp:postmeta>
		<wp:postmeta>
			<wp:meta_key><![CDATA[zoo_main_footer_link_color_hover]]></wp:meta_key>
			<wp:meta_value><![CDATA[#dc2f47]]></wp:meta_value>
		</wp:postmeta>
		<wp:postmeta>
			<wp:meta_key><![CDATA[zoo_main_footer_block_title_color]]></wp:meta_key>
			<wp:meta_value><![CDATA[#222]]></wp:meta_value>
		</wp:postmeta>
		<wp:postmeta>
			<wp:meta_key><![CDATA[zoo_main_footer_background_color]]></wp:meta_key>
			<wp:meta_value><![CDATA[#fff]]></wp:meta_value>
		</wp:postmeta>
		<wp:postmeta>
			<wp:meta_key><![CDATA[zoo_main_footer_field_background_color]]></wp:meta_key>
			<wp:meta_value><![CDATA[#f5f5f5]]></wp:meta_value>
		</wp:postmeta>
		<wp:postmeta>
			<wp:meta_key><![CDATA[zoo_footer_color]]></wp:meta_key>
			<wp:meta_value><![CDATA[#777]]></wp:meta_value>
		</wp:postmeta>
		<wp:postmeta>
			<wp:meta_key><![CDATA[zoo_footer_link_color]]></wp:meta_key>
			<wp:meta_value><![CDATA[#777]]></wp:meta_value>
		</wp:postmeta>
		<wp:postmeta>
			<wp:meta_key><![CDATA[zoo_footer_link_color_hover]]></wp:meta_key>
			<wp:meta_value><![CDATA[#dc2f47]]></wp:meta_value>
		</wp:postmeta>
		<wp:postmeta>
			<wp:meta_key><![CDATA[zoo_footer_border_color]]></wp:meta_key>
			<wp:meta_value><![CDATA[#ebebeb]]></wp:meta_value>
		</wp:postmeta>
		<wp:postmeta>
			<wp:meta_key><![CDATA[zoo_footer_background_color]]></wp:meta_key>
			<wp:meta_value><![CDATA[#fff]]></wp:meta_value>
		</wp:postmeta>
		<wp:postmeta>
			<wp:meta_key><![CDATA[_wpb_shortcodes_custom_css]]></wp:meta_key>
			<wp:meta_value><![CDATA[.vc_custom_1502944246306{padding-top: 130px !important;padding-bottom: 135px !important;}]]></wp:meta_value>
		</wp:postmeta>
		<wp:postmeta>
			<wp:meta_key><![CDATA[_wxr_import_user_slug]]></wp:meta_key>
			<wp:meta_value><![CDATA[admin]]></wp:meta_value>
		</wp:postmeta>
		<wp:postmeta>
			<wp:meta_key><![CDATA[_edit_last]]></wp:meta_key>
			<wp:meta_value><![CDATA[1]]></wp:meta_value>
		</wp:postmeta>
		<wp:postmeta>
			<wp:meta_key><![CDATA[zoo_meta_page_header_template]]></wp:meta_key>
			<wp:meta_value><![CDATA[header-stack-center-two-1564019763]]></wp:meta_value>
		</wp:postmeta>
		<wp:postmeta>
			<wp:meta_key><![CDATA[zoo_meta_page_footer_template]]></wp:meta_key>
			<wp:meta_value><![CDATA[footer-copyright-center-1564105133]]></wp:meta_value>
		</wp:postmeta>
		<wp:postmeta>
			<wp:meta_key><![CDATA[_elementor_edit_mode]]></wp:meta_key>
			<wp:meta_value><![CDATA[builder]]></wp:meta_value>
		</wp:postmeta>
		<wp:postmeta>
			<wp:meta_key><![CDATA[_elementor_template_type]]></wp:meta_key>
			<wp:meta_value><![CDATA[wp-post]]></wp:meta_value>
		</wp:postmeta>
		<wp:postmeta>
			<wp:meta_key><![CDATA[_elementor_version]]></wp:meta_key>
			<wp:meta_value><![CDATA[3.0.16]]></wp:meta_value>
		</wp:postmeta>
		<wp:postmeta>
			<wp:meta_key><![CDATA[_wp_page_template]]></wp:meta_key>
			<wp:meta_value><![CDATA[default]]></wp:meta_value>
		</wp:postmeta>
		<wp:postmeta>
			<wp:meta_key><![CDATA[_elementor_elements_usage]]></wp:meta_key>
			<wp:meta_value><![CDATA[a:5:{s:7:"heading";i:1;s:11:"text-editor";i:1;s:16:"clever-instagram";i:1;s:6:"column";i:1;s:7:"section";i:1;}]]></wp:meta_value>
		</wp:postmeta>
		<wp:postmeta>
			<wp:meta_key><![CDATA[_elementor_data]]></wp:meta_key>
			<wp:meta_value><![CDATA[[{"id":"67f11f6","elType":"section","settings":{"stretch_section":"section-stretched","layout":"full_width","margin":{"unit":"px","top":"","right":0,"bottom":"","left":0,"isLinked":true},"height":"min-height","custom_height":{"unit":"vh","size":100,"sizes":[]},"background_background":"classic","background_image":{"url":"http:\/\/kodo.wp1.zootemplate.com\/wp-content\/uploads\/2017\/09\/kodo-image-35.jpg","id":2611},"cafe_custom_queries_items":[]},"elements":[{"id":"7b0d164","elType":"column","settings":{"_column_size":100,"padding":{"unit":"px","top":"0","right":"0","bottom":"0","left":"0","isLinked":true},"cafe_custom_queries_items":[]},"elements":[{"id":"3747cb6","elType":"widget","settings":{"title":"Shop with Instagram","align":"center","title_color":"#FFFFFF","typography_typography":"custom","typography_font_size":{"unit":"px","size":55,"sizes":[]},"typography_font_weight":"500","_margin":{"unit":"px","top":"0","right":"0","bottom":"20","left":"0","isLinked":false},"typography_font_size_mobile":{"unit":"px","size":38,"sizes":[]},"cafe_custom_queries_items":[]},"elements":[],"widgetType":"heading"},{"id":"1d10cbf","elType":"widget","settings":{"editor":"<p>New Style, New Color, Trending &amp; Unique for Fashion All product update in Instagram<\/p>","align":"center","_margin":{"unit":"px","top":"0","right":"0","bottom":"0","left":"0","isLinked":false},"text_color":"#FFFFFF","cafe_custom_queries_items":[]},"elements":[],"widgetType":"text-editor"}],"isInner":false}],"isInner":false}]]]></wp:meta_value>
		</wp:postmeta>
		<wp:postmeta>
			<wp:meta_key><![CDATA[clever_elementor_header_template]]></wp:meta_key>
			<wp:meta_value><![CDATA[header-seven]]></wp:meta_value>
		</wp:postmeta>
		<wp:postmeta>
			<wp:meta_key><![CDATA[clever_elementor_footer_template]]></wp:meta_key>
			<wp:meta_value><![CDATA[footer-two]]></wp:meta_value>
		</wp:postmeta>
		<wp:postmeta>
			<wp:meta_key><![CDATA[_elementor_controls_usage]]></wp:meta_key>
			<wp:meta_value><![CDATA[a:4:{s:7:"heading";a:3:{s:5:"count";i:1;s:15:"control_percent";i:3;s:8:"controls";a:3:{s:7:"content";a:1:{s:13:"section_title";a:2:{s:5:"title";i:1;s:5:"align";i:1;}}s:5:"style";a:1:{s:19:"section_title_style";a:5:{s:11:"title_color";i:1;s:21:"typography_typography";i:1;s:20:"typography_font_size";i:1;s:22:"typography_font_weight";i:1;s:27:"typography_font_size_mobile";i:1;}}s:8:"advanced";a:1:{s:14:"_section_style";a:1:{s:7:"_margin";i:1;}}}}s:11:"text-editor";a:3:{s:5:"count";i:1;s:15:"control_percent";i:2;s:8:"controls";a:3:{s:7:"content";a:1:{s:14:"section_editor";a:1:{s:6:"editor";i:1;}}s:5:"style";a:1:{s:13:"section_style";a:2:{s:5:"align";i:1;s:10:"text_color";i:1;}}s:8:"advanced";a:1:{s:14:"_section_style";a:1:{s:7:"_margin";i:1;}}}}s:6:"column";a:3:{s:5:"count";i:1;s:15:"control_percent";i:0;s:8:"controls";a:1:{s:8:"advanced";a:1:{s:16:"section_advanced";a:1:{s:7:"padding";i:1;}}}}s:7:"section";a:3:{s:5:"count";i:1;s:15:"control_percent";i:2;s:8:"controls";a:3:{s:6:"layout";a:1:{s:14:"section_layout";a:4:{s:15:"stretch_section";i:1;s:6:"layout";i:1;s:6:"height";i:1;s:13:"custom_height";i:1;}}s:8:"advanced";a:1:{s:16:"section_advanced";a:1:{s:6:"margin";i:1;}}s:5:"style";a:1:{s:18:"section_background";a:2:{s:21:"background_background";i:1;s:16:"background_image";i:1;}}}}}]]></wp:meta_value>
		</wp:postmeta>
	</item>
</channel>
</rss>
