<?xml version="1.0" encoding="UTF-8" ?>
<!-- This is a WordPress eXtended RSS file generated by WordPress as an export of your site. -->
<!-- It contains information about your site's posts, pages, comments, categories, and other content. -->
<!-- You may use this file to transfer that content from one site to another. -->
<!-- This file is not intended to serve as a complete backup of your site. -->

<!-- To import this information into a WordPress site follow these steps: -->
<!-- 1. Log in to that site as an administrator. -->
<!-- 2. Go to Tools: Import in the WordPress admin panel. -->
<!-- 3. Install the "WordPress" importer from the list. -->
<!-- 4. Activate & Run Importer. -->
<!-- 5. Upload this file using the form provided on that page. -->
<!-- 6. You will first be asked to map the authors in this export file to users -->
<!--    on the site. For each author, you may choose to map to an -->
<!--    existing user on the site or to create a new user. -->
<!-- 7. WordPress will then import each of the posts, pages, comments, categories, etc. -->
<!--    contained in this file into your site. -->

<!-- generator="WordPress/4.9.8" created="2018-11-05 09:47" -->
<rss version="2.0"
	xmlns:excerpt="http://wordpress.org/export/1.2/excerpt/"
	xmlns:content="http://purl.org/rss/1.0/modules/content/"
	xmlns:wfw="http://wellformedweb.org/CommentAPI/"
	xmlns:dc="http://purl.org/dc/elements/1.1/"
	xmlns:wp="http://wordpress.org/export/1.2/"
>

<channel>
	<title>Kodo</title>
	<link>http://kodo.wp3.zootemplate.com</link>
	<description>Just another WordPress site</description>
	<pubDate>Mon, 05 Nov 2018 09:47:10 +0000</pubDate>
	<language>en-US</language>
	<wp:wxr_version>1.2</wp:wxr_version>
	<wp:base_site_url>http://kodo.wp3.zootemplate.com</wp:base_site_url>
	<wp:base_blog_url>http://kodo.wp3.zootemplate.com</wp:base_blog_url>

	<wp:author><wp:author_id>1</wp:author_id><wp:author_login><![CDATA[clever]]></wp:author_login><wp:author_email><![CDATA[clever@gmail.com]]></wp:author_email><wp:author_display_name><![CDATA[clever]]></wp:author_display_name><wp:author_first_name><![CDATA[Nguyen]]></wp:author_first_name><wp:author_last_name><![CDATA[Toan]]></wp:author_last_name></wp:author>


	<generator>https://wordpress.org/?v=4.9.8</generator>

<image>
	<url>http://kodo.wp3.zootemplate.com/wp-content/uploads/2009/06/cleversoft_32x32.png</url>
	<title>Kodo</title>
	<link>http://kodo.wp3.zootemplate.com</link>
	<width>32</width>
	<height>32</height>
</image> 

	<item>
		<title>Home 11</title>
		<link>http://kodo.wp3.zootemplate.com/home-11</link>
		<pubDate>Tue, 22 Aug 2017 17:07:42 +0000</pubDate>
		<dc:creator><![CDATA[clever]]></dc:creator>
		<guid isPermaLink="false">http://wp.rivertheme.com/zoo-kodo/?page_id=2356</guid>
		<description></description>
		<content:encoded><![CDATA[[vc_row][vc_column][rev_slider_vc alias="home-11"][/vc_column][/vc_row][vc_row el_class="home11-box" css=".vc_custom_1503456609886{padding-top: 150px !important;padding-bottom: 25px !important;}"][vc_column width="1/2"][vc_single_image image="2374" img_size="full"][/vc_column][vc_column width="1/2" css=".vc_custom_1503456379215{padding-top: 35px !important;padding-left: 35px !important;}"][CleverHeading style="number" number="01." font_custom="yes" font_size="48px" line_height="45" text="Easy, Safe Flights"][vc_column_text]<span style="color: #999999;">Lorem ipsum dolor sit amet, consectetur adipiscing elit, sed do eiusmod tempor incididunt ut labore et dolore magna aliqua. Ut enim ad minim veniam quis nostrud.</span>[/vc_column_text][CleverLinks links="%5B%7B%22socail-link%22%3A%22url%3Ahttp%253A%252F%252F192.168.1.19%252Fwordpress%252Fzoo-kodo%252Fshop%252F%7Ctitle%3ALearn%2520More%7Ctarget%3A%2520_blank%7C%22%7D%5D"][/vc_column][/vc_row][vc_row el_class="home11-box" css=".vc_custom_1503456619530{padding-top: 60px !important;padding-bottom: 25px !important;}"][vc_column width="1/2" css=".vc_custom_1503456379215{padding-top: 35px !important;padding-left: 35px !important;}"][CleverHeading style="number" number="02." font_custom="yes" font_size="48px" line_height="45" text="Powerful Controller"][vc_column_text]<span style="color: #999999;">Lorem ipsum dolor sit amet, consectetur adipiscing elit, sed do eiusmod tempor incididunt ut labore et dolore magna aliqua. Ut enim ad minim veniam quis nostrud.</span>[/vc_column_text][CleverLinks links="%5B%7B%22socail-link%22%3A%22url%3Ahttp%253A%252F%252F192.168.1.19%252Fwordpress%252Fzoo-kodo%252Fshop%252F%7Ctitle%3ALearn%2520More%7Ctarget%3A%2520_blank%7C%22%7D%5D"][/vc_column][vc_column width="1/2"][vc_single_image image="2373" img_size="full"][/vc_column][/vc_row][vc_row el_class="home11-box" css=".vc_custom_1503563948245{padding-top: 60px !important;padding-bottom: 165px !important;}"][vc_column width="1/2"][vc_single_image image="2372" img_size="full"][/vc_column][vc_column width="1/2" css=".vc_custom_1503456379215{padding-top: 35px !important;padding-left: 35px !important;}"][CleverHeading style="number" number="03." font_custom="yes" font_size="48px" line_height="45" text="Unmatched Propulsion"][vc_column_text]<span style="color: #999999;">Lorem ipsum dolor sit amet, consectetur adipiscing elit, sed do eiusmod tempor incididunt ut labore et dolore magna aliqua. Ut enim ad minim veniam quis nostrud.</span>[/vc_column_text][CleverLinks links="%5B%7B%22socail-link%22%3A%22url%3Ahttp%253A%252F%252F192.168.1.19%252Fwordpress%252Fzoo-kodo%252Fshop%252F%7Ctitle%3ALearn%2520More%7Ctarget%3A%2520_blank%7C%22%7D%5D"][/vc_column][/vc_row][vc_row full_width="stretch_row_content_no_spaces"][vc_column][CleverBannerSlider banners="%5B%7B%22image%22%3A%222371%22%2C%22link%22%3A%22url%3Ahttp%253A%252F%252F192.168.1.19%252Fwordpress%252Fzoo-kodo%252Fshop%252F%7C%7Ctarget%3A%2520_blank%7C%22%7D%2C%7B%22image%22%3A%222370%22%2C%22link%22%3A%22url%3Ahttp%253A%252F%252F192.168.1.19%252Fwordpress%252Fzoo-kodo%252Fshop%252F%7C%7Ctarget%3A%2520_blank%7C%22%7D%2C%7B%22image%22%3A%222369%22%2C%22link%22%3A%22url%3Ahttp%253A%252F%252F192.168.1.19%252Fwordpress%252Fzoo-kodo%252Fshop%252F%7C%7Ctarget%3A%2520_blank%7C%22%7D%2C%7B%22image%22%3A%222368%22%2C%22link%22%3A%22url%3Ahttp%253A%252F%252F192.168.1.19%252Fwordpress%252Fzoo-kodo%252Fshop%252F%7C%7Ctarget%3A%2520_blank%7C%22%7D%5D" btn_link="" columns="4"][/vc_column][/vc_row][vc_row full_width="stretch_row_content_no_spaces" css=".vc_custom_1503565683619{padding-top: 170px !important;padding-bottom: 110px !important;}"][vc_column][CleverBannerSlider banners="%5B%7B%22image%22%3A%222364%22%2C%22title%22%3A%22Powerful%20Controller%22%2C%22subtitle%22%3A%2204.%22%2C%22description%22%3A%22Lorem%20ipsum%20dolor%20sit%20amet%2C%20consectetur%20adipiscing%20elit%2C%20sed%20do%20eiusmod%20tempor%20incididunt%20ut%20labore%20et%20dolore%20magna%20aliqua.%20Ut%20enim%20ad%20minim%20veniam%20quis%20nostrud.%22%2C%22link%22%3A%22url%3Ahttp%253A%252F%252F192.168.1.19%252Fwordpress%252Fzoo-kodo%252Fshop%252F%7Ctitle%3ALearn%2520More%7Ctarget%3A%2520_blank%7C%22%7D%2C%7B%22image%22%3A%222365%22%2C%22title%22%3A%22Easy%2C%20Safe%20Flights%22%2C%22subtitle%22%3A%2205.%22%2C%22description%22%3A%22Lorem%20ipsum%20dolor%20sit%20amet%2C%20consectetur%20adipiscing%20elit%2C%20sed%20do%20eiusmod%20tempor%20incididunt%20ut%20labore%20et%20dolore%20magna%20aliqua.%20Ut%20enim%20ad%20minim%20veniam%20quis%20nostrud.%22%2C%22link%22%3A%22url%3Ahttp%253A%252F%252F192.168.1.19%252Fwordpress%252Fzoo-kodo%252Fshop%252F%7Ctitle%3ALear%2520more%7Ctarget%3A%2520_blank%7C%22%7D%2C%7B%22image%22%3A%222363%22%2C%22title%22%3A%22Unmatched%20Propulsion%22%2C%22subtitle%22%3A%2206.%22%2C%22description%22%3A%22Lorem%20ipsum%20dolor%20sit%20amet%2C%20consectetur%20adipiscing%20elit%2C%20sed%20do%20eiusmod%20tempor%20incididunt%20ut%20labore%20et%20dolore%20magna%20aliqua.%20Ut%20enim%20ad%20minim%20veniam%20quis%20nostrud.%22%2C%22link%22%3A%22url%3Ahttp%253A%252F%252F192.168.1.19%252Fwordpress%252Fzoo-kodo%252Fshop%252F%7Ctitle%3ALear%2520more%7Ctarget%3A%2520_blank%7C%22%7D%5D" btn_link="1" columns="1" center_mode="1" center_padding="25%" el_class="style-3"][/vc_column][/vc_row][vc_row full_width="stretch_row" css=".vc_custom_1503460788758{padding-top: 180px !important;padding-bottom: 180px !important;background-image: url(http://wp.rivertheme.com/zoo-kodo/wp-content/uploads/2017/08/kodo-image-104.jpg?id=2367) !important;background-position: center !important;background-repeat: no-repeat !important;background-size: cover !important;}"][vc_column width="1/2"][vc_custom_heading text="Vision Positioning System" font_container="tag:h2|font_size:48px|text_align:left|line_height:1" use_theme_fonts="yes"][vc_column_text]Lorem ipsum dolor sit amet, consectetur adipiscing elit, sed do eiusmod tempor incididunt ut labore et dolore magna aliqua. Ut enim ad minim veniam quis nostrud.[/vc_column_text][/vc_column][vc_column width="1/2"][/vc_column][/vc_row][vc_row css=".vc_custom_1503565786820{padding-top: 130px !important;padding-bottom: 80px !important;}"][vc_column width="1/4"][vc_column_text]
<ul class="digital-list">
	<li><i>Weight</i>1.26kg</li>
	<li><i>Diagonal Size</i>3.5cm</li>
	<li><i>Max Speed</i>5.2m/s</li>
</ul>
[/vc_column_text][/vc_column][vc_column width="1/2"][vc_single_image image="2412" img_size="full"][/vc_column][vc_column width="1/4"][vc_column_text]
<ul class="digital-list text-right">
	<li><i>Flight Range</i>320m</li>
	<li><i>Flight Time</i>27mi</li>
</ul>
[/vc_column_text][/vc_column][/vc_row][vc_row el_class="feature-list" css=".vc_custom_1503565855502{padding-bottom: 90px !important;}"][vc_column width="1/2"][vc_custom_heading text="Aircraft" font_container="tag:h4|font_size:23px|text_align:left" use_theme_fonts="yes"][vc_column_text]
<ul class="list-description">
	<li><span class="text-left" style="color: #00aeee;">Weight (Battery &amp; Propellers Included)</span><span class="text-right">1216 g</span></li>
	<li><span class="text-left" style="color: #00aeee;">Diagonal Size (Propellers Excluded)</span><span class="text-right">350 mm</span></li>
	<li><span class="text-left" style="color: #00aeee;">Max Ascent Speed</span><span class="text-right">5 m/s</span></li>
	<li><span class="text-left" style="color: #00aeee;">Max Descent Speed</span><span class="text-right">3 m/s</span></li>
	<li><span class="text-left" style="color: #00aeee;">Max Speed</span><span class="text-right">16 m/s (ATTI mode)</span></li>
	<li><span class="text-left" style="color: #00aeee;">Max Tilt Angle</span><span class="text-right">35°</span></li>
	<li><span class="text-left" style="color: #00aeee;">Max Angular Speed</span><span class="text-right">150°/s</span></li>
	<li><span class="text-left" style="color: #00aeee;">Max Service Ceiling Above Sea Level</span><span class="text-right">19685 feet (6000 m)</span></li>
	<li><span class="text-left" style="color: #00aeee;">Max Flight Time</span><span class="text-right">Approx. 25 minutes</span></li>
	<li><span class="text-left" style="color: #00aeee;">Operating Temperature Range</span><span class="text-right">32° to 104°F (0° to 40°C)</span></li>
	<li><span class="text-left" style="color: #00aeee;">Satellite Positioning Systems</span><span class="text-right">GPS</span></li>
	<li><span class="text-left" style="color: #00aeee;">Hover Accuracy Range</span><span class="text-right">Vertical:
±0.5 m
Horizontal:
±1.5 m</span></li>
</ul>
[/vc_column_text][/vc_column][vc_column width="1/2"][vc_custom_heading text="Gimbal" font_container="tag:h4|font_size:23px|text_align:left" use_theme_fonts="yes"][vc_column_text]
<ul class="list-description">
	<li><span class="text-left" style="color: #00aeee;">Stabilization</span><span class="text-right">3-axis (pitch, roll, yaw)</span></li>
	<li><span class="text-left" style="color: #00aeee;">Controllable Range</span><span class="text-right">Pitch: -90° to +30°</span></li>
	<li><span class="text-left" style="color: #00aeee;">Max Controllable Angular Speed</span><span class="text-right">Pitch: 90°/s</span></li>
	<li><span class="text-left" style="color: #00aeee;">Angular Control Accuracy</span><span class="text-right">±0.02°</span></li>
</ul>
[/vc_column_text][vc_custom_heading text="Remote Controller" font_container="tag:h4|font_size:23px|text_align:left" use_theme_fonts="yes"][vc_column_text]
<ul class="list-description">
	<li><span class="text-left" style="color: #00aeee;">Operating Frequency</span><span class="text-right">5.725 - 5.825 GHz, 922.7 - 927.7 MHz (Japan)</span></li>
	<li><span class="text-left" style="color: #00aeee;">Max Transmission Distance</span><span class="text-right">FCC: 1000 m
CE: 500 m
(outdoors and unobstructed, aircraft's altitude at 400 feet (120 m))</span></li>
	<li><span class="text-left" style="color: #00aeee;">Operating Current/Voltage</span><span class="text-right">600 mA@3.7V</span></li>
	<li><span class="text-left" style="color: #00aeee;">Mobile Device Holder</span><span class="text-right">Tablets and smart phones</span></li>
	<li><span class="text-left" style="color: #00aeee;">Charging Port</span><span class="text-right">Micro USB</span></li>
</ul>
[/vc_column_text][/vc_column][/vc_row][vc_row][vc_column][rev_slider_vc alias="home-11-bottom"][/vc_column][/vc_row]]]></content:encoded>
		<excerpt:encoded><![CDATA[]]></excerpt:encoded>
		<wp:post_id>2356</wp:post_id>
		<wp:post_date><![CDATA[2017-08-22 17:07:42]]></wp:post_date>
		<wp:post_date_gmt><![CDATA[2017-08-22 17:07:42]]></wp:post_date_gmt>
		<wp:comment_status><![CDATA[closed]]></wp:comment_status>
		<wp:ping_status><![CDATA[closed]]></wp:ping_status>
		<wp:post_name><![CDATA[home-11]]></wp:post_name>
		<wp:status><![CDATA[publish]]></wp:status>
		<wp:post_parent>0</wp:post_parent>
		<wp:menu_order>0</wp:menu_order>
		<wp:post_type><![CDATA[page]]></wp:post_type>
		<wp:post_password><![CDATA[]]></wp:post_password>
		<wp:is_sticky>0</wp:is_sticky>
		<wp:postmeta>
			<wp:meta_key><![CDATA[_vc_post_settings]]></wp:meta_key>
			<wp:meta_value><![CDATA[a:1:{s:10:"vc_grid_id";a:0:{}}]]></wp:meta_value>
		</wp:postmeta>
		<wp:postmeta>
			<wp:meta_key><![CDATA[_wpb_shortcodes_custom_css]]></wp:meta_key>
			<wp:meta_value><![CDATA[.vc_custom_1503456609886{padding-top: 150px !important;padding-bottom: 25px !important;}.vc_custom_1503456619530{padding-top: 60px !important;padding-bottom: 25px !important;}.vc_custom_1503563948245{padding-top: 60px !important;padding-bottom: 165px !important;}.vc_custom_1503565683619{padding-top: 170px !important;padding-bottom: 110px !important;}.vc_custom_1503460788758{padding-top: 180px !important;padding-bottom: 180px !important;background-image: url(http://wp.rivertheme.com/zoo-kodo/wp-content/uploads/2017/08/kodo-image-104.jpg?id=2367) !important;background-position: center !important;background-repeat: no-repeat !important;background-size: cover !important;}.vc_custom_1503565786820{padding-top: 130px !important;padding-bottom: 80px !important;}.vc_custom_1503565855502{padding-bottom: 90px !important;}.vc_custom_1503456379215{padding-top: 35px !important;padding-left: 35px !important;}.vc_custom_1503456379215{padding-top: 35px !important;padding-left: 35px !important;}.vc_custom_1503456379215{padding-top: 35px !important;padding-left: 35px !important;}]]></wp:meta_value>
		</wp:postmeta>
		<wp:postmeta>
			<wp:meta_key><![CDATA[_vc_post_settings]]></wp:meta_key>
			<wp:meta_value><![CDATA[a:1:{s:10:"vc_grid_id";a:0:{}}]]></wp:meta_value>
		</wp:postmeta>
		<wp:postmeta>
			<wp:meta_key><![CDATA[slide_template]]></wp:meta_key>
			<wp:meta_value><![CDATA[default]]></wp:meta_value>
		</wp:postmeta>
		<wp:postmeta>
			<wp:meta_key><![CDATA[_wpb_vc_js_status]]></wp:meta_key>
			<wp:meta_value><![CDATA[true]]></wp:meta_value>
		</wp:postmeta>
		<wp:postmeta>
			<wp:meta_key><![CDATA[_wpb_shortcodes_custom_css]]></wp:meta_key>
			<wp:meta_value><![CDATA[.vc_custom_1503456609886{padding-top: 150px !important;padding-bottom: 25px !important;}.vc_custom_1503456619530{padding-top: 60px !important;padding-bottom: 25px !important;}.vc_custom_1503563948245{padding-top: 60px !important;padding-bottom: 165px !important;}.vc_custom_1503565683619{padding-top: 170px !important;padding-bottom: 110px !important;}.vc_custom_1503460788758{padding-top: 180px !important;padding-bottom: 180px !important;background-image: url(http://wp.rivertheme.com/zoo-kodo/wp-content/uploads/2017/08/kodo-image-104.jpg?id=2367) !important;background-position: center !important;background-repeat: no-repeat !important;background-size: cover !important;}.vc_custom_1503565786820{padding-top: 130px !important;padding-bottom: 80px !important;}.vc_custom_1503565855502{padding-bottom: 90px !important;}.vc_custom_1503456379215{padding-top: 35px !important;padding-left: 35px !important;}.vc_custom_1503456379215{padding-top: 35px !important;padding-left: 35px !important;}.vc_custom_1503456379215{padding-top: 35px !important;padding-left: 35px !important;}]]></wp:meta_value>
		</wp:postmeta>
		<wp:postmeta>
			<wp:meta_key><![CDATA[_the_champ_meta]]></wp:meta_key>
			<wp:meta_value><![CDATA[a:5:{s:7:"sharing";i:0;s:16:"vertical_sharing";i:0;s:7:"counter";i:0;s:16:"vertical_counter";i:0;s:11:"fb_comments";i:0;}]]></wp:meta_value>
		</wp:postmeta>
		<wp:postmeta>
			<wp:meta_key><![CDATA[zoo_site_page_toc]]></wp:meta_key>
			<wp:meta_value><![CDATA[0]]></wp:meta_value>
		</wp:postmeta>
		<wp:postmeta>
			<wp:meta_key><![CDATA[zoo_single_page_padding_top]]></wp:meta_key>
			<wp:meta_value><![CDATA[inherit]]></wp:meta_value>
		</wp:postmeta>
		<wp:postmeta>
			<wp:meta_key><![CDATA[zoo_single_page_padding_bottom]]></wp:meta_key>
			<wp:meta_value><![CDATA[inherit]]></wp:meta_value>
		</wp:postmeta>
		<wp:postmeta>
			<wp:meta_key><![CDATA[zoo_site_layout]]></wp:meta_key>
			<wp:meta_value><![CDATA[inherit]]></wp:meta_value>
		</wp:postmeta>
		<wp:postmeta>
			<wp:meta_key><![CDATA[zoo_site_layout_box_shadow]]></wp:meta_key>
			<wp:meta_value><![CDATA[1]]></wp:meta_value>
		</wp:postmeta>
		<wp:postmeta>
			<wp:meta_key><![CDATA[zoo_site_background_color]]></wp:meta_key>
			<wp:meta_value><![CDATA[#fff]]></wp:meta_value>
		</wp:postmeta>
		<wp:postmeta>
			<wp:meta_key><![CDATA[zoo_site_background_size]]></wp:meta_key>
			<wp:meta_value><![CDATA[cover]]></wp:meta_value>
		</wp:postmeta>
		<wp:postmeta>
			<wp:meta_key><![CDATA[zoo_site_background_repeat]]></wp:meta_key>
			<wp:meta_value><![CDATA[no-repeat]]></wp:meta_value>
		</wp:postmeta>
		<wp:postmeta>
			<wp:meta_key><![CDATA[zoo_site_background_position]]></wp:meta_key>
			<wp:meta_value><![CDATA[center center]]></wp:meta_value>
		</wp:postmeta>
		<wp:postmeta>
			<wp:meta_key><![CDATA[zoo_site_background_attachment]]></wp:meta_key>
			<wp:meta_value><![CDATA[scroll]]></wp:meta_value>
		</wp:postmeta>
		<wp:postmeta>
			<wp:meta_key><![CDATA[zoo_header_custom_menu]]></wp:meta_key>
			<wp:meta_value><![CDATA[none]]></wp:meta_value>
		</wp:postmeta>
		<wp:postmeta>
			<wp:meta_key><![CDATA[zoo_hide_tag_line]]></wp:meta_key>
			<wp:meta_value><![CDATA[0]]></wp:meta_value>
		</wp:postmeta>
		<wp:postmeta>
			<wp:meta_key><![CDATA[zoo_disable_title]]></wp:meta_key>
			<wp:meta_value><![CDATA[1]]></wp:meta_value>
		</wp:postmeta>
		<wp:postmeta>
			<wp:meta_key><![CDATA[zoo_disable_breadcrumbs]]></wp:meta_key>
			<wp:meta_value><![CDATA[1]]></wp:meta_value>
		</wp:postmeta>
		<wp:postmeta>
			<wp:meta_key><![CDATA[zoo_header_top]]></wp:meta_key>
			<wp:meta_value><![CDATA[1]]></wp:meta_value>
		</wp:postmeta>
		<wp:postmeta>
			<wp:meta_key><![CDATA[zoo_header_layout]]></wp:meta_key>
			<wp:meta_value><![CDATA[menu-center]]></wp:meta_value>
		</wp:postmeta>
		<wp:postmeta>
			<wp:meta_key><![CDATA[zoo_header_hide_border_bottom]]></wp:meta_key>
			<wp:meta_value><![CDATA[1]]></wp:meta_value>
		</wp:postmeta>
		<wp:postmeta>
			<wp:meta_key><![CDATA[zoo_header_transparent]]></wp:meta_key>
			<wp:meta_value><![CDATA[1]]></wp:meta_value>
		</wp:postmeta>
		<wp:postmeta>
			<wp:meta_key><![CDATA[zoo_header_fullwidth]]></wp:meta_key>
			<wp:meta_value><![CDATA[0]]></wp:meta_value>
		</wp:postmeta>
		<wp:postmeta>
			<wp:meta_key><![CDATA[zoo_show_newsletter]]></wp:meta_key>
			<wp:meta_value><![CDATA[0]]></wp:meta_value>
		</wp:postmeta>
		<wp:postmeta>
			<wp:meta_key><![CDATA[zoo_top_footer]]></wp:meta_key>
			<wp:meta_value><![CDATA[1]]></wp:meta_value>
		</wp:postmeta>
		<wp:postmeta>
			<wp:meta_key><![CDATA[zoo_main_footer]]></wp:meta_key>
			<wp:meta_value><![CDATA[0]]></wp:meta_value>
		</wp:postmeta>
		<wp:postmeta>
			<wp:meta_key><![CDATA[zoo_footer_layout]]></wp:meta_key>
			<wp:meta_value><![CDATA[style4]]></wp:meta_value>
		</wp:postmeta>
		<wp:postmeta>
			<wp:meta_key><![CDATA[zoo_top_footer_color]]></wp:meta_key>
			<wp:meta_value><![CDATA[#777]]></wp:meta_value>
		</wp:postmeta>
		<wp:postmeta>
			<wp:meta_key><![CDATA[zoo_top_footer_link_color]]></wp:meta_key>
			<wp:meta_value><![CDATA[#777]]></wp:meta_value>
		</wp:postmeta>
		<wp:postmeta>
			<wp:meta_key><![CDATA[zoo_top_footer_link_color_hover]]></wp:meta_key>
			<wp:meta_value><![CDATA[#dc2f47]]></wp:meta_value>
		</wp:postmeta>
		<wp:postmeta>
			<wp:meta_key><![CDATA[zoo_top_footer_block_title_color]]></wp:meta_key>
			<wp:meta_value><![CDATA[#222]]></wp:meta_value>
		</wp:postmeta>
		<wp:postmeta>
			<wp:meta_key><![CDATA[zoo_top_footer_field_background_color]]></wp:meta_key>
			<wp:meta_value><![CDATA[#f5f5f5]]></wp:meta_value>
		</wp:postmeta>
		<wp:postmeta>
			<wp:meta_key><![CDATA[zoo_top_footer_background_color]]></wp:meta_key>
			<wp:meta_value><![CDATA[#f5f5f5]]></wp:meta_value>
		</wp:postmeta>
		<wp:postmeta>
			<wp:meta_key><![CDATA[zoo_main_footer_color]]></wp:meta_key>
			<wp:meta_value><![CDATA[#777]]></wp:meta_value>
		</wp:postmeta>
		<wp:postmeta>
			<wp:meta_key><![CDATA[zoo_main_footer_link_color]]></wp:meta_key>
			<wp:meta_value><![CDATA[#777]]></wp:meta_value>
		</wp:postmeta>
		<wp:postmeta>
			<wp:meta_key><![CDATA[zoo_main_footer_link_color_hover]]></wp:meta_key>
			<wp:meta_value><![CDATA[#dc2f47]]></wp:meta_value>
		</wp:postmeta>
		<wp:postmeta>
			<wp:meta_key><![CDATA[zoo_main_footer_block_title_color]]></wp:meta_key>
			<wp:meta_value><![CDATA[#222]]></wp:meta_value>
		</wp:postmeta>
		<wp:postmeta>
			<wp:meta_key><![CDATA[zoo_main_footer_field_background_color]]></wp:meta_key>
			<wp:meta_value><![CDATA[#f5f5f5]]></wp:meta_value>
		</wp:postmeta>
		<wp:postmeta>
			<wp:meta_key><![CDATA[zoo_main_footer_background_color]]></wp:meta_key>
			<wp:meta_value><![CDATA[#fff]]></wp:meta_value>
		</wp:postmeta>
		<wp:postmeta>
			<wp:meta_key><![CDATA[zoo_copyright_footer_color]]></wp:meta_key>
			<wp:meta_value><![CDATA[#777]]></wp:meta_value>
		</wp:postmeta>
		<wp:postmeta>
			<wp:meta_key><![CDATA[zoo_copyright_footer_link_color]]></wp:meta_key>
			<wp:meta_value><![CDATA[#777]]></wp:meta_value>
		</wp:postmeta>
		<wp:postmeta>
			<wp:meta_key><![CDATA[zoo_copyright_footer_link_color_hover]]></wp:meta_key>
			<wp:meta_value><![CDATA[#dc2f47]]></wp:meta_value>
		</wp:postmeta>
		<wp:postmeta>
			<wp:meta_key><![CDATA[zoo_copyright_footer_border_color]]></wp:meta_key>
			<wp:meta_value><![CDATA[#ebebeb]]></wp:meta_value>
		</wp:postmeta>
		<wp:postmeta>
			<wp:meta_key><![CDATA[zoo_copyright_footer_background_color]]></wp:meta_key>
			<wp:meta_value><![CDATA[#fff]]></wp:meta_value>
		</wp:postmeta>
		<wp:postmeta>
			<wp:meta_key><![CDATA[_wxr_import_user_slug]]></wp:meta_key>
			<wp:meta_value><![CDATA[admin]]></wp:meta_value>
		</wp:postmeta>
		<wp:postmeta>
			<wp:meta_key><![CDATA[_edit_last]]></wp:meta_key>
			<wp:meta_value><![CDATA[1]]></wp:meta_value>
		</wp:postmeta>
		<wp:postmeta>
			<wp:meta_key><![CDATA[zoo_footer_social]]></wp:meta_key>
			<wp:meta_value><![CDATA[0]]></wp:meta_value>
		</wp:postmeta>
		<wp:postmeta>
			<wp:meta_key><![CDATA[zoo_footer_top_hide_border]]></wp:meta_key>
			<wp:meta_value><![CDATA[0]]></wp:meta_value>
		</wp:postmeta>
		<wp:postmeta>
			<wp:meta_key><![CDATA[zoo_footer_main_hide_border]]></wp:meta_key>
			<wp:meta_value><![CDATA[0]]></wp:meta_value>
		</wp:postmeta>
		<wp:postmeta>
			<wp:meta_key><![CDATA[zoo_footer_copyright_hide_border]]></wp:meta_key>
			<wp:meta_value><![CDATA[0]]></wp:meta_value>
		</wp:postmeta>
		<wp:postmeta>
			<wp:meta_key><![CDATA[zoo_footer_background_size]]></wp:meta_key>
			<wp:meta_value><![CDATA[auto]]></wp:meta_value>
		</wp:postmeta>
		<wp:postmeta>
			<wp:meta_key><![CDATA[zoo_footer_background_repeat]]></wp:meta_key>
			<wp:meta_value><![CDATA[no-repeat]]></wp:meta_value>
		</wp:postmeta>
		<wp:postmeta>
			<wp:meta_key><![CDATA[zoo_footer_background_position]]></wp:meta_key>
			<wp:meta_value><![CDATA[left top]]></wp:meta_value>
		</wp:postmeta>
		<wp:postmeta>
			<wp:meta_key><![CDATA[zoo_footer_background_attachment]]></wp:meta_key>
			<wp:meta_value><![CDATA[scroll]]></wp:meta_value>
		</wp:postmeta>
		<wp:postmeta>
			<wp:meta_key><![CDATA[zoo_logo_page]]></wp:meta_key>
			<wp:meta_value><![CDATA[2279]]></wp:meta_value>
		</wp:postmeta>
		<wp:postmeta>
			<wp:meta_key><![CDATA[zoo_sticky_logo_page]]></wp:meta_key>
			<wp:meta_value><![CDATA[1885]]></wp:meta_value>
		</wp:postmeta>
	</item>
</channel>
</rss>
