<?xml version="1.0" encoding="UTF-8" ?>
<!-- This is a WordPress eXtended RSS file generated by WordPress as an export of your site. -->
<!-- It contains information about your site's posts, pages, comments, categories, and other content. -->
<!-- You may use this file to transfer that content from one site to another. -->
<!-- This file is not intended to serve as a complete backup of your site. -->

<!-- To import this information into a WordPress site follow these steps: -->
<!-- 1. Log in to that site as an administrator. -->
<!-- 2. Go to Tools: Import in the WordPress admin panel. -->
<!-- 3. Install the "WordPress" importer from the list. -->
<!-- 4. Activate & Run Importer. -->
<!-- 5. Upload this file using the form provided on that page. -->
<!-- 6. You will first be asked to map the authors in this export file to users -->
<!--    on the site. For each author, you may choose to map to an -->
<!--    existing user on the site or to create a new user. -->
<!-- 7. WordPress will then import each of the posts, pages, comments, categories, etc. -->
<!--    contained in this file into your site. -->

<!-- generator="WordPress/4.9.8" created="2018-11-05 09:46" -->
<rss version="2.0"
	xmlns:excerpt="http://wordpress.org/export/1.2/excerpt/"
	xmlns:content="http://purl.org/rss/1.0/modules/content/"
	xmlns:wfw="http://wellformedweb.org/CommentAPI/"
	xmlns:dc="http://purl.org/dc/elements/1.1/"
	xmlns:wp="http://wordpress.org/export/1.2/"
>

<channel>
	<title>Kodo</title>
	<link>http://kodo.wp3.zootemplate.com</link>
	<description>Just another WordPress site</description>
	<pubDate>Mon, 05 Nov 2018 09:46:29 +0000</pubDate>
	<language>en-US</language>
	<wp:wxr_version>1.2</wp:wxr_version>
	<wp:base_site_url>http://kodo.wp3.zootemplate.com</wp:base_site_url>
	<wp:base_blog_url>http://kodo.wp3.zootemplate.com</wp:base_blog_url>

	<wp:author><wp:author_id>1</wp:author_id><wp:author_login><![CDATA[clever]]></wp:author_login><wp:author_email><![CDATA[clever@gmail.com]]></wp:author_email><wp:author_display_name><![CDATA[clever]]></wp:author_display_name><wp:author_first_name><![CDATA[Nguyen]]></wp:author_first_name><wp:author_last_name><![CDATA[Toan]]></wp:author_last_name></wp:author>


	<generator>https://wordpress.org/?v=4.9.8</generator>

<image>
	<url>http://kodo.wp3.zootemplate.com/wp-content/uploads/2009/06/cleversoft_32x32.png</url>
	<title>Kodo</title>
	<link>http://kodo.wp3.zootemplate.com</link>
	<width>32</width>
	<height>32</height>
</image> 

	<item>
		<title>Home 1</title>
		<link>http://kodo.wp3.zootemplate.com/home-1</link>
		<pubDate>Fri, 28 Jul 2017 08:03:20 +0000</pubDate>
		<dc:creator><![CDATA[clever]]></dc:creator>
		<guid isPermaLink="false">http://wp.rivertheme.com/zoo-kodo/?page_id=1882</guid>
		<description></description>
		<content:encoded><![CDATA[[vc_row el_class="font-inherit"][vc_column][rev_slider_vc alias="home-1"][/vc_column][/vc_row][vc_row full_width="stretch_row_content" css=".vc_custom_1501563083072{padding-top: 20px !important;padding-bottom: 20px !important;}" el_class="banner-box"][vc_column width="1/6" offset="vc_col-xs-6"][CleverBanner content_align="bottom-center" link="url:http%3A%2F%2Fwp.rivertheme.com%2Fzoo-kodo%2Fshop%2F|title:Accessories|target:%20_blank|" image="1968"][/CleverBanner][/vc_column][vc_column width="1/6" offset="vc_col-xs-6"][CleverBanner content_align="bottom-center" link="url:http%3A%2F%2Fwp.rivertheme.com%2Fzoo-kodo%2Fshop%2F|title:Shop%20T-Shirts|target:%20_blank|" image="1967"][/CleverBanner][/vc_column][vc_column width="1/6" offset="vc_col-xs-6"][CleverBanner content_align="bottom-center" link="url:http%3A%2F%2Fwp.rivertheme.com%2Fzoo-kodo%2Fshop%2F|title:Shop%20Pants|target:%20_blank|" image="1966"][/CleverBanner][/vc_column][vc_column width="1/6" offset="vc_col-xs-6"][CleverBanner content_align="bottom-center" link="url:http%3A%2F%2Fwp.rivertheme.com%2Fzoo-kodo%2Fshop%2F|title:T-Shirt%20Man|target:%20_blank|" image="1965"][/CleverBanner][/vc_column][vc_column width="1/6" offset="vc_col-xs-6"][CleverBanner content_align="bottom-center" link="url:http%3A%2F%2Fwp.rivertheme.com%2Fzoo-kodo%2Fshop%2F|title:Special%20Prices|target:%20_blank|" image="1964"][/CleverBanner][/vc_column][vc_column width="1/6" offset="vc_col-xs-6"][/vc_column][/vc_row][vc_row css=".vc_custom_1501571355672{padding-top: 55px !important;padding-bottom: 40px !important;}"][vc_column][CleverProduct title="Shop The New Collection" filter_categories="Array" posts_per_page="5" ignore_sticky_posts="1" show_rating="1" show_qv="1" show_stock="1"][/vc_column][/vc_row][vc_row full_width="stretch_row" css=".vc_custom_1519268016544{padding-top: 95px !important;padding-bottom: 148px !important;background-image: url(http://kodo.wp3.zootemplate.com/wp-content/uploads/2017/07/kodo-image-6.jpg?id=1959) !important;background-position: center !important;background-repeat: no-repeat !important;background-size: cover !important;}" el_class="hero-overlay text-center"][vc_column][vc_column_text]
<h2 class="h1 mega-title">Shop Limited Edition.</h2>
<div class="mega-subtitle">You want it - we've got it! we launch up to 100 new styles every day so whatever
you’re looking fot. Kodo is 24/7 fashion its best</div>
[/vc_column_text][CleverLinks links="%5B%7B%22socail-link%22%3A%22url%3Ahttp%253A%252F%252F192.168.1.19%252Fwordpress%252Fzoo-kodo%252Fshop%252F%7Ctitle%3AFind%2520Our%2520More%7Ctarget%3A%2520_blank%7C%22%7D%2C%7B%22socail-link%22%3A%22url%3Ahttp%253A%252F%252F192.168.1.19%252Fwordpress%252Fzoo-kodo%252Fshop%252F%7Ctitle%3AShop%2520the%2520sale%7Ctarget%3A%2520_blank%7C%22%7D%5D"][/vc_column][/vc_row][vc_row css=".vc_custom_1501556436346{padding-top: 45px !important;}"][vc_column][CleverProduct title="Shop The New Collection" filter_categories="Array" posts_per_page="5" ignore_sticky_posts="1" column="4" show_rating="1" show_qv="1" show_stock="1"][/vc_column][/vc_row][vc_row css=".vc_custom_1501562201396{padding-top: 30px !important;padding-bottom: 30px !important;}"][vc_column][CleverBlog columns="3" parent="1" blog_img_size="zoo_kodo_370_250" number="3" output_type="no" view_more="" title="Read Our Top Stories" cat="blog"][/vc_column][/vc_row][vc_row full_width="stretch_row_content_no_spaces"][vc_column][CleverInstagram img_size="large" username="fashion_cosmopolitan"][/vc_column][/vc_row]]]></content:encoded>
		<excerpt:encoded><![CDATA[]]></excerpt:encoded>
		<wp:post_id>1882</wp:post_id>
		<wp:post_date><![CDATA[2017-07-28 08:03:20]]></wp:post_date>
		<wp:post_date_gmt><![CDATA[2017-07-28 08:03:20]]></wp:post_date_gmt>
		<wp:comment_status><![CDATA[closed]]></wp:comment_status>
		<wp:ping_status><![CDATA[closed]]></wp:ping_status>
		<wp:post_name><![CDATA[home-1]]></wp:post_name>
		<wp:status><![CDATA[publish]]></wp:status>
		<wp:post_parent>0</wp:post_parent>
		<wp:menu_order>0</wp:menu_order>
		<wp:post_type><![CDATA[page]]></wp:post_type>
		<wp:post_password><![CDATA[]]></wp:post_password>
		<wp:is_sticky>0</wp:is_sticky>
		<wp:postmeta>
			<wp:meta_key><![CDATA[_wpb_shortcodes_custom_css]]></wp:meta_key>
			<wp:meta_value><![CDATA[.vc_custom_1501563083072{padding-top: 20px !important;padding-bottom: 20px !important;}.vc_custom_1501571355672{padding-top: 55px !important;padding-bottom: 40px !important;}.vc_custom_1519268016544{padding-top: 95px !important;padding-bottom: 148px !important;background-image: url(http://kodo.wp3.zootemplate.com/wp-content/uploads/2017/07/kodo-image-6.jpg?id=1959) !important;background-position: center !important;background-repeat: no-repeat !important;background-size: cover !important;}.vc_custom_1501556436346{padding-top: 45px !important;}.vc_custom_1501562201396{padding-top: 30px !important;padding-bottom: 30px !important;}]]></wp:meta_value>
		</wp:postmeta>
		<wp:postmeta>
			<wp:meta_key><![CDATA[slide_template]]></wp:meta_key>
			<wp:meta_value><![CDATA[default]]></wp:meta_value>
		</wp:postmeta>
		<wp:postmeta>
			<wp:meta_key><![CDATA[_wpb_vc_js_status]]></wp:meta_key>
			<wp:meta_value><![CDATA[true]]></wp:meta_value>
		</wp:postmeta>
		<wp:postmeta>
			<wp:meta_key><![CDATA[_the_champ_meta]]></wp:meta_key>
			<wp:meta_value><![CDATA[a:5:{s:7:"sharing";i:0;s:16:"vertical_sharing";i:0;s:7:"counter";i:0;s:16:"vertical_counter";i:0;s:11:"fb_comments";i:0;}]]></wp:meta_value>
		</wp:postmeta>
		<wp:postmeta>
			<wp:meta_key><![CDATA[zoo_site_layout]]></wp:meta_key>
			<wp:meta_value><![CDATA[inherit]]></wp:meta_value>
		</wp:postmeta>
		<wp:postmeta>
			<wp:meta_key><![CDATA[zoo_site_layout_box_shadow]]></wp:meta_key>
			<wp:meta_value><![CDATA[1]]></wp:meta_value>
		</wp:postmeta>
		<wp:postmeta>
			<wp:meta_key><![CDATA[zoo_site_background_color]]></wp:meta_key>
			<wp:meta_value><![CDATA[#fff]]></wp:meta_value>
		</wp:postmeta>
		<wp:postmeta>
			<wp:meta_key><![CDATA[zoo_site_background_size]]></wp:meta_key>
			<wp:meta_value><![CDATA[cover]]></wp:meta_value>
		</wp:postmeta>
		<wp:postmeta>
			<wp:meta_key><![CDATA[zoo_site_background_repeat]]></wp:meta_key>
			<wp:meta_value><![CDATA[no-repeat]]></wp:meta_value>
		</wp:postmeta>
		<wp:postmeta>
			<wp:meta_key><![CDATA[zoo_site_background_position]]></wp:meta_key>
			<wp:meta_value><![CDATA[center center]]></wp:meta_value>
		</wp:postmeta>
		<wp:postmeta>
			<wp:meta_key><![CDATA[zoo_site_background_attachment]]></wp:meta_key>
			<wp:meta_value><![CDATA[scroll]]></wp:meta_value>
		</wp:postmeta>
		<wp:postmeta>
			<wp:meta_key><![CDATA[zoo_header_custom_menu]]></wp:meta_key>
			<wp:meta_value><![CDATA[none]]></wp:meta_value>
		</wp:postmeta>
		<wp:postmeta>
			<wp:meta_key><![CDATA[zoo_hide_tag_line]]></wp:meta_key>
			<wp:meta_value><![CDATA[0]]></wp:meta_value>
		</wp:postmeta>
		<wp:postmeta>
			<wp:meta_key><![CDATA[zoo_disable_title]]></wp:meta_key>
			<wp:meta_value><![CDATA[1]]></wp:meta_value>
		</wp:postmeta>
		<wp:postmeta>
			<wp:meta_key><![CDATA[zoo_disable_breadcrumbs]]></wp:meta_key>
			<wp:meta_value><![CDATA[1]]></wp:meta_value>
		</wp:postmeta>
		<wp:postmeta>
			<wp:meta_key><![CDATA[zoo_header_top]]></wp:meta_key>
			<wp:meta_value><![CDATA[0]]></wp:meta_value>
		</wp:postmeta>
		<wp:postmeta>
			<wp:meta_key><![CDATA[zoo_header_layout]]></wp:meta_key>
			<wp:meta_value><![CDATA[stack-center]]></wp:meta_value>
		</wp:postmeta>
		<wp:postmeta>
			<wp:meta_key><![CDATA[zoo_header_hide_border_bottom]]></wp:meta_key>
			<wp:meta_value><![CDATA[1]]></wp:meta_value>
		</wp:postmeta>
		<wp:postmeta>
			<wp:meta_key><![CDATA[zoo_header_transparent]]></wp:meta_key>
			<wp:meta_value><![CDATA[0]]></wp:meta_value>
		</wp:postmeta>
		<wp:postmeta>
			<wp:meta_key><![CDATA[zoo_header_fullwidth]]></wp:meta_key>
			<wp:meta_value><![CDATA[0]]></wp:meta_value>
		</wp:postmeta>
		<wp:postmeta>
			<wp:meta_key><![CDATA[zoo_show_newsletter]]></wp:meta_key>
			<wp:meta_value><![CDATA[0]]></wp:meta_value>
		</wp:postmeta>
		<wp:postmeta>
			<wp:meta_key><![CDATA[zoo_top_footer]]></wp:meta_key>
			<wp:meta_value><![CDATA[1]]></wp:meta_value>
		</wp:postmeta>
		<wp:postmeta>
			<wp:meta_key><![CDATA[zoo_main_footer]]></wp:meta_key>
			<wp:meta_value><![CDATA[0]]></wp:meta_value>
		</wp:postmeta>
		<wp:postmeta>
			<wp:meta_key><![CDATA[zoo_footer_layout]]></wp:meta_key>
			<wp:meta_value><![CDATA[style3]]></wp:meta_value>
		</wp:postmeta>
		<wp:postmeta>
			<wp:meta_key><![CDATA[zoo_main_footer_color]]></wp:meta_key>
			<wp:meta_value><![CDATA[#777777]]></wp:meta_value>
		</wp:postmeta>
		<wp:postmeta>
			<wp:meta_key><![CDATA[zoo_main_footer_link_color]]></wp:meta_key>
			<wp:meta_value><![CDATA[#777777]]></wp:meta_value>
		</wp:postmeta>
		<wp:postmeta>
			<wp:meta_key><![CDATA[zoo_main_footer_link_color_hover]]></wp:meta_key>
			<wp:meta_value><![CDATA[#dc2f47]]></wp:meta_value>
		</wp:postmeta>
		<wp:postmeta>
			<wp:meta_key><![CDATA[zoo_main_footer_block_title_color]]></wp:meta_key>
			<wp:meta_value><![CDATA[#222222]]></wp:meta_value>
		</wp:postmeta>
		<wp:postmeta>
			<wp:meta_key><![CDATA[zoo_main_footer_background_color]]></wp:meta_key>
			<wp:meta_value><![CDATA[#fff]]></wp:meta_value>
		</wp:postmeta>
		<wp:postmeta>
			<wp:meta_key><![CDATA[zoo_main_footer_field_background_color]]></wp:meta_key>
			<wp:meta_value><![CDATA[#f5f5f5]]></wp:meta_value>
		</wp:postmeta>
		<wp:postmeta>
			<wp:meta_key><![CDATA[zoo_footer_color]]></wp:meta_key>
			<wp:meta_value><![CDATA[#777777]]></wp:meta_value>
		</wp:postmeta>
		<wp:postmeta>
			<wp:meta_key><![CDATA[zoo_footer_link_color]]></wp:meta_key>
			<wp:meta_value><![CDATA[#777777]]></wp:meta_value>
		</wp:postmeta>
		<wp:postmeta>
			<wp:meta_key><![CDATA[zoo_footer_link_color_hover]]></wp:meta_key>
			<wp:meta_value><![CDATA[#dc2f47]]></wp:meta_value>
		</wp:postmeta>
		<wp:postmeta>
			<wp:meta_key><![CDATA[zoo_footer_border_color]]></wp:meta_key>
			<wp:meta_value><![CDATA[#ffffff]]></wp:meta_value>
		</wp:postmeta>
		<wp:postmeta>
			<wp:meta_key><![CDATA[zoo_footer_background_color]]></wp:meta_key>
			<wp:meta_value><![CDATA[#fff]]></wp:meta_value>
		</wp:postmeta>
		<wp:postmeta>
			<wp:meta_key><![CDATA[_wpb_shortcodes_custom_css]]></wp:meta_key>
			<wp:meta_value><![CDATA[.vc_custom_1501563083072{padding-top: 20px !important;padding-bottom: 20px !important;}.vc_custom_1501571355672{padding-top: 55px !important;padding-bottom: 40px !important;}.vc_custom_1519268016544{padding-top: 95px !important;padding-bottom: 148px !important;background-image: url(http://kodo.wp3.zootemplate.com/wp-content/uploads/2017/07/kodo-image-6.jpg?id=1959) !important;background-position: center !important;background-repeat: no-repeat !important;background-size: cover !important;}.vc_custom_1501556436346{padding-top: 45px !important;}.vc_custom_1501562201396{padding-top: 30px !important;padding-bottom: 30px !important;}]]></wp:meta_value>
		</wp:postmeta>
		<wp:postmeta>
			<wp:meta_key><![CDATA[zoo_single_page_padding_top]]></wp:meta_key>
			<wp:meta_value><![CDATA[inherit]]></wp:meta_value>
		</wp:postmeta>
		<wp:postmeta>
			<wp:meta_key><![CDATA[zoo_single_page_padding_bottom]]></wp:meta_key>
			<wp:meta_value><![CDATA[0]]></wp:meta_value>
		</wp:postmeta>
		<wp:postmeta>
			<wp:meta_key><![CDATA[zoo_site_page_toc]]></wp:meta_key>
			<wp:meta_value><![CDATA[0]]></wp:meta_value>
		</wp:postmeta>
		<wp:postmeta>
			<wp:meta_key><![CDATA[_wxr_import_user_slug]]></wp:meta_key>
			<wp:meta_value><![CDATA[admin]]></wp:meta_value>
		</wp:postmeta>
		<wp:postmeta>
			<wp:meta_key><![CDATA[_edit_last]]></wp:meta_key>
			<wp:meta_value><![CDATA[1]]></wp:meta_value>
		</wp:postmeta>
		<wp:postmeta>
			<wp:meta_key><![CDATA[zoo_footer_social]]></wp:meta_key>
			<wp:meta_value><![CDATA[0]]></wp:meta_value>
		</wp:postmeta>
		<wp:postmeta>
			<wp:meta_key><![CDATA[zoo_footer_top_hide_border]]></wp:meta_key>
			<wp:meta_value><![CDATA[0]]></wp:meta_value>
		</wp:postmeta>
		<wp:postmeta>
			<wp:meta_key><![CDATA[zoo_footer_main_hide_border]]></wp:meta_key>
			<wp:meta_value><![CDATA[0]]></wp:meta_value>
		</wp:postmeta>
		<wp:postmeta>
			<wp:meta_key><![CDATA[zoo_footer_copyright_hide_border]]></wp:meta_key>
			<wp:meta_value><![CDATA[0]]></wp:meta_value>
		</wp:postmeta>
		<wp:postmeta>
			<wp:meta_key><![CDATA[zoo_footer_background_size]]></wp:meta_key>
			<wp:meta_value><![CDATA[auto]]></wp:meta_value>
		</wp:postmeta>
		<wp:postmeta>
			<wp:meta_key><![CDATA[zoo_footer_background_repeat]]></wp:meta_key>
			<wp:meta_value><![CDATA[no-repeat]]></wp:meta_value>
		</wp:postmeta>
		<wp:postmeta>
			<wp:meta_key><![CDATA[zoo_footer_background_position]]></wp:meta_key>
			<wp:meta_value><![CDATA[left top]]></wp:meta_value>
		</wp:postmeta>
		<wp:postmeta>
			<wp:meta_key><![CDATA[zoo_footer_background_attachment]]></wp:meta_key>
			<wp:meta_value><![CDATA[scroll]]></wp:meta_value>
		</wp:postmeta>
		<wp:postmeta>
			<wp:meta_key><![CDATA[zoo_page_cover]]></wp:meta_key>
			<wp:meta_value><![CDATA[inherit]]></wp:meta_value>
		</wp:postmeta>
	</item>
</channel>
</rss>
