<?xml version="1.0" encoding="UTF-8" ?>
<!-- This is a WordPress eXtended RSS file generated by WordPress as an export of your site. -->
<!-- It contains information about your site's posts, pages, comments, categories, and other content. -->
<!-- You may use this file to transfer that content from one site to another. -->
<!-- This file is not intended to serve as a complete backup of your site. -->

<!-- To import this information into a WordPress site follow these steps: -->
<!-- 1. Log in to that site as an administrator. -->
<!-- 2. Go to Tools: Import in the WordPress admin panel. -->
<!-- 3. Install the "WordPress" importer from the list. -->
<!-- 4. Activate & Run Importer. -->
<!-- 5. Upload this file using the form provided on that page. -->
<!-- 6. You will first be asked to map the authors in this export file to users -->
<!--    on the site. For each author, you may choose to map to an -->
<!--    existing user on the site or to create a new user. -->
<!-- 7. WordPress will then import each of the posts, pages, comments, categories, etc. -->
<!--    contained in this file into your site. -->

<!-- generator="WordPress/5.2.2" created="2019-08-01 08:07" -->
<rss version="2.0"
	xmlns:excerpt="http://wordpress.org/export/1.2/excerpt/"
	xmlns:content="http://purl.org/rss/1.0/modules/content/"
	xmlns:wfw="http://wellformedweb.org/CommentAPI/"
	xmlns:dc="http://purl.org/dc/elements/1.1/"
	xmlns:wp="http://wordpress.org/export/1.2/"
>

<channel>
	<title>Kodo</title>
	<link>http://kodo.wp1.zootemplate.com</link>
	<description>Just another WordPress site</description>
	<pubDate>Thu, 01 Aug 2019 08:07:42 +0000</pubDate>
	<language>en-US</language>
	<wp:wxr_version>1.2</wp:wxr_version>
	<wp:base_site_url>http://kodo.wp1.zootemplate.com</wp:base_site_url>
	<wp:base_blog_url>http://kodo.wp1.zootemplate.com</wp:base_blog_url>

	<wp:author><wp:author_id>2</wp:author_id><wp:author_login><![CDATA[clever]]></wp:author_login><wp:author_email><![CDATA[clever@gmail.com]]></wp:author_email><wp:author_display_name><![CDATA[clever]]></wp:author_display_name><wp:author_first_name><![CDATA[Nguyen]]></wp:author_first_name><wp:author_last_name><![CDATA[Toan]]></wp:author_last_name></wp:author>


	<generator>https://wordpress.org/?v=5.2.2</generator>

	<item>
		<title>Home 7</title>
		<link>http://kodo.wp1.zootemplate.com/home-7/</link>
		<pubDate>Fri, 11 Aug 2017 09:14:00 +0000</pubDate>
		<dc:creator><![CDATA[clever]]></dc:creator>
		<guid isPermaLink="false">http://wp.rivertheme.com/zoo-kodo/?page_id=2184</guid>
		<description></description>
		<content:encoded><![CDATA[<h2>Shop with Instagram</h2>		
		<p>New Style, New Color, Trending &amp; Unique for Fashion All product update in Instagram</p>		
                                                            <a href="//instagram.com/p/B0jRptkAT-k/">
                                                                                    12.4K
                                                                                    July 30, 2019
                                    <img src="//instagram.fhan3-1.fna.fbcdn.net/vp/98dcf0d0dc51e6a6f786329d79633f09/5DE3A94B/t51.2885-15/sh0.08/e35/c0.167.1395.1395/s640x640/66796164_115548896433780_7265102578554231535_n.jpg?_nc_ht=instagram.fhan3-1.fna.fbcdn.net"  alt="YES or NO? ?
?: @thanyaw" />
                                </a>
                                                            <a href="//instagram.com/p/B0jD3yxAcTX/">
                                                                                    4522
                                                                                    July 30, 2019
                                    <img src="//instagram.fhan3-1.fna.fbcdn.net/vp/16cc6b75d69ec87faa561ef3a87bd937/5DEE7E75/t51.2885-15/sh0.08/e35/c0.158.1366.1366a/s640x640/66614334_131411158089132_4549223208896415241_n.jpg?_nc_ht=instagram.fhan3-1.fna.fbcdn.net"  alt="Which outfit: 1 or 2?
Follow @style (me) for more cute outfit inspiration posts ?" />
                                </a>
                                                            <a href="//instagram.com/p/B0i2L73gZSq/">
                                                                                    13K
                                                                                    July 30, 2019
                                    <img src="//instagram.fhan3-1.fna.fbcdn.net/vp/a54e07faa50a278adb08ff4237cd7d4f/5DD79D42/t51.2885-15/sh0.08/e35/c0.168.1388.1388a/s640x640/66773979_133242557920665_3693589099863772898_n.jpg?_nc_ht=instagram.fhan3-1.fna.fbcdn.net"  alt="Which outfit: 1, 2, or 3?
Follow @style (me) for cute outfit inspiration posts ?" />
                                </a>
                                                            <a href="//instagram.com/p/B0g8X8-g3YH/">
                                                                                    5460
                                                                                    July 29, 2019
                                    <img src="//instagram.fhan3-1.fna.fbcdn.net/vp/4b5eb6bdd2e1a0b568cc2c617d5a57aa/5DD9487D/t51.2885-15/sh0.08/e35/c0.120.1272.1272/s640x640/67345901_361102671245951_8656954158150009310_n.jpg?_nc_ht=instagram.fhan3-1.fna.fbcdn.net"  alt="Which outfit: 1 or 2?
Follow @style (me) for cute outfit inspiration ?" />
                                </a>
                                                            <a href="//instagram.com/p/B0gyCNkAlvQ/">
                                                                                    9893
                                                                                    July 29, 2019
                                    <img src="//instagram.fhan3-1.fna.fbcdn.net/vp/b6c7831201e9f2bb06ab9aff834bbddf/5DED78C9/t51.2885-15/sh0.08/e35/c0.175.1406.1406a/s640x640/66411261_440017423261259_8516770013224131284_n.jpg?_nc_ht=instagram.fhan3-1.fna.fbcdn.net"  alt="Which outfit: 1 or 2?
Follow @style (me) for more cute outfit inspiration posts ?" />
                                </a>
                                                            <a href="//instagram.com/p/B0gpPSRAMYI/">
                                                                                    12.6K
                                                                                    July 29, 2019
                                    <img src="//instagram.fhan3-1.fna.fbcdn.net/vp/777ad7bae5ca28dff7810e1653bf1abe/5DDD9443/t51.2885-15/sh0.08/e35/c0.152.1351.1351a/s640x640/66444268_342099546713900_8214235314775129633_n.jpg?_nc_ht=instagram.fhan3-1.fna.fbcdn.net"  alt="Which outfit: 1 or 2?
Follow @style (me) for cute outfit inspiration ?" />
                                </a>
                                                            <a href="//instagram.com/p/B0gUaTKA7Tu/">
                                                                                    4283
                                                                                    July 29, 2019
                                    <img src="//instagram.fhan3-1.fna.fbcdn.net/vp/1b67033c7764551fe47cf1d919c3676e/5DD26AB0/t51.2885-15/sh0.08/e35/s640x640/66656735_2654031331330550_5187691696349833513_n.jpg?_nc_ht=instagram.fhan3-1.fna.fbcdn.net"  alt="These watches. Yes or no? ❤️
-
Special offer from @danielwellington Use our code  STYLE  for extra 15% off on Danielwellington.com Free worldwide shipping! @danielwellington" />
                                </a>
                                                            <a href="//instagram.com/p/B0gTGx-Axpb/">
                                                                                    24.3K
                                                                                    July 29, 2019
                                    <img src="//instagram.fhan3-1.fna.fbcdn.net/vp/73458c938756248317a6d0bfbd3bca29/5DCC625E/t51.2885-15/sh0.08/e35/c0.166.1383.1383/s640x640/67237697_137688520772175_7036097550768504716_n.jpg?_nc_ht=instagram.fhan3-1.fna.fbcdn.net"  alt="Which outfit: 1 or 2?
Follow @style (me) for cute outfit inspiration posts ?" />
                                </a>
                                                            <a href="//instagram.com/p/B0gIxO8AKjJ/">
                                                                                    8670
                                                                                    July 29, 2019
                                    <img src="//instagram.fhan3-1.fna.fbcdn.net/vp/1fe2b14fd8505af434a92637f48183be/5DD68090/t51.2885-15/sh0.08/e35/c0.156.1361.1361a/s640x640/66369747_2481137902177758_8298254870718945504_n.jpg?_nc_ht=instagram.fhan3-1.fna.fbcdn.net"  alt="Which outfit: 1 or 2?
Follow @style (me) for cute outfit inspiration posts ?" />
                                </a>
                                                            <a href="//instagram.com/p/B0eR4hgAFYE/">
                                                                                    11.6K
                                                                                    July 28, 2019
                                    <img src="//instagram.fhan3-1.fna.fbcdn.net/vp/695f0b403c904bcf43d96e3d940d68c8/5DDA1822/t51.2885-15/sh0.08/e35/c0.165.1381.1381a/s640x640/66246430_376865719698241_8737075016347952968_n.jpg?_nc_ht=instagram.fhan3-1.fna.fbcdn.net"  alt="Which outfit: 1 or 2?
Follow @style (me) for more cute outfit ideas ?" />
                                </a>
                                                            <a href="//instagram.com/p/B0eD44YAwdT/">
                                                                                    10.4K
                                                                                    July 28, 2019
                                    <img src="//instagram.fhan3-1.fna.fbcdn.net/vp/3f4a3858e1acd1a3fc8aa9352dc1e005/5DCA21EA/t51.2885-15/sh0.08/e35/c0.167.1386.1386a/s640x640/67763554_473089789921064_6183114287003315886_n.jpg?_nc_ht=instagram.fhan3-1.fna.fbcdn.net"  alt="Which outfit: 1 or 2?
Follow @style (me) for more cute outfit ideas ?" />
                                </a>
                                                            <a href="//instagram.com/p/B0dyRRXAPUT/">
                                                                                    20.3K
                                                                                    July 28, 2019
                                    <img src="//instagram.fhan3-1.fna.fbcdn.net/vp/c6a240a5f8b102c35ff11a8d5fcd56d5/5DEE822C/t51.2885-15/sh0.08/e35/c0.164.1378.1378a/s640x640/65765126_2469400566623441_3086116560005578658_n.jpg?_nc_ht=instagram.fhan3-1.fna.fbcdn.net"  alt="Which outfit: 1, 2, 3, or 4?
?: @paula.mtzm" />
                                </a>]]></content:encoded>
		<excerpt:encoded><![CDATA[]]></excerpt:encoded>
		<wp:post_id>2184</wp:post_id>
		<wp:post_date><![CDATA[2017-08-11 09:14:00]]></wp:post_date>
		<wp:post_date_gmt><![CDATA[2017-08-11 09:14:00]]></wp:post_date_gmt>
		<wp:comment_status><![CDATA[closed]]></wp:comment_status>
		<wp:ping_status><![CDATA[closed]]></wp:ping_status>
		<wp:post_name><![CDATA[home-7]]></wp:post_name>
		<wp:status><![CDATA[publish]]></wp:status>
		<wp:post_parent>0</wp:post_parent>
		<wp:menu_order>0</wp:menu_order>
		<wp:post_type><![CDATA[page]]></wp:post_type>
		<wp:post_password><![CDATA[]]></wp:post_password>
		<wp:is_sticky>0</wp:is_sticky>
		<wp:postmeta>
			<wp:meta_key><![CDATA[_vc_post_settings]]></wp:meta_key>
			<wp:meta_value><![CDATA[a:1:{s:10:"vc_grid_id";a:0:{}}]]></wp:meta_value>
		</wp:postmeta>
		<wp:postmeta>
			<wp:meta_key><![CDATA[_wpb_shortcodes_custom_css]]></wp:meta_key>
			<wp:meta_value><![CDATA[.vc_custom_1502944246306{padding-top: 130px !important;padding-bottom: 135px !important;}]]></wp:meta_value>
		</wp:postmeta>
		<wp:postmeta>
			<wp:meta_key><![CDATA[_vc_post_settings]]></wp:meta_key>
			<wp:meta_value><![CDATA[a:1:{s:10:"vc_grid_id";a:0:{}}]]></wp:meta_value>
		</wp:postmeta>
		<wp:postmeta>
			<wp:meta_key><![CDATA[slide_template]]></wp:meta_key>
			<wp:meta_value><![CDATA[default]]></wp:meta_value>
		</wp:postmeta>
		<wp:postmeta>
			<wp:meta_key><![CDATA[_wpb_vc_js_status]]></wp:meta_key>
			<wp:meta_value><![CDATA[true]]></wp:meta_value>
		</wp:postmeta>
		<wp:postmeta>
			<wp:meta_key><![CDATA[_the_champ_meta]]></wp:meta_key>
			<wp:meta_value><![CDATA[a:5:{s:7:"sharing";i:0;s:16:"vertical_sharing";i:0;s:7:"counter";i:0;s:16:"vertical_counter";i:0;s:11:"fb_comments";i:0;}]]></wp:meta_value>
		</wp:postmeta>
		<wp:postmeta>
			<wp:meta_key><![CDATA[zoo_single_page_padding_top]]></wp:meta_key>
			<wp:meta_value><![CDATA[inherit]]></wp:meta_value>
		</wp:postmeta>
		<wp:postmeta>
			<wp:meta_key><![CDATA[zoo_single_page_padding_bottom]]></wp:meta_key>
			<wp:meta_value><![CDATA[inherit]]></wp:meta_value>
		</wp:postmeta>
		<wp:postmeta>
			<wp:meta_key><![CDATA[zoo_site_layout]]></wp:meta_key>
			<wp:meta_value><![CDATA[inherit]]></wp:meta_value>
		</wp:postmeta>
		<wp:postmeta>
			<wp:meta_key><![CDATA[zoo_site_layout_box_shadow]]></wp:meta_key>
			<wp:meta_value><![CDATA[1]]></wp:meta_value>
		</wp:postmeta>
		<wp:postmeta>
			<wp:meta_key><![CDATA[zoo_site_background_color]]></wp:meta_key>
			<wp:meta_value><![CDATA[#fff]]></wp:meta_value>
		</wp:postmeta>
		<wp:postmeta>
			<wp:meta_key><![CDATA[zoo_site_background_size]]></wp:meta_key>
			<wp:meta_value><![CDATA[cover]]></wp:meta_value>
		</wp:postmeta>
		<wp:postmeta>
			<wp:meta_key><![CDATA[zoo_site_background_repeat]]></wp:meta_key>
			<wp:meta_value><![CDATA[no-repeat]]></wp:meta_value>
		</wp:postmeta>
		<wp:postmeta>
			<wp:meta_key><![CDATA[zoo_site_background_position]]></wp:meta_key>
			<wp:meta_value><![CDATA[center center]]></wp:meta_value>
		</wp:postmeta>
		<wp:postmeta>
			<wp:meta_key><![CDATA[zoo_site_background_attachment]]></wp:meta_key>
			<wp:meta_value><![CDATA[scroll]]></wp:meta_value>
		</wp:postmeta>
		<wp:postmeta>
			<wp:meta_key><![CDATA[zoo_header_custom_menu]]></wp:meta_key>
			<wp:meta_value><![CDATA[none]]></wp:meta_value>
		</wp:postmeta>
		<wp:postmeta>
			<wp:meta_key><![CDATA[zoo_hide_tag_line]]></wp:meta_key>
			<wp:meta_value><![CDATA[0]]></wp:meta_value>
		</wp:postmeta>
		<wp:postmeta>
			<wp:meta_key><![CDATA[zoo_disable_title]]></wp:meta_key>
			<wp:meta_value><![CDATA[1]]></wp:meta_value>
		</wp:postmeta>
		<wp:postmeta>
			<wp:meta_key><![CDATA[zoo_disable_breadcrumbs]]></wp:meta_key>
			<wp:meta_value><![CDATA[1]]></wp:meta_value>
		</wp:postmeta>
		<wp:postmeta>
			<wp:meta_key><![CDATA[zoo_header_top]]></wp:meta_key>
			<wp:meta_value><![CDATA[1]]></wp:meta_value>
		</wp:postmeta>
		<wp:postmeta>
			<wp:meta_key><![CDATA[zoo_header_layout]]></wp:meta_key>
			<wp:meta_value><![CDATA[stack-center-2]]></wp:meta_value>
		</wp:postmeta>
		<wp:postmeta>
			<wp:meta_key><![CDATA[zoo_header_hide_border_bottom]]></wp:meta_key>
			<wp:meta_value><![CDATA[0]]></wp:meta_value>
		</wp:postmeta>
		<wp:postmeta>
			<wp:meta_key><![CDATA[zoo_header_transparent]]></wp:meta_key>
			<wp:meta_value><![CDATA[0]]></wp:meta_value>
		</wp:postmeta>
		<wp:postmeta>
			<wp:meta_key><![CDATA[zoo_header_fullwidth]]></wp:meta_key>
			<wp:meta_value><![CDATA[0]]></wp:meta_value>
		</wp:postmeta>
		<wp:postmeta>
			<wp:meta_key><![CDATA[zoo_show_newsletter]]></wp:meta_key>
			<wp:meta_value><![CDATA[0]]></wp:meta_value>
		</wp:postmeta>
		<wp:postmeta>
			<wp:meta_key><![CDATA[zoo_top_footer]]></wp:meta_key>
			<wp:meta_value><![CDATA[1]]></wp:meta_value>
		</wp:postmeta>
		<wp:postmeta>
			<wp:meta_key><![CDATA[zoo_main_footer]]></wp:meta_key>
			<wp:meta_value><![CDATA[0]]></wp:meta_value>
		</wp:postmeta>
		<wp:postmeta>
			<wp:meta_key><![CDATA[zoo_footer_layout]]></wp:meta_key>
			<wp:meta_value><![CDATA[style3]]></wp:meta_value>
		</wp:postmeta>
		<wp:postmeta>
			<wp:meta_key><![CDATA[zoo_main_footer_color]]></wp:meta_key>
			<wp:meta_value><![CDATA[#777]]></wp:meta_value>
		</wp:postmeta>
		<wp:postmeta>
			<wp:meta_key><![CDATA[zoo_main_footer_link_color]]></wp:meta_key>
			<wp:meta_value><![CDATA[#777]]></wp:meta_value>
		</wp:postmeta>
		<wp:postmeta>
			<wp:meta_key><![CDATA[zoo_main_footer_link_color_hover]]></wp:meta_key>
			<wp:meta_value><![CDATA[#dc2f47]]></wp:meta_value>
		</wp:postmeta>
		<wp:postmeta>
			<wp:meta_key><![CDATA[zoo_main_footer_block_title_color]]></wp:meta_key>
			<wp:meta_value><![CDATA[#222]]></wp:meta_value>
		</wp:postmeta>
		<wp:postmeta>
			<wp:meta_key><![CDATA[zoo_main_footer_background_color]]></wp:meta_key>
			<wp:meta_value><![CDATA[#fff]]></wp:meta_value>
		</wp:postmeta>
		<wp:postmeta>
			<wp:meta_key><![CDATA[zoo_main_footer_field_background_color]]></wp:meta_key>
			<wp:meta_value><![CDATA[#f5f5f5]]></wp:meta_value>
		</wp:postmeta>
		<wp:postmeta>
			<wp:meta_key><![CDATA[zoo_footer_color]]></wp:meta_key>
			<wp:meta_value><![CDATA[#777]]></wp:meta_value>
		</wp:postmeta>
		<wp:postmeta>
			<wp:meta_key><![CDATA[zoo_footer_link_color]]></wp:meta_key>
			<wp:meta_value><![CDATA[#777]]></wp:meta_value>
		</wp:postmeta>
		<wp:postmeta>
			<wp:meta_key><![CDATA[zoo_footer_link_color_hover]]></wp:meta_key>
			<wp:meta_value><![CDATA[#dc2f47]]></wp:meta_value>
		</wp:postmeta>
		<wp:postmeta>
			<wp:meta_key><![CDATA[zoo_footer_border_color]]></wp:meta_key>
			<wp:meta_value><![CDATA[#ebebeb]]></wp:meta_value>
		</wp:postmeta>
		<wp:postmeta>
			<wp:meta_key><![CDATA[zoo_footer_background_color]]></wp:meta_key>
			<wp:meta_value><![CDATA[#fff]]></wp:meta_value>
		</wp:postmeta>
		<wp:postmeta>
			<wp:meta_key><![CDATA[_wpb_shortcodes_custom_css]]></wp:meta_key>
			<wp:meta_value><![CDATA[.vc_custom_1502944246306{padding-top: 130px !important;padding-bottom: 135px !important;}]]></wp:meta_value>
		</wp:postmeta>
		<wp:postmeta>
			<wp:meta_key><![CDATA[_wxr_import_user_slug]]></wp:meta_key>
			<wp:meta_value><![CDATA[admin]]></wp:meta_value>
		</wp:postmeta>
		<wp:postmeta>
			<wp:meta_key><![CDATA[_edit_last]]></wp:meta_key>
			<wp:meta_value><![CDATA[1]]></wp:meta_value>
		</wp:postmeta>
		<wp:postmeta>
			<wp:meta_key><![CDATA[zoo_meta_page_header_template]]></wp:meta_key>
			<wp:meta_value><![CDATA[header-stack-center-two-1564019763]]></wp:meta_value>
		</wp:postmeta>
		<wp:postmeta>
			<wp:meta_key><![CDATA[zoo_meta_page_footer_template]]></wp:meta_key>
			<wp:meta_value><![CDATA[footer-copyright-center-1564105133]]></wp:meta_value>
		</wp:postmeta>
		<wp:postmeta>
			<wp:meta_key><![CDATA[_elementor_edit_mode]]></wp:meta_key>
			<wp:meta_value><![CDATA[builder]]></wp:meta_value>
		</wp:postmeta>
		<wp:postmeta>
			<wp:meta_key><![CDATA[_elementor_template_type]]></wp:meta_key>
			<wp:meta_value><![CDATA[post]]></wp:meta_value>
		</wp:postmeta>
		<wp:postmeta>
			<wp:meta_key><![CDATA[_elementor_version]]></wp:meta_key>
			<wp:meta_value><![CDATA[2.6.7]]></wp:meta_value>
		</wp:postmeta>
		<wp:postmeta>
			<wp:meta_key><![CDATA[_wp_page_template]]></wp:meta_key>
			<wp:meta_value><![CDATA[default]]></wp:meta_value>
		</wp:postmeta>
		<wp:postmeta>
			<wp:meta_key><![CDATA[_elementor_elements_usage]]></wp:meta_key>
			<wp:meta_value><![CDATA[a:5:{s:7:"heading";i:1;s:11:"text-editor";i:1;s:16:"clever-instagram";i:1;s:6:"column";i:1;s:7:"section";i:1;}]]></wp:meta_value>
		</wp:postmeta>
		<wp:postmeta>
			<wp:meta_key><![CDATA[_elementor_data]]></wp:meta_key>
			<wp:meta_value><![CDATA[[{"id":"67f11f6","elType":"section","settings":{"stretch_section":"section-stretched","layout":"full_width","margin":{"unit":"px","top":"100","right":0,"bottom":"100","left":0,"isLinked":true}},"elements":[{"id":"7b0d164","elType":"column","settings":{"_column_size":100,"padding":{"unit":"px","top":"0","right":"0","bottom":"0","left":"0","isLinked":true}},"elements":[{"id":"3747cb6","elType":"widget","settings":{"title":"Shop with Instagram","align":"center","title_color":"#252525","typography_typography":"custom","typography_font_size":{"unit":"px","size":55,"sizes":[]},"typography_font_weight":"500","_margin":{"unit":"px","top":"0","right":"0","bottom":"20","left":"0","isLinked":false},"typography_font_size_mobile":{"unit":"px","size":38,"sizes":[]}},"elements":[],"widgetType":"heading"},{"id":"1d10cbf","elType":"widget","settings":{"editor":"<p>New Style, New Color, Trending &amp; Unique for Fashion All product update in Instagram<\/p>","align":"center","_margin":{"unit":"px","top":"0","right":"0","bottom":"100","left":"0","isLinked":false}},"elements":[],"widgetType":"text-editor"},{"id":"265b347","elType":"widget","settings":{"title":"","username":"Style","number":12,"img_size":"large","show_comments":"","time_layout":"date"},"elements":[],"widgetType":"clever-instagram"}],"isInner":false}],"isInner":false}]]]></wp:meta_value>
		</wp:postmeta>
	</item>
</channel>
</rss>
